file,meeting_title,start_time,bucket,label,description,num_evidence,evidence_quotes,cross_bucket_flag,admin_noise_flag,canonical,generic_flag,llm_contamination,evidence_support,label_accuracy,issue,off_topic,quality_score
31021d17-6f04-4dcd-97d6-d45d8e625c28.json,Delaney - Reconnect - North Works Operations + Voxel,2022-11-17T20:00:00Z,safety_use_cases,Pinpoint hazard hotspots with Heat Maps to drive mitigations,"Use heat maps on specific cameras to see exactly where incidents (e.g., PIT-to-PIT and ergonomics risks) occur and then implement controls like stop signs, mirrors, or area re-engineering.",9,"And then the last, I think the most exciting thing is Heat Maps is now, it's going officially live to everybody at the end. | So this is an example from, you know, a customer of looking at their pit to pit on this exact camera. | But now you have that fourth layer of pinpoint. | I mean exactly where it's happening. | So you'll know exactly where your incidents are taking place on the camera overlay. | Yeah, was going to say that really drives your strategy for mitigation really well at that point because you could say, well, look, it's right here, this one junction. | We need to put in stop signs. | We need to put in mirrors. | It's been huge with Ergo.",True,False,Safety Heatmaps and Hotspot Analysis,False,False,5,5,,False,5.0
31021d17-6f04-4dcd-97d6-d45d8e625c28.json,Delaney - Reconnect - North Works Operations + Voxel,2022-11-17T20:00:00Z,safety_use_cases,Boards for targeted safety monitoring and trend detection,"Create sub-site boards by camera, shift, use case, and user so supervisors see only relevant incidents and can quickly spot trends like increases in no-stops or no‑ped‑zone violations.",6,"So basically boards is like a sub-site within a site. | So you can base a board based off of camera and or use case and or user and or time frame. | Second shift, these a few cameras put together based off these use cases, and only my second shift supervisors can see these boards. | Well, now it's going to spit out, hey, actually Tuesday at one, there's a 20-30% increase in no stops on this camera. | Hey, your no-ped zones are going up around Monday at 5 a.m.. | It gives you a good idea of, you know, really breaks it down at almost a granular level at that point.",True,False,Boards for targeted safety monitoring and trend detection,False,False,5,5,,False,5.0
31021d17-6f04-4dcd-97d6-d45d8e625c28.json,Delaney - Reconnect - North Works Operations + Voxel,2022-11-17T20:00:00Z,safety_use_cases,Assign and track corrective safety actions with owners and due dates,"Create actions from identified issues (e.g., safety vest non‑compliance), assign an owner and watchers, set due dates with reminders, and track status to ensure mitigation follow‑through.",9,"And then another thing we did was we created actions. | So, if you come in here and there's something you want to see that you want the whole team to take initiative on or certain sets of people to take initiative on, you can now come in here and create an action. | So like with a safety vest, right? | So let's say that I'm going to say Connor's the owner of this assignment or this action. | I really need Derek and David to be a visibility into this too. | And the one thing that I've loved the most is you can assign a due date. | So now you can create a due date, sends reminders. | And then you have a better flow of, hey, what's been assigned out, what's in progress, and what has actually been completed. | That helps really track and drive the mitigation part on the back end.",True,False,Actions Workflow and Coaching,False,False,5,5,,False,5.0
31021d17-6f04-4dcd-97d6-d45d8e625c28.json,Delaney - Reconnect - North Works Operations + Voxel,2022-11-17T20:00:00Z,nonsafety_use_cases,Boards for targeted monitoring and trend detection,"Use boards to segment data by shift, area, and use case, limit visibility by role, and surface trends quickly for faster time‑to‑insight.",6,"So basically boards is like a sub-site within a site. | So you can base a board based off of camera and or use case and or user and or time frame. | Second shift, these a few cameras put together based off these use cases, and only my second shift supervisors can see these boards. | Well, now it's going to spit out, hey, actually Tuesday at one, there's a 20-30% increase in no stops on this camera. | Hey, your no-ped zones are going up around Monday at 5 a.m.. | It gives you a good idea of, you know, really breaks it down at almost a granular level at that point.",True,False,Dashboard and UI Customization,False,False,5,3,Label correctly describes functionality but 'nonsafety_use_cases' bucket is questionable—evidence mentions safety events like 'no stops' and 'no-ped zones' which are safety-related monitoring.,False,4.0
31021d17-6f04-4dcd-97d6-d45d8e625c28.json,Delaney - Reconnect - North Works Operations + Voxel,2022-11-17T20:00:00Z,nonsafety_use_cases,Assign and track actions with owners and due dates,"Use Actions to assign tasks, add watchers, set due dates with reminders, and manage workflow from assigned to completed for accountability.",8,"And then another thing we did was we created actions. | So, if you come in here and there's something you want to see that you want the whole team to take initiative on or certain sets of people to take initiative on, you can now come in here and create an action. | So let's say that I'm going to say Connor's the owner of this assignment or this action. | I really need Derek and David to be a visibility into this too. | And the one thing that I've loved the most is you can assign a due date. | So now you can create a due date, sends reminders. | And then you have a better flow of, hey, what's been assigned out, what's in progress, and what has actually been completed. | That helps really track and drive the mitigation part on the back end.",True,False,Action Tracking and Accountability,False,False,5,3,Label is accurate but bucketed as 'nonsafety_use_cases' when action tracking for safety mitigations could be safety-related given the mention of 'mitigation' in the evidence,False,4.0
ab25c025-3c1d-4127-8784-51d4c905ea23.json,Stone Peak Manufacturing + Voxel Reconnect,2022-01-06T18:00:00Z,safety_use_cases,Material handling and ergonomics risk detection,"Detect and reduce material handling injuries and ergonomic risks (e.g., improper bends, overreach, handling heavy scrap bins or beams) before someone gets hurt.",3,"But no, our number one injury this year, and it kind of holds true since I've been here for several years now, is material handling. | So it's not so much about the war, it's about the rule, right? So an ergonomic, improper bend is an improper bend, an overreach is an overreach. | They're all metal that this woman is handling.",True,False,Ergonomic Risk Detection,False,False,5,5,,False,5.0
ab25c025-3c1d-4127-8784-51d4c905ea23.json,Stone Peak Manufacturing + Voxel Reconnect,2022-01-06T18:00:00Z,safety_use_cases,Forklift intersection compliance (no-stop) monitoring,Monitor forklifts to ensure complete stops at designated intersections to prevent collisions and near-misses.,2,"This is an example of no-stop intersections, right? | So, a forklift not coming to a complete stop where you wanted to before proceeding.",True,False,Intersection Stop Compliance,False,False,5,5,,False,5.0
ab25c025-3c1d-4127-8784-51d4c905ea23.json,Stone Peak Manufacturing + Voxel Reconnect,2022-01-06T18:00:00Z,safety_use_cases,Walking under suspended loads detection,"Detect workers walking under suspended loads (e.g., beams) and surface those events to enforce rules and prevent struck-by incidents.",2,"one thing that we just released, too, that would be of interest to you guys is walking under suspended load. | But we just released walking under suspended load, so I'm sure for your beams, right, that are moving, I'm sure it's a rule that they can't walk under those beams while they're suspended.",True,False,Suspended Load Hazard Detection,False,False,5,5,,False,5.0
ab25c025-3c1d-4127-8784-51d4c905ea23.json,Stone Peak Manufacturing + Voxel Reconnect,2022-01-06T18:00:00Z,safety_use_cases,Working at heights without harness detection,Monitor for workers at height without proper fall protection (safety harness) to prevent serious injuries.,1,Are folks working at heights without a safety harness?,True,False,Working at Heights Detection,False,False,5,5,,False,5.0
ab25c025-3c1d-4127-8784-51d4c905ea23.json,Stone Peak Manufacturing + Voxel Reconnect,2022-01-06T18:00:00Z,safety_use_cases,PPE compliance and laceration prevention,"Detect PPE non-compliance (e.g., missing gloves) to reduce injuries such as lacerations.",2,"You we really focus on three areas, the worker themselves, so ergo and PPE compliance. | So only things that we can help with, like material handling, like struck by, like lacerations with people not wearing their gloves.",True,False,PPE Compliance Monitoring,False,True,5,5,,False,5.0
ab25c025-3c1d-4127-8784-51d4c905ea23.json,Stone Peak Manufacturing + Voxel Reconnect,2022-01-06T18:00:00Z,safety_use_cases,No-pedestrian zones and obstruction control,Enforce no-pedestrian zones and identify obstructions left in restricted areas to reduce area-based hazards.,3,So no PED zone. | Obstructions. | Should something not be left somewhere for any amount of time?,True,False,No-pedestrian zones and obstruction control,False,False,4,4,,False,4.0
ab25c025-3c1d-4127-8784-51d4c905ea23.json,Stone Peak Manufacturing + Voxel Reconnect,2022-01-06T18:00:00Z,safety_use_cases,Enterprise safety analytics and summary view,"Provide enterprise-wide visibility into how often, when, and where safety risks occur across facilities via a summary view to target interventions.",3,"what we're pulling to the forefront for you guys is that enterprise visibility into how often, when, and where those things are happening. | for someone like you that oversees multiple facilities, as you go from one to many with Voxel, we have a summary view where all those sites feed into one, right? | And you have that common language of understanding that leading indicator of risk at any point in time.",True,False,Safety Analytics and Reporting,False,False,5,5,,False,5.0
ab25c025-3c1d-4127-8784-51d4c905ea23.json,Stone Peak Manufacturing + Voxel Reconnect,2022-01-06T18:00:00Z,nonsafety_use_cases,Enterprise safety analytics and summary view,"Provide enterprise-wide analytics on frequency, location, and timing of events via a summary view for cross-site visibility and decision-making.",3,"what we're pulling to the forefront for you guys is that enterprise visibility into how often, when, and where those things are happening. | for someone like you that oversees multiple facilities, as you go from one to many with Voxel, we have a summary view where all those sites feed into one, right? | And you have that common language of understanding that leading indicator of risk at any point in time.",True,False,Safety Analytics and Reporting,False,False,5,2,"Strong evidence support, but bucketed as 'nonsafety_use_cases' when the content explicitly describes tracking 'leading indicator of risk' which is safety-related analytics.",False,3.5
ab25c025-3c1d-4127-8784-51d4c905ea23.json,Stone Peak Manufacturing + Voxel Reconnect,2022-01-06T18:00:00Z,nonsafety_use_cases,Use historical data to support internal review,Use historical performance data to support an internal business case without getting into detailed financial assumptions.,3,"A lot of what we do is help customers have that internal conversation when spending is under more scrutiny. | We can use historical safety performance to show the likely impact without getting overly specific. | If you have multi-year facility data, we can use that to put something together for internal review.",True,False,Historical Data Review,False,False,5,3,Label should specify 'business case' or 'ROI justification' rather than generic 'internal review'; bucket may be incorrect as safety performance data is mentioned,False,4.0
684871c9-1839-49d4-bbde-6a752de7cf25.json,Prime Signal Materials / Voxel Sync ,2022-06-23T14:00:00Z,safety_use_cases,PIT/pedestrian interaction monitoring and reduction,"Use Voxel to identify and drive down high-risk forklift (hi-lo) and pedestrian interactions, and share learnings across sites.",3,"Yeah, so I think originally in Milltown Site, we were focused on high-loan pedestrian interaction, which this has been an awesome tool for us to really drive, to highlight it and drive those high-risk areas out. | Since I'm the Director of Ops for our fiber business unit, I've shared quite a bit of the high-low pedestrian interaction stuff that Milltown Site has done to the other sites. | And it's been very helpful at those other sites to reduce their high-low pedestrian interaction.",True,False,PIT-Pedestrian Proximity Monitoring,False,False,5,4,"Label says 'PIT/pedestrian interaction' but evidence only mentions 'high-low' (forklift) pedestrian interactions, not PITs specifically",False,4.5
684871c9-1839-49d4-bbde-6a752de7cf25.json,Prime Signal Materials / Voxel Sync ,2022-06-23T14:00:00Z,safety_use_cases,Ergonomics monitoring in molding cells,"Detect and analyze ergonomic risks (e.g., overreaching, improper bends) within molding cells, using new camera views and data to guide mitigation.",4,Now we're shifting our focus to ergonomic type stuff. | So we tweaked one of our cameras last week and we're starting to get data inside of a molding cell. | To see what type of ergonomic stuff we can pick up. | we had quite a few ergo issues in our Milltown Site facility last year.,True,False,Ergonomic Risk Detection,False,False,5,5,,False,5.0
684871c9-1839-49d4-bbde-6a752de7cf25.json,Prime Signal Materials / Voxel Sync ,2022-06-23T14:00:00Z,safety_use_cases,Working at heights detection (potential enable),Consider enabling Voxel’s working-at-heights detection to address additional safety risks not currently monitored.,2,"And keep me honest here, Kendall, we have not enabled working at heights at Prime Signal Materials yet, have we? | Correct. We do not have that live today. That's a newer use case, Blake, that we did not have when we first engaged with you all.",True,False,Working at Heights Detection,False,False,5,5,,False,5.0
684871c9-1839-49d4-bbde-6a752de7cf25.json,Prime Signal Materials / Voxel Sync ,2022-06-23T14:00:00Z,safety_use_cases,Safety monitoring for non-routine/PM tasks on fiber lines,"Address injuries occurring during non-routine or PM tasks on large fiber lines, which may require expanded camera coverage to capture risks.",5,"Yeah, right now we're working on non-routine tasks or non-standard tasks. | We've had a few reported injuries this year on our fiber lines. | That were from a, yeah, just call it line or team tasks, like PM-type activity that happens once a week, once a month, once every other week. | I don't know that this platform necessarily helps us with that because I'd have to have eight to several cameras set up. My fiber lines are very big and long, and one camera's not going to capture everything. | I would need probably seven or eight on that line.",True,False,Safety monitoring for non-routine/PM tasks on fiber lines,False,False,5,5,,False,5.0
684871c9-1839-49d4-bbde-6a752de7cf25.json,Prime Signal Materials / Voxel Sync ,2022-06-23T14:00:00Z,safety_use_cases,Action management and coaching workflow for safety remediation,"Use the Create Action workflow to assign, track, and complete safety coaching with email notifications and due dates, and measure impact via reporting markers.",4,"If you click on Create Action, this opens an entire feedback loop that can be tracked from start to finish. | Yep, that does go to email. | But specifically here, if you create an action, they'll be listed here under Assigned Actions. | When an action is completed, we put what's called a marker automatically in your system.",True,False,Actions Workflow and Coaching,False,False,5,5,,False,5.0
684871c9-1839-49d4-bbde-6a752de7cf25.json,Prime Signal Materials / Voxel Sync ,2022-06-23T14:00:00Z,safety_use_cases,Heatmaps to pinpoint hazard hotspots,"Leverage heat maps to identify within-camera hotspots for incidents like overreaching, then review clips and target interventions.",4,"Second is our heat mapping tool. | Within a camera view, what are the hot spots where this is occurring within? | there is an open heat map icon for the last about a month that will appear. | the shaded colored areas are going to show which particular areas within this view are the hotspots for this activity.",True,False,Safety Heatmaps and Hotspot Analysis,False,False,5,4,,False,4.5
684871c9-1839-49d4-bbde-6a752de7cf25.json,Prime Signal Materials / Voxel Sync ,2022-06-23T14:00:00Z,nonsafety_use_cases,Executive reporting for expansion decision,Compile Voxel-derived data and metrics into a presentation for executives to decide on expansion to other facilities.,3,"And I'm putting a presentation together for our executive team. | To decide if we want to spread this to other plants or not. | we do have the opportunity to hold what's called a more regular business review with customers. And typically what I bring to those calls is a deck where I review a lot of progress, opportunity areas, reporting from the dashboard, feature enhancements, which I think you could really just repurpose and share internally",True,False,Executive Expansion Reporting,True,False,5,5,,False,5.0
684871c9-1839-49d4-bbde-6a752de7cf25.json,Prime Signal Materials / Voxel Sync ,2022-06-23T14:00:00Z,nonsafety_use_cases,Action management and coaching workflow,"Adopt the Actions feature to assign, track, and report on remediation tasks with notifications and due dates as part of operational cadence.",4,"If you click on Create Action, this opens an entire feedback loop that can be tracked from start to finish. | Yep, that does go to email. | But specifically here, if you create an action, they'll be listed here under Assigned Actions. | When an action is completed, we put what's called a marker automatically in your system.",True,False,Action Tracking and Accountability,False,False,5,4,,False,4.5
684871c9-1839-49d4-bbde-6a752de7cf25.json,Prime Signal Materials / Voxel Sync ,2022-06-23T14:00:00Z,nonsafety_use_cases,Heatmaps analytics to prioritize focus,Use the platform’s heat maps and incident sorting to focus operational efforts on the highest-activity areas within views.,3,"Second is our heat mapping tool. | Within a camera view, what are the hot spots where this is occurring within? | there is an open heat map icon for the last about a month that will appear.",True,False,Heatmap Analytics,False,False,5,4,,False,4.5
684871c9-1839-49d4-bbde-6a752de7cf25.json,Prime Signal Materials / Voxel Sync ,2022-06-23T14:00:00Z,nonsafety_use_cases,Noise reduction via selective use case scoping,"Configure cameras with only the highest-priority detections (e.g., ergo only) and sort by severity to reduce alert noise across many cameras.",4,"And so my concern is that I start setting up all these cameras all over the place, then I get all this pinging and activity, and it's, how do you sort? What you need to go work on and prioritize it and all that little of stuff. | we have customers that do this. Kendall and I have a customer that has multiple cameras, only one use case on those cameras. It's no stops for pits because that's their biggest problem and that's their biggest risk. | So to keep the noise down, there's absolutely the opportunity to address just ergonomics on those if that's where the reported injuries are happening. | And then you can do a sort on only high severity, especially in proper bends and overreaches ergonomics.",True,False,Alert Volume Management,False,False,5,4,,False,4.5
5acbb9d9-77b9-4adb-bcd4-520dcb71a740.json,Trail Lift Works + Voxel - Deployment,2024-09-14T15:00:00Z,safety_use_cases,Forklift stop compliance at doors/intersections,Detect when PIT operators fail to make required full stops at roll-up doors or intersections to prevent collisions and near-misses.,2,"Are they stopping and starting where they're supposed to stop and start? Designated to stop and start? | We'll stop at the roll-up door before proceeding. This operator doesn't stop at all, right? They actually hit the door. Doink. They then move forward. They almost hit someone else.",False,False,Intersection Stop Compliance,False,False,5,5,,False,5.0
5acbb9d9-77b9-4adb-bcd4-520dcb71a740.json,Trail Lift Works + Voxel - Deployment,2024-09-14T15:00:00Z,safety_use_cases,PIT speed monitoring (forklifts and yard trucks),Monitor vehicle speeding for forklifts inside and trucks outside to reduce high-severity incidents.,1,"So we do things like, is the forklift going too fast? Is the truck outside going too fast?",False,False,Forklift Speed Monitoring,False,False,5,4,,False,4.5
5acbb9d9-77b9-4adb-bcd4-520dcb71a740.json,Trail Lift Works + Voxel - Deployment,2024-09-14T15:00:00Z,safety_use_cases,PIT-to-pedestrian proximity alerts,Alert when a moving PIT comes within an unsafe distance of a pedestrian to reduce strike risks.,3,"So like I said, pit proximity, guys, we do pit to pedestrian and pit to pit. | The rule is basically there's a three-foot halo around the moving pit. | If they come within three feet of another person, it gets triggered.",False,False,PIT-Pedestrian Proximity Monitoring,False,False,5,5,,False,5.0
5acbb9d9-77b9-4adb-bcd4-520dcb71a740.json,Trail Lift Works + Voxel - Deployment,2024-09-14T15:00:00Z,safety_use_cases,PIT-to-PIT proximity and congestion detection,"Detect PIT-to-PIT near misses and collisions, identify congestion hot spots, and enable traffic pattern changes to lower risk.",2,"basically, guys, we have four pits trying to go through the same door. Doink, they actually hit each other. | Creating a circular travel pattern. Guess what happened overnight? Their pit-to-pit triggers from Voxel fell off a cliff.",False,False,PIT-to-PIT Proximity Monitoring,False,False,5,5,,False,5.0
5acbb9d9-77b9-4adb-bcd4-520dcb71a740.json,Trail Lift Works + Voxel - Deployment,2024-09-14T15:00:00Z,safety_use_cases,Ergonomics: overreaching detection,"Detect overreaching (e.g., tippy-toe stacking) to coach safer material handling and adjust stacking policies.",2,"Overreaching. This individual down here is going to get on their tippy toes, stacking a wood pallet. | if we just don't let them stack the wood pallets this high, let's see what happens. They're overreaching in this area, fell off a cliff.",False,False,Ergonomic Risk Detection,False,False,5,5,,False,5.0
5acbb9d9-77b9-4adb-bcd4-520dcb71a740.json,Trail Lift Works + Voxel - Deployment,2024-09-14T15:00:00Z,safety_use_cases,Ergonomics: improper bend detection,Identify improper bending during lifts to reduce musculoskeletal injuries.,1,"Improper bends, guys, same premise, just going the other direction.",False,False,Ergonomic Risk Detection,False,False,3,4,Evidence quote is very brief and lacks detail about the specific use case or context for bending detection during lifts.,False,3.5
5acbb9d9-77b9-4adb-bcd4-520dcb71a740.json,Trail Lift Works + Voxel - Deployment,2024-09-14T15:00:00Z,safety_use_cases,"Obstruction detection in exits, extinguishers, and walkways","Monitor for blocked emergency exits, fire extinguishers, pedestrian walkways, and items protruding over safety lines to prevent unsafe detours and egress hazards.",4,"Basically guys, I call it clutter detection, should something never be left somewhere. | We don't want an emergency exit blocked, and or the fire extinguisher. | We've used this a lot at Pioneer Market Group, like laser etched pedestrian walkways. We don't want product left in there, so then they veer out into the busy walkways. | They don't want stuff over too far over the yellow line. This individual came and left a pallet too far over the yellow line. It's now an obstruction in their freeway.",False,False,Obstruction and Egress Monitoring,False,False,5,5,,False,5.0
5acbb9d9-77b9-4adb-bcd4-520dcb71a740.json,Trail Lift Works + Voxel - Deployment,2024-09-14T15:00:00Z,safety_use_cases,No-pedestrian zone enforcement,Detect pedestrians in designated no-walk zones to reduce exposure to vehicle and equipment hazards.,1,"Area controls. Things like no pedestrian zones, obstructions. Should someone never be somewhere?",False,False,No-pedestrian zone enforcement,False,False,5,5,,False,5.0
5acbb9d9-77b9-4adb-bcd4-520dcb71a740.json,Trail Lift Works + Voxel - Deployment,2024-09-14T15:00:00Z,safety_use_cases,Data-driven hotspot analysis for safety risk,"Use ‘how often, when, and where’ analytics to pinpoint high-risk locations and times for targeted coaching or procedural changes.",3,"we take a data-driven approach here first and foremost... how often, when, and where these things are taking place. | over the last about a month, hundreds of no-stops approaching 50-60% are happening at Dr. 12. | now we're mapping over the last about a month, Thursday through Wednesday, all several hours of the day, when these no-stops are taking place.",False,False,Data-driven hotspot analysis for safety risk,False,False,5,5,,False,5.0
5acbb9d9-77b9-4adb-bcd4-520dcb71a740.json,Trail Lift Works + Voxel - Deployment,2024-09-14T15:00:00Z,safety_use_cases,Use clips for safety coaching and training,"Leverage captured clips to assign actions, coach individuals, and use examples in team training sessions.",1,"whether it's coaching, whether it's, hey, I want to use this in my next training session with the team, right?",False,False,Safety Video Coaching and Training,False,False,5,5,,False,5.0
5acbb9d9-77b9-4adb-bcd4-520dcb71a740.json,Trail Lift Works + Voxel - Deployment,2024-09-14T15:00:00Z,safety_use_cases,"Surface secondary hazards (e.g., working at heights without fall protection)",Identify additional safety hazards present in clips flagged for another issue to broaden corrective actions.,1,this came into Voxel for an improper bend. But it's probably worth addressing more than the fact that these two thought it was a good idea to send this individual eight feet up in the air with no safety harness.,False,False,Working at Heights Detection,False,False,5,5,,False,5.0
5acbb9d9-77b9-4adb-bcd4-520dcb71a740.json,Trail Lift Works + Voxel - Deployment,2024-09-14T15:00:00Z,nonsafety_use_cases,"Reduce property damage, equipment repair costs, and product shrink from PIT incidents",Use detection of no-stops and PIT collisions to reduce damage to doors and equipment and minimize product shrink.,2,"I may have property damage. The door might be broken. I may have equipment repair needed on the pit for hitting the door. | And if those two did hit each other, this product is now shrink on some level, right?",False,False,Product Damage and Shrink Reduction,False,False,5,3,Label categorized as 'nonsafety_use_cases' but reducing PIT collisions and equipment damage has clear safety implications,False,4.0
5acbb9d9-77b9-4adb-bcd4-520dcb71a740.json,Trail Lift Works + Voxel - Deployment,2024-09-14T15:00:00Z,nonsafety_use_cases,Accelerate incident investigations with timestamps,Use Voxel’s timestamps to quickly locate relevant footage in the VMS and avoid hours of manual video review.,3,"And that's when you go back to your camera system and spend a couple of hours of your life, maybe more, trying to figure out when the heck that mark got on your door. | we timestamp everything. | So, you know exactly where you're going.",False,False,Video Footage Retrieval,False,False,5,3,Label categorized as 'nonsafety_use_cases' but incident investigation is typically a safety-related activity in workplace contexts,False,4.0
5acbb9d9-77b9-4adb-bcd4-520dcb71a740.json,Trail Lift Works + Voxel - Deployment,2024-09-14T15:00:00Z,nonsafety_use_cases,Obstruction detection for Federal Safety Bureau compliance and fines avoidance,Monitor for blocked egress and fire extinguisher access to maintain compliance and avoid regulatory fines.,1,"We don't want an emergency exit blocked, and or the fire extinguisher. If Federal Safety Bureau was walking through this facility, that's a fine, right?",False,False,Obstruction Detection and Compliance,False,False,5,3,Label bucketed as 'nonsafety_use_cases' but obstruction detection for emergency exits and fire safety equipment is inherently a safety use case,False,4.0
3a43e278-01b9-4daf-9ee7-978f585cf978.json,(ext) Voxel | Falcon Point Fabrication (LP brief),2024-02-28T19:30:00Z,safety_use_cases,Working at heights hazard detection in mills,"Detect and surface unsafe elevated work behaviors such as climbing on machines/guards, going under machinery without proper controls, and stepping hazards around logs.",5,"But we've got some new use cases surrounding working at heights. | And so working at heights brings about a plethora of, I won't say notification, but incidents, near-miss incidents to us. | And what we have found with that working at heights, we have found people climbing on machines, on machine guards, climbing underneath machines while they're not locked out, tagged out, stepping where they could have broken an ankle on parts of these logs. | And like, there's a lot of working at elevated heights with the railings and everything, of course, right? | But they're up on scaffolding and watching these machines.",True,False,Working at Heights Detection,False,False,5,4,,False,4.5
3a43e278-01b9-4daf-9ee7-978f585cf978.json,(ext) Voxel | Falcon Point Fabrication (LP brief),2024-02-28T19:30:00Z,safety_use_cases,LOTO compliance and jam-clearing risk monitoring,Monitor and prevent workers from intervening in jammed machinery without proper energy isolation to avoid catastrophic injuries.,5,"climbing underneath machines while they're not locked out, tagged out | Yeah, the problem comes in when something jams. | Then it's like, do I quick get up there and yank that board out of there? | Or do I go through the whole, you know, energy isolation process? | And that's where we've been able to show a lot of value around preventing those catastrophic injuries within this specific industry as well.",True,False,Lockout/Tagout Compliance Monitoring,False,False,5,5,,False,5.0
3a43e278-01b9-4daf-9ee7-978f585cf978.json,(ext) Voxel | Falcon Point Fabrication (LP brief),2024-02-28T19:30:00Z,safety_use_cases,SIF/CIF precursor and serious-risk detection,Identify serious injury and fatality-related precursors and potential injuries early to enable prevention.,1,"And within the first about a month of turning our solution on there, we found over, I think it was six CIF-related and like potential injuries that were preventable with the Voxel solution.",True,False,Incident Severity Scoring and Prioritization,False,False,5,5,,False,5.0
3a43e278-01b9-4daf-9ee7-978f585cf978.json,(ext) Voxel | Falcon Point Fabrication (LP brief),2024-02-28T19:30:00Z,safety_use_cases,Leading indicator and behavior change tracking,Track reductions in leading indicators of risk and observe modified worker behaviors to quantify safety culture improvements.,1,"The leading indicators of risk or being able to witness modified behaviors, you know, seeing that workers are now choosing to do something more safely by utilizing tools that are available to them to, you know, reduce risk is really powerful.",True,False,Impact Measurement and Trend Analysis,False,False,5,5,,False,5.0
3a43e278-01b9-4daf-9ee7-978f585cf978.json,(ext) Voxel | Falcon Point Fabrication (LP brief),2024-02-28T19:30:00Z,safety_use_cases,Machine shutdown use case (safety),Discuss a possible machine shutdown workflow with safety as the main priority.,2,"However, safety is our main priority. | A machine shutdown workflow is one example of an area we may explore.",True,False,Machine Shutdown Use Case,True,False,3,3,"Evidence shows safety priority and mentions machine shutdown as a possible exploration area, but does not confirm an actual discussion of a workflow took place.",False,3.0
3a43e278-01b9-4daf-9ee7-978f585cf978.json,(ext) Voxel | Falcon Point Fabrication (LP brief),2024-02-28T19:30:00Z,nonsafety_use_cases,Operational productivity and safety program efficiency gains,"Improve operational productivity by reducing lost time and identify efficiency gains in administering safety programs, correlating pre- and post-implementation costs.",6,"From an operational standpoint, you know, over time we can certainly prove out productivity gains. | Generally those are, you know, more related to workers being at work and not actually being out, you know, due to suffering a lost time injury. | But also we can generally identify savings around kind of like the efficiency gains associated with managing safety. | we're often able to, you know, correlate what the cost of that program was to administer in a pre and a post-Voxel state. | how can they be more efficient? | How can they be more productive?",True,False,Warehouse Productivity Optimization,False,False,5,3,"Label should be bucketed as 'safety_use_cases' since productivity gains derive from reducing lost time injuries, a safety outcome",False,4.0
3a43e278-01b9-4daf-9ee7-978f585cf978.json,(ext) Voxel | Falcon Point Fabrication (LP brief),2024-02-28T19:30:00Z,nonsafety_use_cases,Machine shutdown use case (operations),Discuss a possible machine shutdown workflow to support operational objectives.,3,"A machine shutdown workflow is one example of an area we may explore. | But at the end of the day, the operation really has to buy into the solution to make it work. | And so we've really found some key use cases for the operation that has really got their interest.",True,False,Equipment Shutdown Detection,False,False,2,3,Evidence only vaguely mentions machine shutdown as 'one example' without details; quotes mainly discuss operational buy-in generically rather than proving this specific use case,False,2.5
edc1276d-8486-4554-b8e5-0dfd4ffc3882.json,Kelsey Everett Technical Deep Dive - Voxel AI,2022-12-05T20:00:00Z,safety_use_cases,Working at heights detection,"POC focus on detecting and alerting for working-at-heights activities/violations, with tuned clip durations and appropriate camera placement.",3,"And the POC is mostly working at heights, so I think we should be hyper-specific for our before and after there. | know that Aaron's told me previously that the scope for the POC is just working at heights, | It's primarily working at height, so there's some nuance to the placement of those cameras in terms of, you know, what you want to look at and what angle you want to look at things so that you can, you know, have the most accurate, you know, and most precise experience possible.",False,False,Working at Heights Detection,False,False,5,5,,False,5.0
edc1276d-8486-4554-b8e5-0dfd4ffc3882.json,Kelsey Everett Technical Deep Dive - Voxel AI,2022-12-05T20:00:00Z,safety_use_cases,Forklift–pedestrian near-miss detection,Monitor forklift safety to detect and review near misses between forklifts and pedestrians; enable this incident type on selected cameras during the POC.,2,"one of the videos you guys sent as part of the RFP process, was the forklift pedestrian near misses, we're happy to kind of enable those so you can see it. | Our software kind of comes with all of our use cases, like forklift safety and ergonomics.",False,False,PIT-Pedestrian Proximity Monitoring,False,False,5,5,,False,5.0
edc1276d-8486-4554-b8e5-0dfd4ffc3882.json,Kelsey Everett Technical Deep Dive - Voxel AI,2022-12-05T20:00:00Z,safety_use_cases,No‑pedestrian zone intrusion,"Detect when people enter designated no‑pedestrian zones (e.g., around rollers), with configurable duration thresholds.",2,"we say, hey, this region, the camera, nobody's supposed to be walking in it. So it's called the no-ped zone. | Usually it's like, hey, a noped zone is a very specific, very prescriptive one, like rollers or something.",False,False,No‑pedestrian zone intrusion,False,False,5,4,,False,4.5
edc1276d-8486-4554-b8e5-0dfd4ffc3882.json,Kelsey Everett Technical Deep Dive - Voxel AI,2022-12-05T20:00:00Z,safety_use_cases,Obstruction/blocking pathway detection,Identify when pathways are blocked and measure how long obstructions persist to support clearance and egress safety.,1,"Some of the longer videos that we see are routinely around obstructions because you not only want to track and identify that something is blocking a pathway, but maybe how long it's been.",False,False,Obstruction and Egress Monitoring,False,False,5,5,,False,5.0
edc1276d-8486-4554-b8e5-0dfd4ffc3882.json,Kelsey Everett Technical Deep Dive - Voxel AI,2022-12-05T20:00:00Z,safety_use_cases,Spill detection,Detect spill events as safety incidents and capture relevant video clips for review.,1,"I know we used to do longer for certain types, like for a spill, would be sitting there for like hours, and so we'd give you like a five-minute clip, but that just gave additional load for no real benefit, and so we've trimmed that down a bit,",False,False,Spill Detection and Monitoring,False,False,4,4,,False,4.0
edc1276d-8486-4554-b8e5-0dfd4ffc3882.json,Kelsey Everett Technical Deep Dive - Voxel AI,2022-12-05T20:00:00Z,safety_use_cases,Ergonomics risk detection,Monitor ergonomics-related risks as part of the platform’s available incident types.,1,"Our software kind of comes with all of our use cases, like forklift safety and ergonomics.",False,False,Ergonomic Risk Detection,False,False,5,5,,False,5.0
edc1276d-8486-4554-b8e5-0dfd4ffc3882.json,Kelsey Everett Technical Deep Dive - Voxel AI,2022-12-05T20:00:00Z,nonsafety_use_cases,No‑parking zone enforcement,Alert when vehicles or equipment are parked in restricted zones longer than a set threshold to support site compliance.,2,"We'd enable certain incident types. Like for example, I mentioned a no pedestrian zone or a no parking zone. | So like, hey, if you're parked in this area for more than 10 seconds, then give me an incident, right?",False,False,No-Parking Zone Enforcement,False,False,5,3,"Label categorized as 'nonsafety_use_cases' but no-parking zone enforcement can have significant safety implications (e.g., blocking emergency access, fire lanes).",False,4.0
a7293f69-af12-41b7-bfa9-a904e3bffa11.json,Meridian Works Operations MMS / Voxel - site safety touch base,2024-11-13T13:30:00Z,nonsafety_use_cases,Sensitive-inventory monitoring pilot,"Meridian Works Operations has a specific maintenance need, and the team discussed an early-stage pilot to address it.",6,"We're going to do a pilot. | The timing is still being worked through. | of what that will entail, but they had a very specific maintenance need, and we are exploring ways to support it. | So we put together an early concept to review last week, and we'll keep working on it. | And so, but the maintenance kind of issue came up as top priority. | So we put together a way to meet that.",False,True,Sensitive Inventory Monitoring,False,False,2,2,Evidence mentions 'maintenance need' repeatedly but never confirms inventory monitoring; label claims 'Sensitive-inventory monitoring' but no evidence supports inventory or sensitivity aspects specifically.,False,2.0
62eb5dc9-c22f-4846-92dd-07743da36faf.json,Voxel Follow Up,2024-06-07T17:00:00Z,safety_use_cases,Dock PIT and pedestrian safety monitoring,"Reduce high-risk incidents on the dock by focusing on PIT-to-PIT and PIT-to-person proximity and related behaviors (e.g., keeping aisles clear, speeding), with trends showing improvement.",4,"What we started focusing on in the tool to get some quick wins was to really go after our dock safety when it came to pit on pit, PIV on PIV, part of industrial vehicles, interactions. | So we did have in there that the pit-to-pit focus started on December 26th, and I can't think that then you focused on keeping those aisles clear. | And now you can see that data is trending down for your pit-to-pit proximity, as well as even person-to-pit is really starting on that downward trend. | the number of incidents that we're seeing through the computer vision AI as it relates to pit to pit, pit to pedestrian, vehicle speeding, all of those are trending in the right direction.",True,False,PIT-Pedestrian Proximity Monitoring,False,False,5,5,,False,5.0
62eb5dc9-c22f-4846-92dd-07743da36faf.json,Voxel Follow Up,2024-06-07T17:00:00Z,safety_use_cases,"Ergonomic risk reduction (overreaches, improper bends)",Identify and reduce ergonomic risks like overreaching and improper bends by changing processes such as pallet stack configuration and coaching proper lifting to lower strain injuries.,4,"We got our pallet stack that's 16 tall, you know, pulling down, reaching, we're, you know, putting a lot of strain on the body to pull that a heavy load pallet down. | Well, if we have that pallet stack now with two pallets, eight and eight, it's not perfect, but it's going to be much more at an ergonomic, safe zone, and you're not having to reach really high up. | Can we do something like the pallet stack, or is it coaching employees to remind themselves about proper lifting techniques? | every single trend is in a positive direction, other than ergo, other than right now overreaching.",True,False,Ergonomic Risk Detection,False,False,5,5,,False,5.0
62eb5dc9-c22f-4846-92dd-07743da36faf.json,Voxel Follow Up,2024-06-07T17:00:00Z,safety_use_cases,Track intervention impact with platform markers,"Use markers in the platform when training or floor changes occur to compare pre/post data and show trend impacts, including for future ergonomic initiatives.",4,"One of the things that we have been asking, and that we need to make sure that we are on top of, is we can add a marker. | So when they actually put in training, or if there is something that they are doing on the floor, we can add a marker. | And that way we can see, what did the data look like before, and now what does the data look like now? | So this is what a marker would look like, and what we could do when you do focus on ergo, we could put those in and be able to show you those trends.",True,False,Intervention Impact Tracking,False,False,5,5,,False,5.0
62eb5dc9-c22f-4846-92dd-07743da36faf.json,Voxel Follow Up,2024-06-07T17:00:00Z,safety_use_cases,Assign and track corrective actions in platform to remove hazards,"Leverage the Actions workflow to create, assign, and track hazard mitigation tasks with timelines (e.g., removing obstructions causing forklift pinch points) to reduce PIT interactions.",1,"So if I say, hey, I noticed that I've got something that's constantly creating a pinch point with the forklifts, and I want those obstructions moved in the next several hours, and I assign it to an individual, and I can track it, and I can check it off as it's completed, and we can see if, in fact, those pinch points result in fewer pit-to-pit interactions.",True,False,Actions Workflow and Coaching,False,False,5,5,,False,5.0
62eb5dc9-c22f-4846-92dd-07743da36faf.json,Voxel Follow Up,2024-06-07T17:00:00Z,safety_use_cases,Use heatmaps and claims data to target injury reductions,Identify ergonomic hot spots via dashboard heatmaps and align with workers’ comp claim patterns to focus interventions and validate reductions over time.,4,"I know I can go into the dashboard today and see a heat map on overreaches in a certain area and say there's a hot spot. | And so if we're seeing. | Getting some injuries or claims around shoulder injuries or strains or repetitive motion, I think we can certainly hone in on where those incidents are occurring via the platform | Or if several months down the road, we would compare to see if our injuries by that type of accident are declining.",True,False,Safety Heatmaps and Hotspot Analysis,False,False,5,5,,False,5.0
62eb5dc9-c22f-4846-92dd-07743da36faf.json,Voxel Follow Up,2024-06-07T17:00:00Z,safety_use_cases,Gamify safety performance to drive adoption and outcomes,"Use incentives and competition at the shift level to motivate safe behaviors and engagement with the platform, aiming to reduce incidents.",3,"From a gamification, I know that's one of the things that we've often done is, you know, you may have some incentives. | Hey, you know, for each shift that may not be applicable, but doesn't have any stop signs that are blown. | Yeah, I'm sure that there's ways that is, if we got Seth Spine, that he can incentivize his people, not in immaterial ways, but make it sort of like a sports or like a competition type thing, and then they actually see hard savings down the road.",True,False,Safety Gamification and Displays,False,False,5,5,,False,5.0
62eb5dc9-c22f-4846-92dd-07743da36faf.json,Voxel Follow Up,2024-06-07T17:00:00Z,nonsafety_use_cases,Evaluate value using claims and injury trends,Assess program value by reviewing claims context alongside injury trends over time.,4,"That was one of the things that Doug wanted to get a better handle on. | an average work comp claim is about REDACTED to REDACTED. | And if we were to prevent a few injuries, at least with Plant City, it pays for itself | on average, REDACTED per injury, so two to three, two and a half to a few injuries avoided typically will pay for itself.",True,False,Workers' Comp and Insurance,False,False,2,2,"Evidence discusses ROI calculation and cost justification, not evaluating value through claims context and injury trends; label suggests ongoing trend analysis but evidence shows basic cost-benefit math for purchase decision",False,2.0
62eb5dc9-c22f-4846-92dd-07743da36faf.json,Voxel Follow Up,2024-06-07T17:00:00Z,nonsafety_use_cases,Broaden platform engagement via role-based access and targeted boards,Increase adoption by involving supervisors and broader teams with contributor roles and shift/incident-specific boards so each leader sees only relevant items and can review quickly.,5,"We've got six, eight, ten people with login that can come in, can make an observation, can give a positive comment, can maybe provide some insights on what they're seeing. | We now have a contributor role where they're only seeing what you guys want them to see. | Yesterday has had all cameras now on that board showing for pit to pit. | But we can separate it by shift. | Yeah, that may make it more manageable for, you know, if we're trying to push things down to leaders to say, hey, a leader's going to log in and he's only going to see things that impact his shift.",True,False,Platform Adoption Analytics,False,False,5,3,Label accurately describes functionality but may be miscategorized as 'nonsafety' when role-based access to incident/observation boards appears to be safety-related platform engagement.,False,4.0
62eb5dc9-c22f-4846-92dd-07743da36faf.json,Voxel Follow Up,2024-06-07T17:00:00Z,nonsafety_use_cases,Protect privacy via body blurring to support wider use,Enable anonymized video with body blurring so more users can engage with the platform without recognizing individuals.,1,We can even go into body blurring if we want them to anonymize completely so that there's no recognition of individuals.,True,False,Privacy Protection Features,False,False,3,3,Evidence mentions body blurring for anonymization but doesn't clearly support 'wider use' or enabling 'more users to engage'; label overstates impact based on available quote,False,3.0
62eb5dc9-c22f-4846-92dd-07743da36faf.json,Voxel Follow Up,2024-06-07T17:00:00Z,nonsafety_use_cases,Track intervention impact with platform markers,Add markers when training or floor changes happen to compare pre/post data and quantify effect on safety trends for reporting and decision-making.,3,"So when they actually put in training, or if there is something that they are doing on the floor, we can add a marker. | And that way we can see, what did the data look like before, and now what does the data look like now? | So this is what a marker would look like, and what we could do when you do focus on ergo, we could put those in and be able to show you those trends.",True,False,Intervention Impact Tracking,False,False,5,2,Label bucketed as 'nonsafety_use_cases' but adding markers to track safety trend changes from training/floor interventions is directly safety-related,False,3.5
62eb5dc9-c22f-4846-92dd-07743da36faf.json,Voxel Follow Up,2024-06-07T17:00:00Z,nonsafety_use_cases,Assign and track corrective actions in platform,"Use the Actions workflow to create, assign, and track tasks with ownership and timelines, driving timely resolution and measurable impact.",2,"Actions is the new capability that not only allows you to comment on something, but you actually create a workflow within the platform on resolving, on communicating, on coaching, on changing, and having it assigned to individuals and others that can observe and putting. | So if I say, hey, I noticed that I've got something that's constantly creating a pinch point with the forklifts, and I want those obstructions moved in the next several hours, and I assign it to an individual, and I can track it, and I can check it off as it's completed, and we can see if, in fact, those pinch points result in fewer pit-to-pit interactions.",True,False,Action Tracking and Accountability,False,False,5,3,"Label categorized as 'nonsafety_use_cases' but evidence clearly describes safety-related corrective actions (forklift pinch points, pit-to-pit interactions)",False,4.0
62eb5dc9-c22f-4846-92dd-07743da36faf.json,Voxel Follow Up,2024-06-07T17:00:00Z,nonsafety_use_cases,Use heatmaps and claims data to target and validate impact,Combine dashboard heatmaps with workers’ comp data to prioritize areas and validate reductions over time for reporting and ROI.,3,"I know I can go into the dashboard today and see a heat map on overreaches in a certain area and say there's a hot spot. | Getting some injuries or claims around shoulder injuries or strains or repetitive motion, I think we can certainly hone in on where those incidents are occurring via the platform | Or if several months down the road, we would compare to see if our injuries by that type of accident are declining.",True,False,Heatmap Analytics,False,False,5,3,Bucketed as 'nonsafety_use_cases' but this is clearly a safety use case - using injury/claims data with heatmaps to reduce workplace injuries is core safety work.,False,4.0
62eb5dc9-c22f-4846-92dd-07743da36faf.json,Voxel Follow Up,2024-06-07T17:00:00Z,nonsafety_use_cases,Gamify adoption and safety behaviors,"Apply incentives and competition at the shift level to drive engagement with the platform and adherence to safe practices, supporting culture change and performance.",3,"From a gamification, I know that's one of the things that we've often done is, you know, you may have some incentives. | Hey, you know, for each shift that may not be applicable, but doesn't have any stop signs that are blown. | Yeah, I'm sure that there's ways that is, if we got Seth Spine, that he can incentivize his people, not in immaterial ways, but make it sort of like a sports or like a competition type thing, and then they actually see hard savings down the road.",True,False,Gamification and Engagement,False,False,5,3,Label is correctly supported but bucketed as 'nonsafety_use_cases' when gamification is explicitly tied to safety behaviors (no stop sign violations) - should likely be safety-related,False,4.0
45f8972e-4307-4256-adf1-45ca7a833e72.json,Voxel + Cleo Sloane Reconnect,2023-12-10T18:30:00Z,safety_use_cases,PPE compliance monitoring,Use camera analytics to detect when teams remove required PPE when unobserved and address it proactively rather than punitively.,4,"And by the Big Brother side of it is, I need to know if we have a cell of people that as soon as the door's shut, they're not wearing their PPE. | So I can more organically address that. | Well, and I think that we do have a culture of cameras here already. | Yeah, I mean, that's exactly where ergonomics, forklift safety, PPE detection, obstructions, we call it no pedestrian zones, areas that you don't want people to be",True,False,PPE Compliance Monitoring,False,True,5,4,,False,4.5
45f8972e-4307-4256-adf1-45ca7a833e72.json,Voxel + Cleo Sloane Reconnect,2023-12-10T18:30:00Z,safety_use_cases,Ergonomics detection and real-time coaching (reduce injuries and costs),Recognize poor ergonomics and lifting techniques and enable near real-time coaching to reduce numerous ergonomic injuries and associated costs.,5,"it seems like I remember you had the abilities to recognize. We poor ergonomics, poor lifting techniques. | We have a lot of ergonomic issues here, and we have a lot of manual work here. | And just being able to call that out and do corrections almost in real time would be fantastic. | I will also tell you that a large share of those cases are nonspecific ergonomic injuries that resulted in work restrictions or stronger treatment. | So, knocking out several injuries that are from poor ergonomics or questionable ergonomics is not cheap, right? That saves us money, so that would be good.",True,False,Ergonomics and Injury Prevention,False,False,5,5,,False,5.0
45f8972e-4307-4256-adf1-45ca7a833e72.json,Voxel + Cleo Sloane Reconnect,2023-12-10T18:30:00Z,safety_use_cases,Forklift/PIT and pedestrian safety monitoring (including no pedestrian zones),Monitor powered industrial truck operations and enforce no pedestrian zones to reduce vehicle-related risks across multiple forklift types.,6,"Yeah, I mean, that's exactly where ergonomics, forklift safety, PPE detection, obstructions, we call it no pedestrian zones, areas that you don't want people to be | Lots of different styles, too. | So we'll have walk behinds. | We'll have walk behind stackers, forklifts. | Stand-up lifts, sit-down lifts. | We have a lot of vehicles.",True,False,PIT-Pedestrian Proximity Monitoring,False,False,5,5,,False,5.0
45f8972e-4307-4256-adf1-45ca7a833e72.json,Voxel + Cleo Sloane Reconnect,2023-12-10T18:30:00Z,safety_use_cases,EHS management software adoption,Revisit procuring an EHS management software once budgets are released to improve safety management processes.,2,It sounds like a lot of the stuff we had on hold that would have been ancillary and not necessarily productivity-related is going to be back on the table. | So I had been on hold for an EHS management software.,True,False,EHS Management Software Adoption,True,False,5,5,,True,5.0
45f8972e-4307-4256-adf1-45ca7a833e72.json,Voxel + Cleo Sloane Reconnect,2023-12-10T18:30:00Z,safety_use_cases,Camera enhancements for safety oversight (Voxel-like),Evaluate camera enhancements similar to Voxel to expand oversight and safety monitoring when capital becomes available.,2,I'd been on hold for some sort of camera enhancements similar to what you – exactly to what you guys are doing because I've seen your product and I like it. | There would be a lot of benefit to having more oversight.,True,False,Camera Enhancements for Safety,True,False,5,4,,False,4.5
45f8972e-4307-4256-adf1-45ca7a833e72.json,Voxel + Cleo Sloane Reconnect,2023-12-10T18:30:00Z,nonsafety_use_cases,Ergonomics detection and real-time coaching (reduce injuries and costs),Recognize poor ergonomics and lifting techniques and enable near real-time coaching to reduce numerous ergonomic injuries and associated costs.,5,"it seems like I remember you had the abilities to recognize. We poor ergonomics, poor lifting techniques. | We have a lot of ergonomic issues here, and we have a lot of manual work here. | And just being able to call that out and do corrections almost in real time would be fantastic. | I will also tell you that a large share of those cases are nonspecific ergonomic injuries that resulted in work restrictions or stronger treatment. | So, knocking out several injuries that are from poor ergonomics or questionable ergonomics is not cheap, right? That saves us money, so that would be good.",True,False,Ergonomics and Injury Prevention,False,False,5,2,"Label is miscategorized - ergonomics detection to reduce injuries is a safety use case, not nonsafety",False,3.5
45f8972e-4307-4256-adf1-45ca7a833e72.json,Voxel + Cleo Sloane Reconnect,2023-12-10T18:30:00Z,nonsafety_use_cases,Build business case and drive cultural/retention benefits with Voxel,Develop a business case for Voxel that quantifies ROI from reduced injury costs and leverages Voxel to improve culture and employee retention.,5,"I'm just transparently asking just because, obviously, one part of it is helping you guys build out a business case, too. | there's ROI in multiple aspects of it from an operational standpoint, from just a culture standpoint in general. | I think there's definitely ways for Voxel to help in that standpoint and improving employee retention. | maybe how can we make it more positive and how can we leverage Voxel to do that and get people that want to come to work, you know? | there's a cost associated with every single injury we have, and none of them are insignificant.",True,False,Business Case Development,True,False,5,3,"Label should be bucketed as 'safety_use_cases' since ROI from injury reduction and retention are legitimate safety-adjacent business outcomes, not non-safety uses",False,4.0
d3934fd4-3e44-405b-bcc4-d3556dd6d20c.json,Titan Stack Operations / Voxel Sync,2022-11-02T19:30:00Z,safety_use_cases,PIT/pedestrian proximity monitoring in drive lanes,Enable pit proximity detection on drive lanes and relevant cameras to flag close interactions between powered industrial trucks and people.,2,"improper bend, person to pet, overreaching, yes. | And then 1006, yeah, because that's a drive lane, so pit proximity, overreaching, improper bend, and we want to add speed to that one.",False,False,PIT-Pedestrian Proximity Monitoring,False,False,5,5,,False,5.0
d3934fd4-3e44-405b-bcc4-d3556dd6d20c.json,Titan Stack Operations / Voxel Sync,2022-11-02T19:30:00Z,safety_use_cases,Forklift speed monitoring via camera-based distance measurement,Measure fixed distances in camera views and configure direction of travel to detect and alert on PIT speeding in specified areas.,5,"I know I was supposed to get distances so that we could track speed on some of those cameras, some of our equipment. | So we had sent over, someone on my team sent over a deck with some of the areas we suspected would be good for speeding. | It's asking which direction are we watching for speeding? | So we would need the distance between these two arrows. | So I think you could just go in and measure the ones that you want us to enable speeding on, and then just call it out by the camera name right up top here with the distance, we'll go ahead and get those enabled.",False,False,Forklift Speed Monitoring,False,False,5,5,,False,5.0
d3934fd4-3e44-405b-bcc4-d3556dd6d20c.json,Titan Stack Operations / Voxel Sync,2022-11-02T19:30:00Z,safety_use_cases,Stop sign/stop line compliance zones,"Identify locations that require stops (e.g., rack ends) and add stop zones in the system to monitor compliance.",3,"Okay, so now what I need to do is capture where we need to have the stops. | So if you want to take a look at the camera views and just let me know which ones we need stops on, we can go ahead and get those added as well. | So on camera 13, it looks like you have, okay, so you have a distance for me to measure, but also at the end of that rack is a stop.",False,False,Intersection Stop Compliance,False,False,5,5,,False,5.0
d3934fd4-3e44-405b-bcc4-d3556dd6d20c.json,Titan Stack Operations / Voxel Sync,2022-11-02T19:30:00Z,safety_use_cases,"Ergonomic risk detection (improper bend, overreaching)",Apply ergonomic analytics to detect improper bending and overreaching on selected manufacturing cameras.,2,"improper bend, person to pet, overreaching, yes. | And then 1006, yeah, because that's a drive lane, so pit proximity, overreaching, improper bend, and we want to add speed to that one.",False,False,Ergonomic Risk Detection,False,False,5,5,,False,5.0
eeff5c72-c472-4c17-b4b5-f2c181e024b2.json,Foundry Harbor Manufacturing / Voxel Sync,2023-04-08T14:00:00Z,safety_use_cases,Ergonomic overreach/improper bend monitoring at CRFM,They are seeing many overreach and improper bend events on the CRFM I-dozens of camera and want to validate sensitivity and review the footage.,4,"So we saw a lot of them in CRFM, both overreach and improper bend. | I'm not sure that those are actually overreaching. | Let's go overreach. | The 38, I-dozens of camera.",True,False,Ergonomic Risk Detection,False,False,4,4,Description claims 'I-dozens of camera' which appears to be a transcription error and slightly unclear; also mentions validating sensitivity which isn't directly supported in evidence,False,4.0
eeff5c72-c472-4c17-b4b5-f2c181e024b2.json,Foundry Harbor Manufacturing / Voxel Sync,2023-04-08T14:00:00Z,safety_use_cases,Heatmaps to locate ergonomic hotspots and adjust workflow,Use embedded heat maps to pinpoint where overreaching occurs and explore changes to tote loading/stacking to reduce risk.,5,"we have heat maps now embedded here. | So this is sort of the, this is the hotspot right here. | That's something we can look at as far as maybe they're loading too many in there. | Yeah, it looks like it's going to be to overreach to set them down in the middle. | Reaching over the top, taking it out of an empty, or taking it out of one, and putting it into one that's, yeah.",True,False,Safety Heatmaps and Hotspot Analysis,False,False,5,5,,False,5.0
eeff5c72-c472-4c17-b4b5-f2c181e024b2.json,Foundry Harbor Manufacturing / Voxel Sync,2023-04-08T14:00:00Z,safety_use_cases,Change impact markers after lowering rack at Headliners,"After lowering a rack, they want a timeline marker across reports to measure the effect on overreaching and improper bending.",4,"We lowered a rack at Headliners on the 21st of March. | And so we've already seen a pretty big reduction there, but I was wondering if we could get a marker thrown in. | Maybe all of them, just because some of that may, the change in the racks may actually reduce some of the improper bending, too. | You should see that on your side now for any reports that you run on the headliner camera.",True,False,Impact Measurement and Trend Analysis,False,False,5,4,,False,4.5
eeff5c72-c472-4c17-b4b5-f2c181e024b2.json,Foundry Harbor Manufacturing / Voxel Sync,2023-04-08T14:00:00Z,safety_use_cases,Obstruction detection tuning due to false positives,"They disabled obstruction detections because the system was misidentifying a rug, indicating a need to tune or adjust the feature.",1,Dropped the obstructions because I found it kept just randomly picking up a rug.,True,False,Obstruction and Egress Monitoring,False,False,5,5,,False,5.0
eeff5c72-c472-4c17-b4b5-f2c181e024b2.json,Foundry Harbor Manufacturing / Voxel Sync,2023-04-08T14:00:00Z,safety_use_cases,Assign and track safety follow-ups with Actions,"Use the Actions workflow to assign owners, subscribers, and due dates for safety-related process changes like revisiting tote loading.",6,"I wanted to walk you guys through this new Actions workflow that we released. | let's just put sort of revisit process for loading totes. | I could add you as a subscriber. | I could put a due date here. | So when I click on this and I go to the Action page, it says Revisit Process for Loading Totes, is there a, how do you close it? | and then you can mark it as complete.",True,False,Actions Workflow and Coaching,False,False,5,5,,False,5.0
eeff5c72-c472-4c17-b4b5-f2c181e024b2.json,Foundry Harbor Manufacturing / Voxel Sync,2023-04-08T14:00:00Z,safety_use_cases,Shift-segmented safety dashboards and gamification,Create boards by shift covering all events and cameras to compare safety performance and enable weekly/monthly rewards.,4,"Do you guys have any more progress on kind of breaking up a dashboard by shift? | So would you want something initially, just three boards with all of the events, all of the cameras for each shift? | we can include shifts, and this is a way to segment the data now. | Yes, that would be the idea, and we can kind of gamify it and find a reward system. Weekly, and then probably monthly.",True,False,Safety Gamification and Displays,False,False,5,5,,False,5.0
eeff5c72-c472-4c17-b4b5-f2c181e024b2.json,Foundry Harbor Manufacturing / Voxel Sync,2023-04-08T14:00:00Z,nonsafety_use_cases,Assign and track follow-ups with Actions,Use the Actions workflow to manage accountability and completion of operational follow-ups discovered from video clips and data trends.,5,I wanted to walk you guys through this new Actions workflow that we released. | let's just put sort of revisit process for loading totes. | I could add you as a subscriber. | I could put a due date here. | and then you can mark it as complete.,True,False,Action Tracking and Accountability,False,False,5,5,,False,5.0
eeff5c72-c472-4c17-b4b5-f2c181e024b2.json,Foundry Harbor Manufacturing / Voxel Sync,2023-04-08T14:00:00Z,nonsafety_use_cases,Shift-based dashboards and gamification,"Build separate dashboards for first, second, and third shift across all events and cameras to compare performance and support a weekly/monthly rewards program.",4,"Do you guys have any more progress on kind of breaking up a dashboard by shift? | So would you want something initially, just three boards with all of the events, all of the cameras for each shift? | we can include shifts, and this is a way to segment the data now. | Yes, that would be the idea, and we can kind of gamify it and find a reward system. Weekly, and then probably monthly.",True,False,Dashboard and UI Customization,False,False,5,5,,False,5.0
a4393e52-d7df-4f74-a9ac-48600f2c0007.json,Iron Grid Fabrication / Voxel Monthly Overview,2022-07-05T16:30:00Z,safety_use_cases,Coach against forks-first forklift driving and PIT-pedestrian near-misses using Voxel clips,"Use Voxel-detected incidents/videos to highlight and correct operators driving forks-first, preventing struck-by events and near-misses with pedestrians.",4,"And one of the things that we've tried pushing here lately has been people driving forks first. | Deanna knows a few months back we had an incident where a supervisor got hit by someone driving forks first. | And a video popped up on Voxel of an operator on a dock truck going around a row of pallets, forks first, with a pallet on his forks, so he wouldn't have seen at any point, and almost hit an individual on foot. | So I was able to use that as a, hey, guys, this is a perfect example of why we don't do that.",True,False,PIT-Pedestrian Proximity Monitoring,False,False,5,5,,False,5.0
a4393e52-d7df-4f74-a9ac-48600f2c0007.json,Iron Grid Fabrication / Voxel Monthly Overview,2022-07-05T16:30:00Z,safety_use_cases,"Identify unsafe dock behaviors (walking backwards, stepping over forks) and drive toolbox talks/start-of-shift coaching","Leverage Voxel clips to surface slip/trip/fall risks like walking backwards while wrapping and walking over forks, then use those clips for toolbox talks or start-of-shift training.",5,"So Canton, just so you know, everybody does this until it's observed, and there's a toolbox talk or a start of shift, so I don't want you to feel like you're being picked on, but let's go through the motion, and I saw it last night. | Individual right here in the blue, he's really getting captured for the improper bend, but what I really look at with this particular individual is he is walking backwards while wrapping. | As we all know, you can't see what's behind you, and that is the number one reason for slips, trips, and falls in our environment. | But as he's walking by, he's literally walking over the forks. | Spend a few minutes, you'll find one training moment.",True,False,Safety Video Coaching and Training,False,False,5,5,,False,5.0
a4393e52-d7df-4f74-a9ac-48600f2c0007.json,Iron Grid Fabrication / Voxel Monthly Overview,2022-07-05T16:30:00Z,safety_use_cases,Track and close the loop on safety corrective actions with the Actions workflow,"Use Voxel’s Actions feature to assign, progress, and complete safety-related actions, capturing comments and measuring whether actions had the intended impact.",5,"there seems to be some confusion amongst the supervisors about how they navigate it now. | So I have had some think that they click it once and now they're done like it used to be and they didn't understand that they had to go back in and click it a second time and do all that. | But the beauty of this is you get to see, it really closes that loop. | We can track that progress. | Did that action actually have the impact that you wanted?",True,False,Action Tracking and Accountability,False,False,4,5,,False,4.5
a4393e52-d7df-4f74-a9ac-48600f2c0007.json,Iron Grid Fabrication / Voxel Monthly Overview,2022-07-05T16:30:00Z,safety_use_cases,Re-scope cameras/zones to maintain accurate safety detections and manageable incident volume,"Adjust camera scopes and zones when incident volume spikes or cameras move, reducing false positives so safety teams can focus on genuine risks.",4,"We re-scoped, got the total daily incidents down. | So, I'm able to actually look through everything and not just be overwhelmed with what I'm looking at over and over again. | If you have cameras that have moved or you have just a spike in trends, it could be a potential that the camera has moved. | And now we need to re-scope.",True,False,Camera Optimization and Rescoping,False,False,5,5,,False,5.0
a4393e52-d7df-4f74-a9ac-48600f2c0007.json,Iron Grid Fabrication / Voxel Monthly Overview,2022-07-05T16:30:00Z,nonsafety_use_cases,Track and close the loop on safety corrective actions with the Actions workflow,"Use Voxel’s Actions feature to assign owners, move items through stages, add comments, and verify impact for better operational accountability.",4,"there seems to be some confusion amongst the supervisors about how they navigate it now. | So I have had some think that they click it once and now they're done like it used to be and they didn't understand that they had to go back in and click it a second time and do all that. | But the beauty of this is you get to see, it really closes that loop. | We can track that progress.",True,False,Action Tracking and Accountability,False,False,4,2,Label describes Actions workflow correctly but is miscategorized as 'nonsafety_use_cases' when tracking and closing loop on safety corrective actions is clearly a safety use case,False,3.0
a4393e52-d7df-4f74-a9ac-48600f2c0007.json,Iron Grid Fabrication / Voxel Monthly Overview,2022-07-05T16:30:00Z,nonsafety_use_cases,Re-scope cameras/zones to manage alert volume and reduce false positives,Continuously adjust camera scopes when views change or trends spike to keep alert volume manageable and maintain data quality.,3,"We re-scoped, got the total daily incidents down. | If you have cameras that have moved or you have just a spike in trends, it could be a potential that the camera has moved. | And now we need to re-scope.",True,False,Camera Coverage Expansion,False,False,5,3,"Label/bucket mismatch: re-scoping cameras to manage alerts and reduce false positives is a safety use case, not nonsafety",False,4.0
a4393e52-d7df-4f74-a9ac-48600f2c0007.json,Iron Grid Fabrication / Voxel Monthly Overview,2022-07-05T16:30:00Z,nonsafety_use_cases,Review dashboard metrics and product enhancements to identify opportunities,Run through Voxel dashboard metrics across sites to spot trends and discuss product enhancements that can be leveraged.,2,I typically run through dashboard metrics to understand where opportunities lie and make sure you guys are open to hearing about our product enhancements and what you can leverage from that perspective as well. | Just wanted to briefly walk through some of the metrics.,True,False,Detection Accuracy Validation,False,False,5,3,Label is vague and bucket classification as 'nonsafety_use_cases' is questionable since reviewing safety dashboard metrics would be a core safety use case for Voxel,False,4.0
d5d1c152-b84d-44a3-9ee7-03f31409463c.json,Voxel - Innovation Talk Overview,2023-10-17T14:00:00Z,safety_use_cases,Forklift aisle and pedestrian walkway safety monitoring,"Monitor forklift behavior (e.g., stop compliance) and pedestrian walkway adherence in the main high-traffic aisle and incoming section to reduce collision risk.",4,"Yeah, so about that, Scott wants to take a pause and make sure that we get the other cameras installed to make sure we have that main forklift aisle covered. | That's where the forklift travels the most, as well as there's an incoming section from the second building that, well, we did see that one California stop in that area when we were looking over the videos. | As well as a pedestrian walkway that people also tend not to be within the actual walkway there. | But in any case, I think safety is one of the major directions that we're focus areas for our strategy as well.",False,False,PIT-Pedestrian Proximity Monitoring,False,False,5,5,,False,5.0
d5d1c152-b84d-44a3-9ee7-03f31409463c.json,Voxel - Innovation Talk Overview,2023-10-17T14:00:00Z,nonsafety_use_cases,Automated global regulation monitoring for customs services,Automate integration and monitoring of incoming regulations and compliance updates from global sources for the customs services team.,1,"So we're looking at how to integrate and automate the regulation monitoring for all incoming or new regulations and compliance from every source in the world, you could say.",False,False,Customs and Regulation Services,True,False,5,5,,True,5.0
d5d1c152-b84d-44a3-9ee7-03f31409463c.json,Voxel - Innovation Talk Overview,2023-10-17T14:00:00Z,nonsafety_use_cases,Conversational AI overlay for customs platform,Develop a conversational AI interface on top of the existing customs services platform to improve user interaction.,2,And then we're also looking at developing like almost like a conversational AI overlay. | to our existing platform that they have for custom services.,False,False,Customs and Regulation Services,True,False,5,5,,True,5.0
d5d1c152-b84d-44a3-9ee7-03f31409463c.json,Voxel - Innovation Talk Overview,2023-10-17T14:00:00Z,nonsafety_use_cases,IoT devices for the general supply chain,Explore IoT devices for the general supply chain across operations.,1,"We're looking at IoT devices for, yeah, for the general supply chain too.",False,False,IoT Supply Chain Devices,True,False,4,3,"Label is vague ('explore', 'general', 'across operations') and lacks specificity about the actual use case or problem being solved",False,3.5
aa25a518-3873-4bb4-bcf3-00a214467aa3.json,Trail Works Operations / Voxel Sync,2024-02-29T18:00:00Z,safety_use_cases,Forklift and pedestrian proximity monitoring (PIT-to-person and PIT-to-PIT),Monitor and reduce PIT-to-pedestrian and PIT-to-PIT interactions in small mills with heavy fork‑truck traffic to lower collision risk.,3,"there are a couple of areas that, you know, we're looking to develop with him, specifically the pit-to-person proximity of this feeding. And that's something you guys do have enabled as use cases. | The other is pit-to-pit and pit-to-pedestrian is something that, because of our smaller-sized mills, we have a lot of fork-truck traffic for the size of what we are, and that doesn't keep me up at night, I guess, but I feel we're vulnerable in that respect. | And person-to-pit proximity within the past about a month has dropped by 20-35%.",False,False,PIT-Pedestrian Proximity Monitoring,False,False,5,5,,False,5.0
aa25a518-3873-4bb4-bcf3-00a214467aa3.json,Trail Works Operations / Voxel Sync,2024-02-29T18:00:00Z,safety_use_cases,Ergonomic risk monitoring and mitigation in manual operations,"Detect and address ergonomic issues from manual tasks like roll wrapping, pulling broke, and lifting heavy bags, using insights to implement controls (e.g., lift tables) to reduce strains.",7,"Well, ergonomics for sure. | I we do a lot more manual stuff because we're a smaller scale mill where we do a lot of manual roll wrapping and pulling broke, which we'll call pulling broke, which leads to, I'll call it ergonomic issues, strains, and things like that. | So we've really tried to use Voxel to improve our safety performance. | And we did do some immediate improvements right away with some pallet lifts and stuff. | People were lifting 50. | a heavy load or a heavy load bags, and we ended up getting some lift tables to put it up at height so you're not bending. | We saw some immediate benefit, but I think that that's diminished.",False,False,Ergonomic Risk Detection,False,False,5,5,,False,5.0
aa25a518-3873-4bb4-bcf3-00a214467aa3.json,Trail Works Operations / Voxel Sync,2024-02-29T18:00:00Z,safety_use_cases,Prioritize actionable ergonomic alerts and reduce noise,"Filter and condense high volumes of ergonomic detections to focus teams on the few events they can act on, avoiding overwhelm and targeting fixable issues.",8,"So I'll get like, well, it's roughly probably 150 videos a day, right? | And say if 80 of them are ergo, probably one or two or something that I can do something about, right? | There may be other things I can do something about, but there's other limitations, whether I'd have to invest capital or for something that I know I would not be able to do. | So the ergo has been challenging for me. | Because otherwise, you know, we give you a large data set to work with, right? | But at the same time, some customers will say, well, I need a very condensed view. | I'm finding it to be incredibly useful from a high level, just show me some hotspots and get me there quickly. | that was a little bit of the purpose behind the heat maps, just to show concentrated areas of repeated risk and activity.",False,False,Ergonomic Risk Detection,False,False,5,5,,False,5.0
aa25a518-3873-4bb4-bcf3-00a214467aa3.json,Trail Works Operations / Voxel Sync,2024-02-29T18:00:00Z,safety_use_cases,Use Voxel video for safety coaching and union collaboration,"Leverage Voxel video clips in quarterly roundtables to coach employees and drive behavior changes, with union support and participation.",5,"I have quarterly roundtables, and I take snippets of the video from Voxel, show it to the teams. | You know, I have my mill managers present with, you know, the top three intriguing things or things that they caught either on Voxel or on other cameras that we've pulled. | We were able to integrate this with the union, too. | They've been very supportive. | We show the people, like, here's the video, right? What did you do wrong? How can we improve it? You know, if you've any ideas, but you can't do it like this anymore.",False,False,Safety Video Coaching and Training,False,False,5,5,,False,5.0
aa25a518-3873-4bb4-bcf3-00a214467aa3.json,Trail Works Operations / Voxel Sync,2024-02-29T18:00:00Z,safety_use_cases,Re-scope cameras to monitor the right risks and repurpose low-yield cameras,"Re-scope and repurpose cameras to check for different safety issues in different locations, especially at Lionsdale where current setup yields few detections, to gain better visibility.",1,"we were wanting to re-scope a few of the cameras to check for different things in different locations and maybe repurpose another camera because our Lionsdale mill doesn't get a lot of hits on Voxel, and we're trying to figure out a better way to see.",False,False,Camera Optimization and Rescoping,False,False,5,5,,False,5.0
276c425a-9758-4d6e-845b-688667b0d6d5.json,Quarry Flow Logistics + Voxel Intro Call,2023-12-09T20:00:00Z,safety_use_cases,Forklift–pedestrian collision prevention and intersection compliance,"Monitor forklift–pedestrian interactions, especially at blind corners and intersections, to prevent collisions and enforce stopping behavior.",3,"We were focusing on pedestrian, forklift, collision safety. | the vehicle safety, forklifts to like pedestrian proximity we can monitor for. | No. So, you say, obviously, no stop at intersection here is up 50-125%.",True,False,PIT-Pedestrian Proximity Monitoring,False,False,5,5,,False,5.0
276c425a-9758-4d6e-845b-688667b0d6d5.json,Quarry Flow Logistics + Voxel Intro Call,2023-12-09T20:00:00Z,safety_use_cases,"Ergonomics risk detection (overreaching, improper lifting)","Detect and reduce ergonomic risks such as overreaching and improper lifting, and use insights to adjust workstation setup (e.g., table/lift heights) and coach behaviors to prevent strains/sprains.",5,"You know, we're looking for pinch points, people putting their hands in places or circumventing safety items, and like Don says, also ergonomics, you know, and proper lifting and things like that. | we had several back strains about the same time. So we really focus on ergonomics | But we see the classic injuries, right? Overreaching every once in a while, improper lifting. | maybe the lift table's too high, maybe it's too low, and adjusting it there or adjusting one part of the station, moving something six feet closer to eliminate a whole extra step. | So to detect that type of mistake, I guess, I would have been reading through your software, and that would be wonderful for us.",True,False,Ergonomic Risk Detection,False,False,5,5,,False,5.0
276c425a-9758-4d6e-845b-688667b0d6d5.json,Quarry Flow Logistics + Voxel Intro Call,2023-12-09T20:00:00Z,safety_use_cases,PPE compliance monitoring,"Improve PPE compliance (e.g., gloves and safety glasses) in departments with inconsistent adherence by detecting non-compliance and driving coaching/culture change.",3,"PPE is not, you know, we don't have 100% of that culture here. | they don't have any repercussions to not wearing the right gloves or not wearing their safety glasses | And then as well as the PPE detection for PPE compliance.",True,False,PPE Compliance Monitoring,False,True,5,5,,False,5.0
276c425a-9758-4d6e-845b-688667b0d6d5.json,Quarry Flow Logistics + Voxel Intro Call,2023-12-09T20:00:00Z,safety_use_cases,No‑pedestrian zones and shortcut hazard control,"Define and enforce no‑pedestrian zones to stop unsafe shortcuts like jumping over tables, triggering alerts when people enter restricted areas.",3,"And then, of course, the shortcuts, where the guys want to jump the table instead of taking the long way around, making it a hazard | So what we can do is basically set a no pedestrian zone. | there's a zone that you don't want them to be, you can spark an incident and be notified.",True,False,No-Pedestrian Zone Enforcement,False,False,5,5,,False,5.0
276c425a-9758-4d6e-845b-688667b0d6d5.json,Quarry Flow Logistics + Voxel Intro Call,2023-12-09T20:00:00Z,safety_use_cases,Machine pinch‑point and safety‑device circumvention detection,Identify exposures at machine pinch points and detect when safety items/interlocks are bypassed to prevent injuries.,1,"we're looking for pinch points, people putting their hands in places or circumventing safety items",True,False,Pinch Point and Caught-In Hazards,False,False,5,5,,False,5.0
276c425a-9758-4d6e-845b-688667b0d6d5.json,Quarry Flow Logistics + Voxel Intro Call,2023-12-09T20:00:00Z,safety_use_cases,Second‑shift visibility (‘eye in the sky’),"Use AI from existing cameras to provide visibility on off‑hours and second shift, surfacing unsafe behaviors to enable proactive coaching and process changes.",3,"And probably the main reason why we were interested in technology is it's kind of difficult to have eyes all day at all times. We handle two different shifts | One's like looking at Voxel to get the eye in the sky, the areas that you don't have visibility, maybe specifically into that second shift to hopefully get out in front of the things or behaviors and coach to them or make process changes to avoid anything from happening. | That's right.",True,False,Second‑shift visibility (‘eye in the sky’),False,False,5,5,,False,5.0
276c425a-9758-4d6e-845b-688667b0d6d5.json,Quarry Flow Logistics + Voxel Intro Call,2023-12-09T20:00:00Z,safety_use_cases,Cross‑site safety analytics and benchmarking,"Aggregate and compare safety indicators (e.g., PPE compliance, incident trends) across multiple plants to identify leaders/laggards and drive culture and coaching changes.",3,"So right now we're looking at the all-sites dashboard within Voxel. | how many incidents over the last about a month. | it would be valuable to see if Puerto Rico is wearing their PPE better than a site and how to make a culture change or, like you say, a coaching change and get them on board.",True,False,Cross-Facility Benchmarking,False,False,5,5,,False,5.0
276c425a-9758-4d6e-845b-688667b0d6d5.json,Quarry Flow Logistics + Voxel Intro Call,2023-12-09T20:00:00Z,nonsafety_use_cases,Cross‑site safety analytics and benchmarking,"Aggregate and compare safety indicators (e.g., PPE compliance, incident trends) across multiple plants to identify leaders/laggards and drive culture and coaching changes.",3,"So right now we're looking at the all-sites dashboard within Voxel. | how many incidents over the last about a month. | it would be valuable to see if Puerto Rico is wearing their PPE better than a site and how to make a culture change or, like you say, a coaching change and get them on board.",True,False,Cross-Facility Benchmarking,False,False,5,1,"Label is clearly safety-related (PPE compliance, incident trends) but incorrectly bucketed as 'nonsafety_use_cases'",False,3.0
62a46298-0707-4ecf-b2a2-85b40e5ba070.json,Atlas Motive Operations Catchup,2023-07-23T21:00:00Z,safety_use_cases,Baseline and trend safety events (before/after) to measure impact,"Set up monitoring to capture a baseline and then compare data over time to show before/after differences, trend events, and understand the how/why behind changes.",3,"are you guys going to set this up in like a monitor thing where you're, before it actually goes live, where you can show the difference between the before and after? | we do strive to capture what it looked like when we started, and then, let's say, several months later or several months later, so that we can not only look at the data in terms of the trending of events, but also really understand and demonstrate the how and why behind it. | We then scope the camera together to identify what use cases we're looking for and where, and then we turn it on.",True,False,Impact Measurement and Trend Analysis,False,False,5,5,,False,5.0
62a46298-0707-4ecf-b2a2-85b40e5ba070.json,Atlas Motive Operations Catchup,2023-07-23T21:00:00Z,safety_use_cases,Reduce safety losses/incidents,Use the system to improve safety performance so losses go down and the organization becomes a better risk.,3,"Well, I think the hope is that, yeah, you know, your losses improve, and as you become a better risk, yeah, your premiums will be lowered. | overall, if your losses are steadily getting better, then, you know, your premium will be favorable. | it certainly shows that, you know, you have a safety culture and you're trying to get your losses down.",True,False,Reduce Injuries and Costs,False,False,5,4,,False,4.5
62a46298-0707-4ecf-b2a2-85b40e5ba070.json,Atlas Motive Operations Catchup,2023-07-23T21:00:00Z,nonsafety_use_cases,Lower workers’ comp premiums by demonstrating improved risk,Leverage the system to help drive lower insurance premiums in future renewals by improving losses and showing a stronger safety culture.,3,"For you, Harper, or even the guys at Willis, would this help drive, this type of system help drive a lower premium in the future as well, integrating this technology? | Well, I think the hope is that, yeah, you know, your losses improve, and as you become a better risk, yeah, your premiums will be lowered. | overall, if your losses are steadily getting better, then, you know, your premium will be favorable.",True,False,Lower workers’ comp premiums by demonstrating improved risk,False,False,5,4,,False,4.5
44dcf03a-68a7-4736-9e66-b16b6462bd2b.json, Foundry Harbor Manufacturing Call,2024-02-25T14:30:00Z,safety_use_cases,Ergonomics risk detection,Monitor improper bends and overreaching to flag ergonomic risks and score severity using body angulation.,3,"We have improper bends, overreachings, such as any ergonomic related observations here, and then person to vehicle, so person to pit, proximity and pit to pit proximity. | So improper bend and overreaching, basically it captures, you know, vast majority of overhead and then, you know, bending down behaviors that we would, that we would, that you would expect to see. | So everything's using the RIVA score and then we'll, we'll, we'll, um, mark the severity of the incidents based off the angulations of the body.",False,False,Ergonomic Risk Detection,False,False,5,5,,False,5.0
44dcf03a-68a7-4736-9e66-b16b6462bd2b.json, Foundry Harbor Manufacturing Call,2024-02-25T14:30:00Z,safety_use_cases,PIT/pedestrian and PIT-to-PIT proximity,"Detect and report close interactions between forklifts and pedestrians, and between forklifts.",2,"We have improper bends, overreachings, such as any ergonomic related observations here, and then person to vehicle, so person to pit, proximity and pit to pit proximity. | Next thing would be forklift traffic and a forklift in a cross pattern.",False,False,PIT-Pedestrian Proximity Monitoring,False,False,5,5,,False,5.0
44dcf03a-68a7-4736-9e66-b16b6462bd2b.json, Foundry Harbor Manufacturing Call,2024-02-25T14:30:00Z,safety_use_cases,Truck going off dock detection,Monitor docks to detect and prevent trucks or forklifts going off the dock edge.,2,"trucks going off docks. | I said, for trucks going off the dock.",False,False,Dock Safety Monitoring,False,False,5,5,,False,5.0
44dcf03a-68a7-4736-9e66-b16b6462bd2b.json, Foundry Harbor Manufacturing Call,2024-02-25T14:30:00Z,safety_use_cases,PPE safety vest compliance,Ensure workers wear safety vests in required zones and exclude designated walkways where vests are not required.,4,"Any PPE? | Safety vests? | Vests, yes. | Everybody in that area should have a vest on.",False,False,PPE Compliance Monitoring,False,True,3,3,Evidence confirms vest detection but does not support the specific claims about 'required zones' or 'excluding designated walkways' mentioned in the description.,False,3.0
44dcf03a-68a7-4736-9e66-b16b6462bd2b.json, Foundry Harbor Manufacturing Call,2024-02-25T14:30:00Z,safety_use_cases,Cellphone distraction while walking,Identify employees walking while looking at their phones to address distraction-related hazards.,3,"Employees looking at their phone and walking. | That would be the biggest thing. | It's an area, a use case we're looking into.",False,False,Cellphone Distraction Detection,False,False,5,5,,False,5.0
44dcf03a-68a7-4736-9e66-b16b6462bd2b.json, Foundry Harbor Manufacturing Call,2024-02-25T14:30:00Z,safety_use_cases,Crosswalk compliance monitoring,Track that pedestrians use designated crosswalks within the facility.,2,"But should be at the designated walkway, because where you have the end of the rack on your left. | One of things also, we want to make sure that employees are following the crosswalks, but there's no designated stops for co-drivers.",False,False,Crosswalk and Walkway Compliance,False,False,4,3,Label says 'pedestrians' but evidence clearly refers to 'employees'; also 'within the facility' is vague compared to evidence mentioning racks and specific walkway context,False,3.5
44dcf03a-68a7-4736-9e66-b16b6462bd2b.json, Foundry Harbor Manufacturing Call,2024-02-25T14:30:00Z,safety_use_cases,No-pedestrian zones in docks/aisles,Define and enforce no-pedestrian zones to minimize foot traffic through dock areas and high-risk aisles.,2,So we don't want any foot traffic from the docks. | And there'll be a no-ped zone as well.,False,False,No-Pedestrian Zone Enforcement,False,False,4,5,,False,4.5
44dcf03a-68a7-4736-9e66-b16b6462bd2b.json, Foundry Harbor Manufacturing Call,2024-02-25T14:30:00Z,safety_use_cases,Obstruction/egress/walkway clearance monitoring,"Alert on materials obstructing taped no-parking zones, fire equipment, exits, walkways, and forklift aisles with time thresholds.",5,"So that means that nothing should be parked over there. | There should be no materials sitting over there at all. | Like 60 seconds? | In any walkways, we don't want material sitting on the walkways for more than a minute. | You don't want anything in the middle of any of those areas.",False,False,Obstruction and Egress Monitoring,False,False,5,5,,False,5.0
44dcf03a-68a7-4736-9e66-b16b6462bd2b.json, Foundry Harbor Manufacturing Call,2024-02-25T14:30:00Z,safety_use_cases,Door open duration policy enforcement (electrical and dock doors),"Monitor door open durations: electrical room doors should not be open, and dock doors should remain closed unless loading/unloading; flag open dock doors with no trailer.",8,"Anything around like open door duration that we want to track here? | It's just an electrical door. | So we shouldn't have it open. | Technically, they're not supposed to leave the doors open unless they're loading or unloading. | That one's open and there's no truck in the door. | That's a safety violation. | So let's set this maybe to start with tens of minutes and see what type of data we're getting. | It should not be open.",False,False,Dock Safety Monitoring,False,False,5,5,,False,5.0
44dcf03a-68a7-4736-9e66-b16b6462bd2b.json, Foundry Harbor Manufacturing Call,2024-02-25T14:30:00Z,safety_use_cases,Forklifts entering dock on red light,Detect forklifts entering a dock when the dock light is red.,3,"Is there any way you could move that zone to cover that light on the dock, the dock light? | Because I want to see if forklifts are entering the docks when it's red. | So can't exactly do that today, but I'm trying to think.",False,False,Fire Door and Dock Door Monitoring,False,False,5,5,,False,5.0
44dcf03a-68a7-4736-9e66-b16b6462bd2b.json, Foundry Harbor Manufacturing Call,2024-02-25T14:30:00Z,safety_use_cases,Forklift driving direction with obstructed view,Verify forklift drivers are driving backwards when their forward view is blocked by loads or racks.,2,"Like one of the things is, you know, are the 4K drivers driving backwards when they have tracks in front that might block their view? | Let's just get that added.",False,False,Unsafe Forklift Load Handling,False,False,5,4,,False,4.5
44dcf03a-68a7-4736-9e66-b16b6462bd2b.json, Foundry Harbor Manufacturing Call,2024-02-25T14:30:00Z,safety_use_cases,Collision/impact detection on yellow posts,Detect forklift impacts with protective yellow posts to address collision hotspots.,1,One of the things that we do find is the folk of ours do hit those yellow posts quite a bit.,False,False,Impact and Collision Detection,False,False,5,5,,False,5.0
44dcf03a-68a7-4736-9e66-b16b6462bd2b.json, Foundry Harbor Manufacturing Call,2024-02-25T14:30:00Z,safety_use_cases,Forklift pre-use inspection compliance,Check whether drivers are taking time to complete required forklift inspections before operation.,1,"Doing the forklift inspection or taking the time, but I don't know how that is, how we can do that.",False,False,Forklift Pre-Use Inspection Compliance,False,False,4,5,,False,4.5
44dcf03a-68a7-4736-9e66-b16b6462bd2b.json, Foundry Harbor Manufacturing Call,2024-02-25T14:30:00Z,nonsafety_use_cases,Fork truck idle time monitoring (via Sterling Axis Insights),"Track forklift idle time, which the team plans to monitor using Sterling Axis Insights rather than Voxel.",3,"Do you want to do fork truck idle time or no? | So we're installing the Sterling Axis Insights, so we don't really need that. | Once that's installed, it'll tell us idle time.",False,False,Forklift Idle Time Monitoring,False,False,5,5,,True,5.0
44dcf03a-68a7-4736-9e66-b16b6462bd2b.json, Foundry Harbor Manufacturing Call,2024-02-25T14:30:00Z,nonsafety_use_cases,Charger parking duration telemetry,"Measure how long forklifts remain at the charging station, though the team does not see a need for this right now.",2,"You still have the existing vehicle use cases over there, mean, anything around parking duration to see if they're, how long they're on the charger? | No, it's like, you know, they just arrive and they just jump on the lift and unplug and they go, you know.",False,False,Forklift Idle Time Monitoring,False,False,5,4,,False,4.5
eca035c7-1e29-4bfc-adbf-ae4c7937c9dc.json,Forge Axis Solutions / Voxel Bi-Weekly Sync,2024-01-23T18:00:00Z,safety_use_cases,Detect safety glasses (PPE) presence,"Customer wants the system to detect whether people are wearing glasses/safety eyewear to support PPE compliance, even if it can’t distinguish prescription vs. safety glasses.",4,"We wanted to ask, does the system, could the system check for glasses? | No, you're like safety glasses? | I know it probably wouldn't, yeah, wouldn't differ, it wouldn't, I know it'd be hard for it to tell whether prescription or safety glasses, but just glasses in general. | Not at this time, but that is something the team may consider in the future.",True,False,PPE Compliance Monitoring,False,True,5,5,,False,5.0
eca035c7-1e29-4bfc-adbf-ae4c7937c9dc.json,Forge Axis Solutions / Voxel Bi-Weekly Sync,2024-01-23T18:00:00Z,safety_use_cases,Monitor no-pedestrian zones and hotspots,"Use Voxel to capture and quantify no-ped zone events, identify high-risk areas (assembly cells and tempering), review videos, and inform changes.",5,"I mean, the thing that stands out is that, you know, the no-ped zone. | Y'all have, in the last about a month, a little over 41,000. | Yeah, and we know our big areas is between our assembly cells and then over in tempering. | So, yeah, it is capturing, and we are looking at the videos. | We just, it'll be a big project to put in and make changes and such.",True,False,No-Pedestrian Zone Enforcement,False,False,5,5,,False,5.0
eca035c7-1e29-4bfc-adbf-ae4c7937c9dc.json,Forge Axis Solutions / Voxel Bi-Weekly Sync,2024-01-23T18:00:00Z,safety_use_cases,Ergonomics risk monitoring,Leverage the system for ergonomic-related observations in addition to pedestrian safety.,1,"It's been so helpful, not just for like the pedestrian stuff or the ergonomic stuff, but we've had some incidents where we've been able to go back and look at those because of the cameras just simply being there.",True,False,Ergonomic Risk Detection,False,False,3,4,Evidence mentions ergonomic stuff only in passing without detail on how system is actually used for ergonomics monitoring,False,3.5
eca035c7-1e29-4bfc-adbf-ae4c7937c9dc.json,Forge Axis Solutions / Voxel Bi-Weekly Sync,2024-01-23T18:00:00Z,safety_use_cases,Post-incident video review,Use camera footage to review incidents after they occur to understand what happened.,1,we've had some incidents where we've been able to go back and look at those because of the cameras just simply being there.,True,False,Video Incident Review,False,False,5,5,,False,5.0
eca035c7-1e29-4bfc-adbf-ae4c7937c9dc.json,Forge Axis Solutions / Voxel Bi-Weekly Sync,2024-01-23T18:00:00Z,safety_use_cases,Assign incidents and track accountability,Share the platform with managers/supervisors to assign safety follow-ups and track open/resolved actions and accountability.,4,"we do want to get it to the managers and supervisors so then we can actually start assigning stuff to the supervisors. | And so it's going to be different the way that you assign incidents. | So you're going to be able to report out on, like, what actions were open, what are resolved, and what is going on. | And we're really going to be able just to track that accountability piece more than we can today.",True,False,Action Tracking and Accountability,False,False,5,5,,False,5.0
eca035c7-1e29-4bfc-adbf-ae4c7937c9dc.json,Forge Axis Solutions / Voxel Bi-Weekly Sync,2024-01-23T18:00:00Z,nonsafety_use_cases,Assign incidents and track accountability,Share the platform with managers/supervisors to assign follow-ups and use enhanced reporting to track open/resolved actions and accountability.,4,"we do want to get it to the managers and supervisors so then we can actually start assigning stuff to the supervisors. | And so it's going to be different the way that you assign incidents. | So you're going to be able to report out on, like, what actions were open, what are resolved, and what is going on. | And we're really going to be able just to track that accountability piece more than we can today.",True,False,Action Tracking and Accountability,False,False,5,3,"Label should be bucketed as 'safety_use_cases' since assigning and tracking accountability for incidents is core safety management functionality, not a non-safety use case.",False,4.0
031a0de2-6254-464a-9dc8-6b8accf041e6.json,Ember Transit Logistics / Voxel Monthly,2024-06-22T20:30:00Z,safety_use_cases,Housekeeping: product on floor and palletization,Address frequent product left on the floor by ensuring items are staged on pallets to reduce safety hazards.,3,"I would say Ember Transit Logistics's biggest issue is constant product on the floor. | Just make sure products on a pallet. | I'm not going to, you know, make sure there's a pallet under the box.",False,False,Pallet Handling Safety,False,False,5,4,,False,4.5
031a0de2-6254-464a-9dc8-6b8accf041e6.json,Ember Transit Logistics / Voxel Monthly,2024-06-22T20:30:00Z,safety_use_cases,Ergonomic overreach prevention,Reduce high overreach by properly palletizing and staging product instead of pushing items on the floor.,2,"tell them to put the product on the pallet. | Quit pushing it on the floor to get this, you know, high overreach.",False,False,Ergonomic Risk Detection,False,False,4,4,,False,4.0
031a0de2-6254-464a-9dc8-6b8accf041e6.json,Ember Transit Logistics / Voxel Monthly,2024-06-22T20:30:00Z,safety_use_cases,Safe tool use for packaging (no tearing tape with teeth),Prevent injuries from tearing tape with teeth by using the proper hand wrap tool.,3,"Don't use your teeth to tear the tape. | That's how you cut your mouth. | But right, guys, that simple communication to say, use your hand wrap tool to cut it off.",False,False,Safe Tool and Packaging Practices,False,False,5,5,,False,5.0
031a0de2-6254-464a-9dc8-6b8accf041e6.json,Ember Transit Logistics / Voxel Monthly,2024-06-22T20:30:00Z,safety_use_cases,PIT use compliance for material movement,Encourage use of powered industrial trucks when moving items instead of manual handling to reduce risk.,1,"Please use your pit when you're moving things, right?",False,False,Safe Tool and Packaging Practices,False,False,2,3,Evidence is a single brief quote that only partially supports the described use case; unclear if this is about compliance monitoring or just general encouragement,False,2.5
031a0de2-6254-464a-9dc8-6b8accf041e6.json,Ember Transit Logistics / Voxel Monthly,2024-06-22T20:30:00Z,safety_use_cases,Timely corrective actions and due dates for high-severity safety events,Use Voxel actions with defined due dates to ensure prompt closure of high-risk safety items per SOPs.,5,"Now we have actions where I'll give you a time frame that you have till a week from today to finish it. | I think that's effective, but at least we can start with, hey, your due date's X. | our SOP for the highs are within several hours. | So maybe like a few days. Let's do it that way. | through actions to keep that accountability loop going and closing all of those open items.",False,False,Actions Workflow and Coaching,False,False,5,5,,False,5.0
031a0de2-6254-464a-9dc8-6b8accf041e6.json,Ember Transit Logistics / Voxel Monthly,2024-06-22T20:30:00Z,nonsafety_use_cases,Supervisor training and adoption support,"Provide targeted, condensed training and outreach to supervisors—especially non-users—to make Voxel usage consistent and efficient.",4,"And directly train them. | So that they know exactly how to use Voxel, because I think something that typically customers see as a deterrent at first is they go in, they don't know what to look for, and they think, oh my God, the volume of events is so high. | I think maybe if you wouldn't even mind, maybe the ones that are not doing it, because those would be the ones that are really kind of, worried about with them, why aren't they at least going in there once or logging in? | go into the dashboard five or a few minutes a couple of times per week.",False,False,Implementation and Training Optimization,True,False,5,3,Label should be in 'safety_use_cases' bucket - supervisor training on safety event detection is core to Voxel's safety platform purpose,False,4.0
031a0de2-6254-464a-9dc8-6b8accf041e6.json,Ember Transit Logistics / Voxel Monthly,2024-06-22T20:30:00Z,nonsafety_use_cases,Usage analytics to monitor and pinpoint adoption,Leverage the new homepage data to see who is logging in and use it to pinpoint managers and drive accountability.,2,"I really love the new page, the first page where I'm able to get all the data and the accurate of everybody who's been on. | Being used and, you know, through the program, giving me all that data has been really helpful to really pinpoint with these managers.",False,False,Platform Adoption Analytics,False,False,4,3,Label could be more specific about what 'adoption' means (platform usage vs safety program engagement); bucket might be incorrect if monitoring is safety-related,False,3.5
031a0de2-6254-464a-9dc8-6b8accf041e6.json,Ember Transit Logistics / Voxel Monthly,2024-06-22T20:30:00Z,nonsafety_use_cases,Voxel-assigned actions to drive engagement and accountability,Have the Voxel team assign low-hanging fruit actions to specific supervisors with Tara CC’d to help drive the work and re-engage users.,3,"I can see something that's low-hanging fruit, and I can assign the action, and I can make you the CC, the contributor. | As long as I know, person and shift, I can coordinate with my team to go, just give me one a day, or whatever you give me as a list. | now work at Ember Transit Logistics, and just dip the toe back in there a little bit, get them feeling good about it, commenting on it.",False,False,Action Tracking and Accountability,False,False,5,3,Label is somewhat vague - doesn't clearly indicate this is about re-engagement strategy rather than a product feature; bucketing as 'nonsafety' may be debatable as this could support safety workflows,False,4.0
dd2a6900-b843-4234-88ac-ecaa37ab4750.json,Voxel <> Noble Base Supply continued ,2023-07-09T14:30:00Z,safety_use_cases,Ergonomic improper bending detection,Detect and quantify improper bends and lifts to target high-risk areas and reduce ergonomic injuries.,4,"So with the Voxel platform, obviously, very similar to the no stop and the forklift rules, but we're going to be able to see the, you know, the day in which our incidents happened most frequently. | what you're going to see is this red, yellow, and green muscular skeleton overlay on every person in the frame that starts to bend in a way they shouldn't be. | as we start to, you know, bend down and lift improperly from our legs, we're going to start to flag that as, you know, an ergonomic risk within the platform. | this will help us be able to look at their motions and see opportunities to be more proactive in terms of reducing potential injuries.",False,False,Ergonomic Risk Detection,False,False,5,5,,False,5.0
dd2a6900-b843-4234-88ac-ecaa37ab4750.json,Voxel <> Noble Base Supply continued ,2023-07-09T14:30:00Z,safety_use_cases,Ergonomic overreaching and overhead lifting risk,"Identify overreaching and overhead lifts (e.g., from high pallet stacking) and drive simple changes like limiting stack height to reduce severity of ergonomic alerts.",3,"We'll go to overreaching, another part of the ergonomic piece. | If we watch in the bottom portion of the screen here, lifting overhead, you know, every day people are doing this, but we're not catching this every single day. | We simply met with the team and we said, hey, we cannot be stacking the pallets, you know, 10, 11, 12, 13 pallets high. Let's cut it at 3.",False,False,Ergonomic Risk Detection,False,False,5,5,,False,5.0
dd2a6900-b843-4234-88ac-ecaa37ab4750.json,Voxel <> Noble Base Supply continued ,2023-07-09T14:30:00Z,safety_use_cases,Stop sign compliance (No Stop) monitoring,Monitor and report instances of vehicles running stop signs at aisle intersections to prevent PIT-pedestrian conflicts and track improvement over time.,2,"we have these stop signs in place within the facility. All day long, people are going to run through these. And we want to know how many times people are actually running through these stop signs because eventually, you know, we might make connection with that person crossing the aisleway here. | So again, going to flag that to you guys instantaneously. You're going to be able to get that, you know, 30, 60, 90 report on how you're improving or, you know, maybe we're getting worse on it and we need to go back to the drawing board here and make some operational changes.",False,False,Intersection Stop Compliance,False,False,5,4,,False,4.5
dd2a6900-b843-4234-88ac-ecaa37ab4750.json,Voxel <> Noble Base Supply continued ,2023-07-09T14:30:00Z,safety_use_cases,"Housekeeping hazard monitoring (exits, walkways, debris)","Detect and alert on blocked emergency exits, clutter in pedestrian walkways, and debris like plastic on floors using customizable dwell-time thresholds to reduce tripping and egress hazards.",5,"I think some of the common things that we would want to have this help is, just like you said, right, clutter, especially on emergency exits. | Another thing that I said that I would see is probably overflowing of bins, dumping their trash or plastic, and then that can cause the plastic to kind of fall on the floor. | We set this up where we don't want anything blocking these exit doors because, you know, there's a fire extinguisher right here. We can't have a pallet in front of that fire extinguisher. This door needs to be accessible as a fire exit. | if that garbage can sits there for more than 60 seconds, 90 seconds, a few minutes, then you'll get that alert. | if anything steps, or not steps, but gets inside of that pedestrian walkway for more than a few minutes, it's considered a tripping hazard. So we will alert you.",False,False,Obstruction and Egress Monitoring,False,False,5,5,,False,5.0
dd2a6900-b843-4234-88ac-ecaa37ab4750.json,Voxel <> Noble Base Supply continued ,2023-07-09T14:30:00Z,safety_use_cases,PIT-to-PIT proximity detection,Detect forklifts operating too close to each other to surface near-miss conditions that operators may not report.,2,"Let's do a, we can do pit proximity right here. | So this is going to be for the forklift to forklift. I've obviously big jam up right here. And. Stuff like this, know, these guys are working in close quarters all day long. Like they're not going to stop and report this on each other because they just want to get the job done and as quickly as possible.",False,False,PIT-to-PIT Proximity Monitoring,False,False,5,5,,False,5.0
dd2a6900-b843-4234-88ac-ecaa37ab4750.json,Voxel <> Noble Base Supply continued ,2023-07-09T14:30:00Z,safety_use_cases,PIT-to-pedestrian proximity and walkway enforcement,Alert when pedestrians get too close to moving forklifts and enforce defined or AI-drawn pedestrian walkways to prevent PIT-pedestrian incidents.,3,"Do you have any videos that sort of help, you know, to see when people are close or head to a pit? | boom, this guy is within three feet of a moving forklift underneath that suspended object. He, once he gets too close, that red line is going to flash red and you're going to get that alert. | if you have, you know, those defined, semi-defined walkways, we're going to draw those invisible AI rules on that walkway. So what we're going to say is if a forklift crosses into that walkway, we want an alert. If a human leaves that walkway and gets too close to a forklift, we're going to get that alert.",False,False,PIT-Pedestrian Proximity Monitoring,False,False,5,5,,False,5.0
dd2a6900-b843-4234-88ac-ecaa37ab4750.json,Voxel <> Noble Base Supply continued ,2023-07-09T14:30:00Z,safety_use_cases,No pedestrian zone enforcement,"Define restricted areas where pedestrians should not enter (e.g., loading or machinery zones) and alert on violations.",1,"that goes for the same for the no pedestrian zone use case. So if there's areas in which the facility people should not be walking, maybe there is, you know, a loading area, um, an area where machinery people should not be near the machinery, we can set those rules for you as well.",False,False,No-Pedestrian Zone Enforcement,False,False,5,5,,False,5.0
dd2a6900-b843-4234-88ac-ecaa37ab4750.json,Voxel <> Noble Base Supply continued ,2023-07-09T14:30:00Z,nonsafety_use_cases,Safety reporting and coaching workflows,"Track compliance trends, assign incidents to team members, and close coaching loops with real-time, downloadable reports.",4,"you're going to be able to get that, you know, 30, 60, 90 report on how you're improving or, you know, maybe we're getting worse on it and we need to go back to the drawing board here and make some operational changes. | assigning these incidents to specific team members to close that coaching loop... Kimberly's been assigned seven. She's only completed and coached on four of those seven loops. | We can then implement this bar onto this graph and we can see how we're trending up or we're trending down after that rule change was made. | It's all going to populate in real time. So you're going to know exactly what is going on.",False,False,Safety Analytics and Reporting,False,False,5,3,"Label describes safety-related workflows (compliance trends, incident assignment, coaching) but is categorized as 'nonsafety_use_cases' - appears to be misclassified",False,4.0
dd2a6900-b843-4234-88ac-ecaa37ab4750.json,Voxel <> Noble Base Supply continued ,2023-07-09T14:30:00Z,nonsafety_use_cases,Cross-site and shift compliance benchmarking,Compare compliance across sites and shifts to pinpoint problem areas and target communications or operational changes.,2,"You're going to be able to see that overarching site view. So when we look at this specific use case across all sites, we can easily pinpoint which site is, you know, the least compliant for the rules we have in place. | we can see which shift is being the most compliant with the rules we have in place... we need to go back to the drawing board here and, you know, mention this on our Friday stand-up to all shifts.",False,False,Safety Analytics and Reporting,False,False,5,3,"Label should be bucketed as 'safety_use_cases' since compliance monitoring (PPE, safety rules) is core to Voxel's safety platform, not a non-safety use case.",False,4.0
dd2a6900-b843-4234-88ac-ecaa37ab4750.json,Voxel <> Noble Base Supply continued ,2023-07-09T14:30:00Z,nonsafety_use_cases,Integration with an external workflow tool via API/data export,Export or push safety data directly into an external workflow tool to keep reporting consolidated in existing systems.,1,"We're going to be able to push that safety data into an external workflow tool, either by downloading and uploading the data or by using an API to push it directly over.",False,False,System Integration and Data Export,False,False,5,5,,False,5.0
dd2a6900-b843-4234-88ac-ecaa37ab4750.json,Voxel <> Noble Base Supply continued ,2023-07-09T14:30:00Z,nonsafety_use_cases,Reduce time spent on manual observations,Use automated video analyses to quickly surface risk areas and save time compared to standing on the floor observing workers.,1,"within 10, 15 seconds of clicking on this, this use case in the platform, you're going to be able to target that area of concern very quickly. I'm going to save you time from, you know, standing out there all day and watching two, three people.",False,False,Warehouse Productivity Optimization,False,False,5,3,Label should be categorized as 'safety_use_cases' since reducing manual observation time for risk areas is directly related to workplace safety processes.,False,4.0
980ead37-1d6b-4667-83b2-04150d12e552.json,Bridge Mill Transport / Voxel Bi-Weekly Sync,2023-04-23T21:00:00Z,safety_use_cases,Monitor freezer roll-up door open duration to prevent black ice,Track door open/propped-open duration on a freezer roll-up door to reduce black ice formation and isolate if the issue occurs at night.,5,"So we currently have a, you know, a certain issue with one of our roll-up doors. | So, just the blower with it in the freezer is basically, it's causing a lot of black ice, right? | So they can, you know, kind of take a look at the open door duration on that. | But from my engine, what engineering is telling me is being propped open. | If it is something that happens at night, where it's like kind of less visibility, then I can kind of, you know, track that.",True,False,Dock Safety Monitoring,False,False,5,5,,False,5.0
980ead37-1d6b-4667-83b2-04150d12e552.json,Bridge Mill Transport / Voxel Bi-Weekly Sync,2023-04-23T21:00:00Z,safety_use_cases,"Detect PIT–pedestrian proximity, PIT–PIT interactions, PPE compliance, and spills","Use Voxel to monitor person-to-PIT and PIT-to-PIT interactions, safety vests, and spills in relevant dock areas.",4,"It looks like a lot of what we're capturing is person-to-pit, pit-to-pit, and PPE. | So, safety vests. | So we'll do the, you know, just the, you know, person pit proximity, safety vest. | Of course, pit to pit, spill.",True,False,"Detect PIT–pedestrian proximity, PIT–PIT interactions, PPE compliance, and spills",False,False,5,5,,False,5.0
980ead37-1d6b-4667-83b2-04150d12e552.json,Bridge Mill Transport / Voxel Bi-Weekly Sync,2023-04-23T21:00:00Z,safety_use_cases,Monitor improper PIT parking duration at central crossway and enforce policy,Track and address PITs left parked in aisles—especially at the central crossway—using coaching and write-ups supported by Voxel evidence.,5,"The one area I wanted to highlight with you was parking duration, because that saw a pretty sharp increase this past month. | And it looks like, you know, far and away, the central crossway is the top offender. | No, they're not supposed to. | We coach them or we do a write-up, and it's the back and forth with the union on what's okay. | once we have the coaching, the next time it's like, hey, we've already spoken, here's the incident, it's bookmarked. Now it's just a write-up, right?",True,False,PIT Parking Duration Monitoring,False,True,4,4,Label specifies 'Monitor improper PIT parking duration' but evidence doesn't explicitly confirm the parking is 'improper' - just that duration increased and coaching occurs per policy,False,4.0
980ead37-1d6b-4667-83b2-04150d12e552.json,Bridge Mill Transport / Voxel Bi-Weekly Sync,2023-04-23T21:00:00Z,safety_use_cases,Use Actions workflow for coaching and to measure impact on incidents,"Assign and complete actions for safety incidents, use the platform to coach, and track the effect of completed actions on incident trends.",5,"we have our supervisors night and morning. assign them. | Coaching and, you know, pretty much do what we can. | If we see any issues, it normally comes up as like a little fire emoji on it. | when you guys actually complete an action now, it adds a marker into your platform data. | it shows, you know, after each particular incident and after each completed action, what is the effect thereafter on our data?",True,False,Actions Workflow and Coaching,False,False,5,5,,False,5.0
980ead37-1d6b-4667-83b2-04150d12e552.json,Bridge Mill Transport / Voxel Bi-Weekly Sync,2023-04-23T21:00:00Z,safety_use_cases,Incident heat mapping to identify hotspots,Leverage heat mapping to understand where incidents occur most frequently within camera views for strategic prioritization.,2,"we can definitely make the next meeting a little bit more strategic in the sense that, like, we'll go into opportunity areas, we'll have the full group together. | We can understand, you know, heat mapping, where do different incidents occur most frequently within your camera views",True,False,Safety Heatmaps and Hotspot Analysis,False,False,5,5,,False,5.0
980ead37-1d6b-4667-83b2-04150d12e552.json,Bridge Mill Transport / Voxel Bi-Weekly Sync,2023-04-23T21:00:00Z,nonsafety_use_cases,Address PIT parking duration impacting aisle flow at central crossway,Monitor and reduce PITs left parked in travel aisles at the central crossway to maintain flow and policy compliance using coaching and write-ups.,4,"The one area I wanted to highlight with you was parking duration, because that saw a pretty sharp increase this past month. | And it looks like, you know, far and away, the central crossway is the top offender. | No, they're not supposed to. | We coach them or we do a write-up, and it's the back and forth with the union on what's okay.",True,False,Traffic Flow and Congestion,False,False,5,4,,False,4.5
980ead37-1d6b-4667-83b2-04150d12e552.json,Bridge Mill Transport / Voxel Bi-Weekly Sync,2023-04-23T21:00:00Z,nonsafety_use_cases,Reduce Chipotle dry dock congestion by splitting shifts,Alleviate dock congestion by running the numbers on splitting shifts to reduce the number of pallets staged at once.,3,"we're working on some, alleviate some of the congestions that we have in Chipotle dry dock. | that is something that I'm pretty much running the numbers on, splitting the shifts. | So when that happens, it will be a lot less pallets on that stage.",True,False,Traffic Flow and Congestion,False,False,5,5,,False,5.0
9f23bf36-bb37-4f9f-bbe9-5d7a70759ea9.json,Bridge Mill Transport / Voxel Bi-Weekly Sync,2022-09-26T21:00:00Z,safety_use_cases,End-of-aisle stop compliance enforcement,"Monitor and reduce ""no-stop at end of aisle"" events, assess whether recent increases are anomalies, and evaluate enforcement tactics such as posting personnel at intersections.",3,There's an increase in no-stop at end of aisle. | He placed our modified duty guys in the intersections that should have helped out decrease it. | you've done a lot of work to reduce the no-stops.,True,False,Intersection Stop Compliance,False,False,5,5,,False,5.0
9f23bf36-bb37-4f9f-bbe9-5d7a70759ea9.json,Bridge Mill Transport / Voxel Bi-Weekly Sync,2022-09-26T21:00:00Z,safety_use_cases,Ergonomic improper bending and overreaching reduction,"Detect improper lifting and overreaching, identify hotspots by camera/time, and coach employees to lift properly to reduce ergonomic risks.",5,"It looks like biggest opportunity there is in proper bending. | some uptick and overreaching. | what I wanted to highlight today was the ergonomics, the improper bend and overreaching in addition to the no-stops. | They're bending at the hip, not the knees. | I'm just kind of trying to think of, just trying to figure out how to, you know, get that, the lifting, you know, properly.",True,False,Ergonomic Risk Detection,False,False,5,5,,False,5.0
9f23bf36-bb37-4f9f-bbe9-5d7a70759ea9.json,Bridge Mill Transport / Voxel Bi-Weekly Sync,2022-09-26T21:00:00Z,safety_use_cases,Adjust ergonomics detection for exoskeleton users,"Request the ability to tune or adjust ergonomic detection sensitivity given exoskeleton use, to reduce pings that may not reflect unsafe lifting.",4,"obviously with the exoskeleton just kind of, I mean, I'm just, you know, I would watch a video and I feel like, okay, well, you know, they picked it up just regular, you know, maybe not, you know, fully using their like, you know, legs, right, to pick up the cases or it's a little bit like off their body. | and then it'll just like ping it right away. | And I mean, is there any adjustments on those ergonomic improper bends? | So improper bend and overreaching, we can't modify because it's based on the Posture Risk Index classification system.",True,False,Ergonomic Risk Detection,False,False,5,5,,False,5.0
9f23bf36-bb37-4f9f-bbe9-5d7a70759ea9.json,Bridge Mill Transport / Voxel Bi-Weekly Sync,2022-09-26T21:00:00Z,safety_use_cases,PIT-to-PIT proximity hazard analysis for layout changes,Review PIT-to-PIT proximity events and consider changes to facility design or layout to mitigate collision risk.,2,"To pit proximity, that's an interesting one. I think we should look at those. | I'm always interested in those because sometimes that's something we can address with, you know, design or layout of the DC.",True,False,PIT-to-PIT Proximity Monitoring,False,False,5,5,,False,5.0
9f23bf36-bb37-4f9f-bbe9-5d7a70759ea9.json,Bridge Mill Transport / Voxel Bi-Weekly Sync,2022-09-26T21:00:00Z,safety_use_cases,Aisle obstruction monitoring,Identify and reduce obstructions such as pallets left in aisles that create hazards for pedestrians and equipment.,2,What's obstruction? | That's like pallets and aisles.,True,False,Obstruction and Egress Monitoring,False,False,2,4,"Evidence only mentions 'pallets and aisles' without confirming monitoring, hazard reduction, or the full use case described in the label",False,3.0
9f23bf36-bb37-4f9f-bbe9-5d7a70759ea9.json,Bridge Mill Transport / Voxel Bi-Weekly Sync,2022-09-26T21:00:00Z,safety_use_cases,Safety vest compliance tracking,"Track and improve safety vest compliance across sites, noting recent decreases in incidents.",1,You've actually seen a pretty sharp decrease in safety vest incidents.,True,False,Safety vest compliance tracking,False,False,2,3,Evidence mentions decrease in incidents but doesn't confirm tracking/improvement efforts or multi-site implementation; label overstates what's supported,False,2.5
9f23bf36-bb37-4f9f-bbe9-5d7a70759ea9.json,Bridge Mill Transport / Voxel Bi-Weekly Sync,2022-09-26T21:00:00Z,safety_use_cases,Heatmaps to identify safety hotspots,"Use heatmaps to localize where and when incidents occur (e.g., specific aisles and times) to focus interventions.",4,I know you guys are heatmaps beta testers. | And almost all of it is concentrated to the Aisle Camera 3. | it shows you that these two sections are where a lot of this is occurring. | the most prominent occurrence is Wednesdays around 3 a.m..,True,False,Safety Heatmaps and Hotspot Analysis,False,False,5,5,,False,5.0
9f23bf36-bb37-4f9f-bbe9-5d7a70759ea9.json,Bridge Mill Transport / Voxel Bi-Weekly Sync,2022-09-26T21:00:00Z,safety_use_cases,Actions workflow to assign and track safety corrective actions,"Leverage the new Actions workflow to create prescriptive next steps, assign owners, set due dates, and follow through on safety incident resolutions.",8,"We're actually launching a new tool today that just went live for all of our customers that will up-level a little bit of your coaching and incident resolution processes based on the old workflow that you guys were using. | create action | It gives prescriptive next steps in terms of how you can address this. | It allows for people to be assigned to different areas as well, and you can also subscribe in order to follow the event from start to finish. | you can also include a due date. | The suggested actions is something I'd point to your attention, because this is based on the most common interventions that our customers take. | I mean, for us, this is going be super helpful. | now it's just clicking on it. We don't necessarily need to type it all in.",True,False,Actions Workflow and Coaching,False,False,5,5,,False,5.0
9f23bf36-bb37-4f9f-bbe9-5d7a70759ea9.json,Bridge Mill Transport / Voxel Bi-Weekly Sync,2022-09-26T21:00:00Z,nonsafety_use_cases,Actions workflow for incident and task management,"Use the Actions workflow to streamline assignment, accountability, due dates, and suggested actions, reducing manual typing and improving follow-through.",7,"create action | It gives prescriptive next steps in terms of how you can address this. | It allows for people to be assigned to different areas as well, and you can also subscribe in order to follow the event from start to finish. | you can also include a due date. | The suggested actions is something I'd point to your attention, because this is based on the most common interventions that our customers take. | I mean, for us, this is going be super helpful. | now it's just clicking on it. We don't necessarily need to type it all in.",True,False,Action Tracking and Accountability,False,False,5,4,,False,4.5
9f23bf36-bb37-4f9f-bbe9-5d7a70759ea9.json,Bridge Mill Transport / Voxel Bi-Weekly Sync,2022-09-26T21:00:00Z,nonsafety_use_cases,Year-over-year incident trend reporting and comparison,Generate reports to see trends by area and compare incident volumes year-over-year to quantify improvement.,4,"see how we're trending in the different areas and see how there's some areas that we've seen notable improvements, some areas that we need to see improvement | is there any way you can tell me from last year, this month, how much, like we have 47,000 right now, but how much we had in the last year on this time? | I want to compare the number to this one that I have right now. | If you go into reports, that's available as well.",True,False,Safety Analytics and Reporting,False,False,5,3,Label should be categorized as 'safety_use_cases' since year-over-year incident trend reporting directly supports safety improvement and risk reduction objectives.,False,4.0
9f23bf36-bb37-4f9f-bbe9-5d7a70759ea9.json,Bridge Mill Transport / Voxel Bi-Weekly Sync,2022-09-26T21:00:00Z,nonsafety_use_cases,Facial recognition to identify individuals in footage,"Desire to tag individuals in video (facial ID) to link events to specific employees, aiding other camera reviews for mistakes and accountability.",3,"are you now able to actually put a name onto, like, someone that we know, okay, if this, like, they could, AI can actually, like, know who that person is? Like facial ID? | No, that's not part of our plans currently. | we do have other kind of camera reviews for like mistakes and things like that, you know, that'll really, and it would just like help us out a lot on trying to figure out, you know, that on the other side",True,False,Facial Recognition and Identity,False,False,5,5,,False,5.0
c3ceb91a-e15d-4326-8a39-cfdb26dde294.json,Summit Span Solutions / Voxel Sync,2023-10-22T16:30:00Z,nonsafety_use_cases,Getting sites onto the same schedule,Discuss getting sites onto the same schedule and simplifying future paperwork without keeping detailed renewal terms.,3,We talked about getting multiple sites onto the same schedule going forward. | We also talked about paperwork that would make things simpler to manage over time. | It would also help to standardize how this is handled across sites so there are fewer surprises.,False,True,Multi-Site Rollout Planning,True,False,4,3,Label mentions 'simplifying future paperwork without keeping detailed renewal terms' but evidence only vaguely references 'paperwork that would make things simpler' without the renewal terms detail,True,3.5
c3ceb91a-e15d-4326-8a39-cfdb26dde294.json,Summit Span Solutions / Voxel Sync,2023-10-22T16:30:00Z,nonsafety_use_cases,Timing follow-up around internal planning,Discuss when routine follow-up should happen so it lines up better with the customer's internal planning process without keeping detailed billing mechanics.,5,What would the site need from us for that next round of follow-up? | We just need enough lead time to plan for it internally. | We should try to line this up with your internal planning cycle. | There would also be another follow-up shortly after that next renewal point. | It would be better if that follow-up lined up more closely with your internal planning cycle.,False,True,Contract and Commercial Terms,True,False,5,4,,False,4.5
c3ceb91a-e15d-4326-8a39-cfdb26dde294.json,Summit Span Solutions / Voxel Sync,2023-10-22T16:30:00Z,nonsafety_use_cases,Update contracts to reflect new leadership and stakeholders,"Provide executed order forms or a new contract that includes the new plant director, removes outdated contacts, and brings the EHS consulting firm into the agreement.",6,"Now, I know that we have the contract somewhere, but when you send out the bill, do you also send out a new contract for the new leadership? | Yeah, we can send out, we can sign out the executed order forms, and then if we come together, we could, if we wanted to craft something new to supersede these, you know, we could draft something new that we could then sign. | Because I think we need that, no, I don't think, I know that we need to, at the very least, to include Rich Turvey, the plant, the new plant. | Director on this, since he's going to be signing off on it. | And then also, too, we can probably pull out, you know, I guess, Ryan Rouse as well. | And we need to actually contract that out with the EHS consultation firm.",False,True,Contract and Commercial Terms,True,False,5,4,,True,4.5
c3ceb91a-e15d-4326-8a39-cfdb26dde294.json,Summit Span Solutions / Voxel Sync,2023-10-22T16:30:00Z,nonsafety_use_cases,Contract renewal language clarification,"Clarify how the existing renewal language works and what written notice could affect in future periods, without preserving the exact clause mechanics.",4,I want to confirm what our obligations are under the current contract timing. | My understanding is that written notice after the upcoming renewal point could affect a later period. | So written notice could still be submitted shortly after that renewal timing. | And then that notice would be taken into account for the following period.,False,True,Contract and Commercial Terms,True,False,5,5,,True,5.0
c3ceb91a-e15d-4326-8a39-cfdb26dde294.json,Summit Span Solutions / Voxel Sync,2023-10-22T16:30:00Z,nonsafety_use_cases,Longer-term commercial options,Discuss longer-term commercial options in general terms to make adoption more manageable without preserving specific pricing or renewal changes.,3,Leadership is putting a lot more pressure on us to show clear value for anything we buy right now. | We have a few ideas that could make the arrangement easier for the team to manage. | We also talked about a longer-duration option with adjusted terms and a simpler renewal process.,False,True,Contract and Commercial Terms,True,False,3,2,Label description contains contradictory language ('without preserving specific pricing or renewal changes' unclear); evidence mentions 'longer-duration option' and 'simpler renewal process' but lacks specificity about what commercial options were discussed; bucket may be incorrect as commercial terms relate to product adoption.,False,2.5
be401ee4-de53-401a-b1ad-d26e3ae2d018.json,Jetty Steel Systems / Voxel Call,2023-03-18T18:30:00Z,safety_use_cases,Ergonomics monitoring (improper bends and overreaching),Use Voxel to detect improper bending and overreaching to target ergonomic improvements and training.,2,"pretty consistently ergonomics was a core concern, improper bend over reaching | a lot of our focus here is on the ergonomics, and that's kind of really helped us focus in on some areas that, you know, we need to really work on and be aware of.",True,False,Ergonomic Risk Detection,False,False,5,5,,False,5.0
be401ee4-de53-401a-b1ad-d26e3ae2d018.json,Jetty Steel Systems / Voxel Call,2023-03-18T18:30:00Z,safety_use_cases,"Forklift and pedestrian/intersection safety (PIT-to-person, PIT-to-PIT, no stops, no PED zones)","Monitor PIT and pedestrian interactions, no-stop compliance at intersections, and no-pedestrian-zone intrusions to reduce collision risk.",4,"pit to pit, pit to person | In addition to that, no PED zone, obstructions, no stop at end of vial. | no stops are rising at a 20-30% trend at loading base seed. | I think that would be beneficial, especially like in forklift-type scenarios.",True,False,PIT-Pedestrian Proximity Monitoring,False,False,4,4,,False,4.0
be401ee4-de53-401a-b1ad-d26e3ae2d018.json,Jetty Steel Systems / Voxel Call,2023-03-18T18:30:00Z,safety_use_cases,"PPE compliance monitoring (hard hats, vests, gloves)","Detect PPE usage such as hard hats, safety vests, and gloves, and address detection accuracy concerns flagged by the team.",3,"PPE, safety vest and hard hats. | we had some challenges with it picking out like the PPE usage, and so sometimes it thought that people didn't have gloves on when they actually did have them on | specifically, like, PPE, ergonomics, and also, like, line of fire type hazards",True,False,PPE Compliance Monitoring,False,True,5,5,,False,5.0
be401ee4-de53-401a-b1ad-d26e3ae2d018.json,Jetty Steel Systems / Voxel Call,2023-03-18T18:30:00Z,safety_use_cases,Working at heights detection (beta),Leverage beta working-at-heights detections on identified cameras to flag elevated work risks.,1,"there were a few cameras, each at Argyll and Loon Lake, that did qualify for one of our more experimental use cases, working at heights. That's still in beta at this point",True,False,Working at Heights Detection,False,False,5,5,,False,5.0
be401ee4-de53-401a-b1ad-d26e3ae2d018.json,Jetty Steel Systems / Voxel Call,2023-03-18T18:30:00Z,safety_use_cases,Line-of-fire hazard observation support,"Align camera observations with company safety observation categories, including line-of-fire hazards, to enable timely retraining.",2,"using the cameras, I like to see it kind of align with some of the things we're doing as a company with, like, safety observations, you know, specifically, like, PPE, ergonomics, and also, like, line of fire type hazards, but obviously with the forklifts, I think it supports it pretty well. | anytime we can get information like that, that we're able to immediately share and touch base with people that we can identify that might need some retraining, it helps.",True,False,Line-of-Fire Hazard Detection,False,False,5,5,,False,5.0
be401ee4-de53-401a-b1ad-d26e3ae2d018.json,Jetty Steel Systems / Voxel Call,2023-03-18T18:30:00Z,safety_use_cases,Obstruction hazard monitoring,Monitor for obstructions in work areas as a safety risk to address.,1,"In addition to that, no PED zone, obstructions, no stop at end of vial.",True,False,Obstruction and Egress Monitoring,False,False,4,4,,False,4.0
be401ee4-de53-401a-b1ad-d26e3ae2d018.json,Jetty Steel Systems / Voxel Call,2023-03-18T18:30:00Z,safety_use_cases,Accountable coaching and training via Actions tied to incident clips,Use Voxel clips and the Actions workflow to create accountable coaching and training tasks for safety behaviors with due dates and owners.,3,"Do you have any like behavioral-based safety programs in place today that you used, you know, the Voxel clips for sort of servicing the examples for coaching opportunities? | But it could support it in that regard, you know, just doing like refresher and retraining type things when we identify instances that need it. | we will also be surfacing a list of three suggested actions that are based on common interventions we've seen previously for this incident type... Coaching a certain person, training or retraining the team, and thirdly, something that may require, you know, a longer process",True,False,Action Tracking and Accountability,False,False,5,5,,False,5.0
be401ee4-de53-401a-b1ad-d26e3ae2d018.json,Jetty Steel Systems / Voxel Call,2023-03-18T18:30:00Z,safety_use_cases,Safety hotspot prioritization using heatmaps,Use heatmaps and by-camera views to identify where incidents concentrate and prioritize safety interventions in those areas.,3,"what this allows you to do is, based on this information here for the last about a month in this camera view, you can see through the control box view where are these events happening the most. | that heat map is definitely a good one... it helps you, like you said, home in or focus on, from a priority perspective of just where is this happening the most? | I think that would be beneficial, especially like in forklift-type scenarios.",True,False,Safety Heatmaps and Hotspot Analysis,False,False,5,5,,False,5.0
be401ee4-de53-401a-b1ad-d26e3ae2d018.json,Jetty Steel Systems / Voxel Call,2023-03-18T18:30:00Z,nonsafety_use_cases,Data overload management via Boards and filtered default views,"Reduce data overload by creating Boards filtered by incident, camera, or shift, set as user defaults, and surface weekly top opportunities with a few representative clips.",3,"there was just a load of stuff in there. It's like, well, what do we do with it, right?... make it more digestible? | we have the ability to create a board based on incident types, cameras, and also shifts... We can make boards a default for anyone... When I log into Voxel, I land right on the board. | This is a collection of two to four opportunities... I have just five video examples here. So forget thousands. It's just the top five.",True,False,Dashboard and UI Customization,False,False,5,5,,False,5.0
be401ee4-de53-401a-b1ad-d26e3ae2d018.json,Jetty Steel Systems / Voxel Call,2023-03-18T18:30:00Z,nonsafety_use_cases,Weekly trend reporting and executive/corporate views,"Provide weekly and corporate-level incident views via filters, reports, and a summary dashboard to focus reviews across sites.",4,"is there a way to look at it from a, you more corporate view to see what we're seeing? | if it could be almost like segmented by week to say what happened this past week... to say, this is the things that I can review with our team... almost like a weekly dashboard of some sort. | we're continuing to improve that summary dashboard experience. | reports... give you just very briefly a lot of information about, you know, camera-specific events, breaking down events by type, and then give you a little bar graph that, again, is clickable.",True,False,Safety Analytics and Reporting,False,False,5,3,"Label bucketed as 'nonsafety_use_cases' but weekly incident/event reporting and dashboards are core safety monitoring features, not non-safety use cases.",False,4.0
be401ee4-de53-401a-b1ad-d26e3ae2d018.json,Jetty Steel Systems / Voxel Call,2023-03-18T18:30:00Z,nonsafety_use_cases,Accountable coaching and training via Actions tied to incident clips,"Use the Actions feature to create, assign (single owner), and track tasks with due dates, email notifications, and linked evidence to drive follow-through.",3,"Do you have any like behavioral-based safety programs in place today that you used, you know, the Voxel clips for sort of servicing the examples for coaching opportunities? | But it could support it in that regard, you know, just doing like refresher and retraining type things when we identify instances that need it. | we will also be surfacing a list of three suggested actions that are based on common interventions we've seen previously for this incident type... Coaching a certain person, training or retraining the team, and thirdly, something that may require, you know, a longer process",True,False,Action Tracking and Accountability,False,False,5,4,,False,4.5
be401ee4-de53-401a-b1ad-d26e3ae2d018.json,Jetty Steel Systems / Voxel Call,2023-03-18T18:30:00Z,nonsafety_use_cases,Distributed area ownership via Boards and tier process,Establish area champions/owners with their own Boards and incorporate reviews into tiered daily/weekly management to avoid bottlenecks.,3,"we have to create almost like area champions in a way where they have their own dashboard of those areas that they're managing | each of those areas have owners, right? So we could tie that into what you're saying, right? And they could be a daily topic, a weekly topic... incorporate right into our daily management. | you could create as many as you want here, and then you could add a restrict access based on certain folks... they could each have their own board that they kind of land on and engage with and are responsible for.",True,False,Dashboard and UI Customization,False,False,5,5,,False,5.0
be401ee4-de53-401a-b1ad-d26e3ae2d018.json,Jetty Steel Systems / Voxel Call,2023-03-18T18:30:00Z,nonsafety_use_cases,Heatmap-based prioritization of reviews,Use heatmaps and by-camera filters to focus reviews on hotspots without sifting through all incidents.,2,"what this allows you to do is, based on this information here for the last about a month in this camera view, you can see through the control box view where are these events happening the most. | that heat map is definitely a good one... it helps you, like you said, home in or focus on, from a priority perspective of just where is this happening the most?",True,False,Heatmap Analytics,False,False,5,4,,False,4.5
be401ee4-de53-401a-b1ad-d26e3ae2d018.json,Jetty Steel Systems / Voxel Call,2023-03-18T18:30:00Z,nonsafety_use_cases,Camera coverage planning and rescoping to address blind spots,"Evaluate existing camera placements, identify blind spots, and adjust coverage as needed to improve event capture.",4,"just evaluate where cameras are, right? And do we have any blind spots? | The system works with the existing camera setup, so if there are blind spots, the site may need to add more coverage. | for any existing cameras that you want to review, we can look at the current coverage together and discuss adjustments that would improve event capture. | Expanding to broader camera coverage may require additional deployment planning as the installation grows.",True,False,Camera Coverage Expansion,False,False,5,2,Label is accurately supported by evidence but incorrectly bucketed as 'nonsafety_use_cases' when camera coverage planning for blind spots is directly related to safety monitoring effectiveness,False,3.5
be401ee4-de53-401a-b1ad-d26e3ae2d018.json,Jetty Steel Systems / Voxel Call,2023-03-18T18:30:00Z,nonsafety_use_cases,Standardize monitored incident types across sites,Align on a common set of incident types to observe and collect across all a few sites for consistent data and roll-ups.,2,"we really haven't got together to, I guess, narrow the scope on what are the core risks that we want to focus on. | get on the same page so that we understand what each site is at least collecting. Or, I should say, observing and then collecting information on those risks that we decided on.",True,False,Incident Type Standardization,False,False,5,3,"Label incorrectly bucketed as 'nonsafety_use_cases' when the evidence clearly discusses monitoring 'core risks' and collecting information on risks, which are safety-related activities",False,4.0
78509364-d178-4959-8806-043f2025efe1.json,Harbor Harbor Supply Voxel Training ,2024-07-11T16:30:00Z,safety_use_cases,Exterior crosswalk and stop compliance monitoring,Monitor the associate entrance drive lane and crosswalk for failure to stop and vehicles blocking the crosswalk to improve pedestrian safety.,3,"Debra wanted me to focus on the exterior camera that we have for our drive lane and crosswalk for outside. | I think we only have two points of metrics on that singular camera too. It's just a failure to stop and I believe nothing in the crosswalk. | Yeah, it's the stops right here and then nothing, sort of, no vehicles blocking this region.",False,False,Crosswalk and Walkway Compliance,False,False,5,5,,False,5.0
78509364-d178-4959-8806-043f2025efe1.json,Harbor Harbor Supply Voxel Training ,2024-07-11T16:30:00Z,safety_use_cases,Spill detection to prevent slip/corrosive hazards,"Detect and surface spills, including hazardous or corrosive spills, to mitigate slip/fall and exposure risks.",3,"As far as the spills, we did have a pretty substantial spill that Voxel didn't catch | It was a corrosive spill, too. | Spills weren't turned on here, so that might explain it.",False,False,Spill Detection and Monitoring,False,False,5,4,,False,4.5
78509364-d178-4959-8806-043f2025efe1.json,Harbor Harbor Supply Voxel Training ,2024-07-11T16:30:00Z,safety_use_cases,PIT-to-pedestrian and PIT-to-PIT proximity monitoring,Monitor powered industrial truck (PIT) proximity to pedestrians and other PITs to identify high-risk interactions and focus interventions.,2,"As far as a little bit of feedback on the pit to pits and the person to pits, it's triggering a lot | I'm keeping away, I guess, because I'm kind of more frustrated on the person to pit and the pit to pitch just because of the ranging. It'll trigger at anything, basically.",False,False,PIT-Pedestrian Proximity Monitoring,False,False,5,5,,False,5.0
78509364-d178-4959-8806-043f2025efe1.json,Harbor Harbor Supply Voxel Training ,2024-07-11T16:30:00Z,safety_use_cases,No pedestrian zones enforcement (inside warehouse),Detect pedestrians entering designated no-pedestrian zones to reduce risk of PIT/pedestrian conflicts.,2,"Yeah, so, we could do, you know, on certain things, like no pedestrian zones, this is where I was getting into, like, that area controls | Just to reiterate on my side, on the bookmarks, I've been mostly checking up on the no stop at and the vials and the no pedestrian zone.",False,False,No-Pedestrian Zone Enforcement,False,False,4,4,,False,4.0
78509364-d178-4959-8806-043f2025efe1.json,Harbor Harbor Supply Voxel Training ,2024-07-11T16:30:00Z,safety_use_cases,Obstruction detection in walk paths and drive lanes,Identify obstructions that block walk paths or drive lanes to prevent unsafe conditions and congestion.,1,"Again, as far as reviewing for me, I feel more that I'm going to the no stop at end of the stop signs, the obstructions, and also the no pedestrian zone.",False,False,Obstruction and Egress Monitoring,False,False,4,5,,False,4.5
78509364-d178-4959-8806-043f2025efe1.json,Harbor Harbor Supply Voxel Training ,2024-07-11T16:30:00Z,safety_use_cases,Shift-level safety trend analysis,"Use boards to segment safety incidents by shift to understand where certain unsafe behaviors (e.g., rolling stops) are more prevalent and target interventions.",2,"It's sort of understanding, you know, trends by shifts, understanding sort of what's happening by shift. | no stops are, you know, almost two X's happening as often during shift three.",False,False,Impact Measurement and Trend Analysis,False,False,5,5,,False,5.0
78509364-d178-4959-8806-043f2025efe1.json,Harbor Harbor Supply Voxel Training ,2024-07-11T16:30:00Z,safety_use_cases,Actions workflow to drive behavior change and accountability,"Assign incidents and share clips with supervisors to identify individuals, coach behaviors, and ensure corrective actions are taken.",3,"The whole point is trying to get pertinent examples in the hand of folks that can sort of drive the right behavioral changes and some accountability that the actions are being taken. | The operations supervisors aren't part of it. But if I wanted to send that URL to them for an identification or whatnot, you know, without having them directly with me or being at the same facility with them, I mean, there's no way to kind of do so without end up going through their WebEx or Teams and doing kind of a screen share | that's one reason why a lot of our customers will involve those department or shift supervisors, because while you may not know who that person is, they definitely know who the guy in the white hat is.",False,False,Actions Workflow and Coaching,False,False,5,5,,False,5.0
78509364-d178-4959-8806-043f2025efe1.json,Harbor Harbor Supply Voxel Training ,2024-07-11T16:30:00Z,safety_use_cases,Facility layout adjustments to reduce PIT proximity risk,"Leverage Voxel observations to guide physical changes (e.g., moving railings, expanding drive lanes) that reduce PIT-to-PIT proximity and associated risk.",1,"if there's something that can be done here to, you know, sort of more clearly define those drivelines and not have the proximity trigger, like it is moving a railing back two feet and expanding that drivelines, you would see a pretty significant decrease sort of overnight in terms of the pit-to-pit observations",False,False,Facility Layout and Engineering Controls,False,False,5,5,,False,5.0
78509364-d178-4959-8806-043f2025efe1.json,Harbor Harbor Supply Voxel Training ,2024-07-11T16:30:00Z,nonsafety_use_cases,Security/area control and after-hours presence detection,"Detect people in restricted areas or during off-hours (e.g., 1 a.m..–6 a.m..) using existing cameras, including exterior views, for security and area control.",2,"We definitely have a lot of customers leveraging us for sort of security and area control type use cases, where it's like, did we detect a person in this area? | if we wanted to say, you know, let's make sure that there's no one in this area between the hours of 1 a.m.. and 6 a.m.., you know, we could sort of flag if anyone is there.",False,False,Restricted Area and Access Control,False,False,5,4,,False,4.5
78509364-d178-4959-8806-043f2025efe1.json,Harbor Harbor Supply Voxel Training ,2024-07-11T16:30:00Z,nonsafety_use_cases,Identity resolution for incident investigations (facial recognition request),Desire to identify individuals involved in incidents more efficiently; inquiry about AI facial recognition (not supported due to policy).,3,"Is your software capable of, I guess, doing AI facial recognition? | I'm finding the infraction perfectly. I'm just not finding the person perfectly. | Like, who's the guy with the white hat or the blue hat? And I'm just there for half hour trying to find him.",False,False,Facial Recognition and Identity,False,False,5,5,,False,5.0
78509364-d178-4959-8806-043f2025efe1.json,Harbor Harbor Supply Voxel Training ,2024-07-11T16:30:00Z,nonsafety_use_cases,Product and infrastructure damage detection (collisions with racks/product),"Detect collisions involving PITs and stationary objects (racks, pallets, product) to reduce asset damage and support investigations; acknowledged as a capability in development.",3,"There's also, on this camera feed, there was a pit-to-pit hit. Well, a pallet-to-pit still. Still. A unit-to-unit hit, and it didn't trigger, actually, either. | if a power-industrial truck were to strike a rack, or, in this case, like, product or a pallet, that's something we're actively working into that detection, but that's not something we have available today. | there's a lot of product damage or, you know, infrastructure damage use cases that our customers are quite interested in.",False,False,Product Damage and Shrink Reduction,False,False,5,4,Label correctly describes the use case but bucketing as 'nonsafety' is questionable given that collision detection reduces asset damage and supports safety investigations,False,4.5
45f3120e-3169-4083-8b5c-c97d0f20cb0c.json,Voxel AI Demo,2022-05-22T16:00:00Z,safety_use_cases,Ergonomic risk identification (improper bend/lift using Posture Risk Index),"Identify ergonomic risks on production lines (e.g., improper bending/lifting) and capture incidents to reduce high ergonomic injury rates.",3,"priority one is identifying ergonomic risk, near miss risk, and then vehicle risk and some compliance. | We're up around like 65 or 70 percent ergonomic-related injuries right now. | Our system does work off of live data, so we're monitoring, we're pulling, we're looking, we see an improper bend based on Posture Risk Index analysis, we'll fire up the exoskeleton.",True,False,Ergonomic Risk Detection,False,False,5,3,"Label mentions '(improper bend/lift using Posture Risk Index)' but evidence shows PRI analysis triggers exoskeleton activation, suggesting this may not be Voxel's camera AI but rather a different system or integration",True,4.0
45f3120e-3169-4083-8b5c-c97d0f20cb0c.json,Voxel AI Demo,2022-05-22T16:00:00Z,safety_use_cases,Near-miss risk identification,Detect and identify near-miss events in the facility as a priority safety objective.,1,"priority one is identifying ergonomic risk, near miss risk, and then vehicle risk and some compliance.",True,False,Near-Miss Detection and Reporting,False,False,5,5,,False,5.0
45f3120e-3169-4083-8b5c-c97d0f20cb0c.json,Voxel AI Demo,2022-05-22T16:00:00Z,safety_use_cases,PIT–pedestrian proximity and interaction monitoring,Monitor powered industrial trucks and pedestrian interactions to detect proximity violations and improve pedestrian safety.,3,"We talked about, you know, leading indicators of risk in the facility, whether that was, you know, powered industrial trucks, ergonomics, pedestrian safety, suspended load. | Here's an area that's really solid for pedestrian and powered industrial truck interaction, those types of scenarios, given the use cases that y'all saw earlier. | And then if there's a, you know, forklift and pedestrian proximity violation in that same camera view, we'll fire that up as a separate event.",True,False,PIT-Pedestrian Proximity Monitoring,False,False,5,5,,False,5.0
45f3120e-3169-4083-8b5c-c97d0f20cb0c.json,Voxel AI Demo,2022-05-22T16:00:00Z,safety_use_cases,Forklift stop-at-intersection compliance tracking and analytics,Track forklift stop compliance at intersections and quantify compliance rates across all opportunities to enforce safety rules.,4,"let's say that we're tracking a forklift, no stop at intersection, okay? | Make sure that that forklift or that pallet jack or that tugger or whatever vehicle it is that you have makes a full and complete stop there and then continues on. | We're capturing all of the vehicles moving through there. | We're able to give you the compliance of, hey, you complied to the stop rule 90-100% of the time because we see every opportunity to flag an event, and then, you know.",True,False,Forklift Intersection Compliance,False,False,5,5,,False,5.0
45f3120e-3169-4083-8b5c-c97d0f20cb0c.json,Voxel AI Demo,2022-05-22T16:00:00Z,nonsafety_use_cases,Use historical data to support internal review,Use historical facility data and incident trends to support an internal business case.,3,Do you have historical facility data we could use for that conversation? | We usually look at historical incident patterns and before-and-after comparisons to tell that story without getting too detailed. | I can get that data fairly easily.,True,False,Historical Data Review,False,False,5,5,,False,5.0
45f3120e-3169-4083-8b5c-c97d0f20cb0c.json,Voxel AI Demo,2022-05-22T16:00:00Z,nonsafety_use_cases,Validate detection accuracy/precision and false positive/negative thresholds in dense production cells,Assess how accurately the platform identifies issues in tightly condensed manufacturing areas and establish acceptable misjudgment/over-judgment thresholds.,6,"the identification of an issue and how accurate that identification is. | So if we get, you know, hundreds of instances, are 100 of them false, how are they validated, some of that kind of stuff. | put it in an area that's fairly condensed. | are they able to pick out the, the issues within that confined space? | we look at what we call the misjudgment or overjudgment rate. | So if we get thousands of alerts, typically it would say 90-100% of them have to be actual incidents. And then 5-10% over-judgment is acceptable.",True,False,Detection Accuracy Validation,False,False,5,3,"Label should be categorized as 'safety_use_cases' since validating detection accuracy in production cells relates to identifying safety/operational issues, not a non-safety application.",False,4.0
45f3120e-3169-4083-8b5c-c97d0f20cb0c.json,Voxel AI Demo,2022-05-22T16:00:00Z,nonsafety_use_cases,Forklift stop-at-intersection compliance tracking and analytics,Track forklift stop compliance at intersections and quantify compliance rates across all opportunities to enforce safety rules.,4,"let's say that we're tracking a forklift, no stop at intersection, okay? | Make sure that that forklift or that pallet jack or that tugger or whatever vehicle it is that you have makes a full and complete stop there and then continues on. | We're capturing all of the vehicles moving through there. | We're able to give you the compliance of, hey, you complied to the stop rule 90-100% of the time because we see every opportunity to flag an event, and then, you know.",True,False,Forklift Intersection Compliance,False,False,5,1,"This is clearly a safety use case (tracking stop compliance at intersections to enforce safety rules), but it's categorized in 'nonsafety_use_cases' bucket",False,3.0
0511afa9-94d6-4a22-a384-11efbef34dfe.json,Voxel Legacy Drive Fabrication,2024-08-14T18:00:00Z,safety_use_cases,Front-of-store hotspot monitoring,Focus monitoring on the parts of the store that see the most issues rather than covering the entire store.,3,"We always tend to have more issues up front during the holiday season. | That broader issue near the front of the store is what we keep running into. | If we could identify one or two areas of a store where most customer-related claims happen, is there an opportunity for us to focus on those areas without covering the entire store?",True,False,Retail-Specific Safety Monitoring,False,False,5,5,,False,5.0
0511afa9-94d6-4a22-a384-11efbef34dfe.json,Voxel Legacy Drive Fabrication,2024-08-14T18:00:00Z,safety_use_cases,Compliance monitoring: blocked exits and extinguishers,Detect and alert on compliance hazards such as blocked emergency exits and blocked fire extinguishers to prevent fines and reduce risk.,2,"Blocked Exits, Blocked Fire Extinguishers, those kind of things are also a good potential for us to focus on as well. | Obstructed Emergency Exits, if Federal Safety Bureau walks in, that's a huge fine.",True,False,Obstruction and Egress Monitoring,False,False,5,5,,False,5.0
0511afa9-94d6-4a22-a384-11efbef34dfe.json,Voxel Legacy Drive Fabrication,2024-08-14T18:00:00Z,safety_use_cases,Augment lean store teams with automated observations/alerts,"Use AI-driven alerts and automated observations to assist understaffed stores, reduce manual safety observation time, and avoid adding workload to managers.",3,"stores run with less and less team members, so how can we bring in, how can we assist our team members that maybe we don't have to hire that part-time, extra full-time person? | what we can't do is put something out there that's going to add a lot of workload | if you perform your typical safety observation, it takes around tens of minutes per observation. Utilizing voxel, it's about a third of that.",True,False,Hazard Detection and Alerting,False,False,5,5,,False,5.0
0511afa9-94d6-4a22-a384-11efbef34dfe.json,Voxel Legacy Drive Fabrication,2024-08-14T18:00:00Z,nonsafety_use_cases,Shrink reduction via service alerts in high-risk aisles,"Notify staff when shoppers interact with high-shrink items or dwell at protected fixtures, prompting service-based engagement to deter theft.",3,"I just simply would want to know when someone picks that up and walked away with it. | this item was removed from that particular shelf, and that's tied into the Voxel system, and then tied to an audio to the radios that lets the team member know that something was moved from that high shrink aisle. | identify individuals that are messing with lockup fixtures, right, or that are spending an inordinate amount of time at a lockup fixture.",True,False,Product Damage and Shrink Reduction,False,False,5,3,Label is bucketed as 'nonsafety_use_cases' but shrink reduction/theft deterrence could be considered a safety or security use case depending on taxonomy definitions.,False,4.0
0511afa9-94d6-4a22-a384-11efbef34dfe.json,Voxel Legacy Drive Fabrication,2024-08-14T18:00:00Z,nonsafety_use_cases,Customer service alerts at fabric cutting and service areas,Alert team members when customers are waiting or lingering at the fabric cutting station or similar service areas to reduce wait times and improve satisfaction.,3,"They do not like waiting, not having someone at the cutting area. | This is a fix for the cutting area. | we can turn that customer quicker at the fabric area by notifying team members.",True,False,Customer Service Monitoring,False,False,5,5,,False,5.0
0511afa9-94d6-4a22-a384-11efbef34dfe.json,Voxel Legacy Drive Fabrication,2024-08-14T18:00:00Z,nonsafety_use_cases,Merchandising analytics: dwell/end-cap engagement,"Provide insights on where shoppers congregate and how they engage with end caps and sets, including pickup activity, to inform marketing and merchandising decisions.",4,"what areas of the store are being congregated the most. | Where are our shoppers spending the most time when they're in a store location, right? | if I set this end cap that had all this merchandise, tracking the sales of that, tracking how many people are drawn based on the From marketing to that end cap to drive a sale. | How many are picking up from that location?",True,False,Merchandising and Dwell Analytics,False,False,5,5,,False,5.0
0511afa9-94d6-4a22-a384-11efbef34dfe.json,Voxel Legacy Drive Fabrication,2024-08-14T18:00:00Z,nonsafety_use_cases,Customer-incident evidence capture and faster closure,Improve capture of relevant in-store video/data to support review of customer-related incidents and enable faster closure.,4,"we all know that the appropriate film can save me a million dollars. | A lot of my claims begin with a customer walking in and end with a serious incident. | How can you help me fill those internal gaps while knowing I don't have a dime to spend on it? | The older a claim, the more expensive it gets.",True,False,Customer Incident Evidence,False,False,5,5,,False,5.0
0511afa9-94d6-4a22-a384-11efbef34dfe.json,Voxel Legacy Drive Fabrication,2024-08-14T18:00:00Z,nonsafety_use_cases,Augment lean store teams with automated observations/alerts,"Use AI-driven alerts and automated observations to assist understaffed stores, reduce manual safety observation time, and avoid adding workload to managers.",3,"stores run with less and less team members, so how can we bring in, how can we assist our team members that maybe we don't have to hire that part-time, extra full-time person? | what we can't do is put something out there that's going to add a lot of workload | if you perform your typical safety observation, it takes around tens of minutes per observation. Utilizing voxel, it's about a third of that.",True,False,Hazard Detection and Alerting,False,False,5,2,"Label is bucketed as 'nonsafety_use_cases' but the evidence clearly describes safety observations and alerts, which is a core safety use case.",False,3.5
ac14b2a4-2a18-45c0-9f6d-3956fb2f1e85.json,Jordan/Riley - Introduction,2023-01-05T19:00:00Z,safety_use_cases,In-dashboard risk heat mapping and traffic management planning,Visualize safety risk hotspots on camera views.,5,"Launched in-dashboard heat mapping. | you can go to a camera view and you can view like a radar for risk for that camera view. | Like, you know, you can do that for pretty much any of the use cases. | It also works really well to support like traffic management. | just show me where all my powered industrial truck and pedestrian risk is, great. Now I know where I got to put up stop signs or where I got to change that traffic flow.",True,False,Safety Heatmaps and Hotspot Analysis,False,False,5,5,,False,5.0
ac14b2a4-2a18-45c0-9f6d-3956fb2f1e85.json,Jordan/Riley - Introduction,2023-01-05T19:00:00Z,safety_use_cases,Automated safety actions and insights for incident follow-up,Provide self-generated insights on safety trends and auto-suggest coaching actions when assigning incidents to drive consistent follow-up.,4,"we just launched Actions & Insights. | self-generated insights around the data to help, you know, to focus teams on what's where the opportunities are, like what's trending positively, what's trending negatively. | no longer are we just assigning an incident to an individual. We're assigning an incident to an individual with some, you know, pre-filled text. | here's three suggested actions based on this risk profile. You can either pick one of those three or you can, you know, do something custom on your own.",True,False,Actions Workflow and Coaching,False,False,5,5,,False,5.0
ac14b2a4-2a18-45c0-9f6d-3956fb2f1e85.json,Jordan/Riley - Introduction,2023-01-05T19:00:00Z,safety_use_cases,Working at heights hazard detection,Detect and track working at heights events to reduce fall risk.,1,"we've, let's just launched our working at Heights use case. That was, that's, that, that was a big success.",True,False,Working at Heights Detection,False,False,5,5,,False,5.0
ac14b2a4-2a18-45c0-9f6d-3956fb2f1e85.json,Jordan/Riley - Introduction,2023-01-05T19:00:00Z,safety_use_cases,Driver exoneration using video evidence after a crash,Use in-vehicle video to exonerate drivers at the scene of a collision and confirm fault lies with the other party.,3,"They called us and they're like, hey, we need to get some vintage. | We're so happy that we have Beacon Ridge Telematics. They was actually able to exonerate their driver right on the scene. | It had nothing to do with the driver. was the other driver that had a head-on collision with them.",True,False,Driver and Vehicle Compliance,False,False,5,5,,False,5.0
ac14b2a4-2a18-45c0-9f6d-3956fb2f1e85.json,Jordan/Riley - Introduction,2023-01-05T19:00:00Z,safety_use_cases,Export safety data to external EHS/BI systems,Push safety data out via CSV for use in external reporting or import into other safety management systems when direct APIs are not available.,2,"Yeah, so from a turnkey API with some other management system or external platform like that. | The way that we're doing that right now is through CSV pushes of data out to their platforms, and then they are either using an external reporting layer or importing it into some other system.",True,False,Data Export and Integration,False,False,5,5,,False,5.0
ac14b2a4-2a18-45c0-9f6d-3956fb2f1e85.json,Jordan/Riley - Introduction,2023-01-05T19:00:00Z,nonsafety_use_cases,Food hygiene PPE compliance (hair nets and beard nets),Monitor compliance with hair net and beard net requirements for food processing operations.,1,"We just did like hair nets and beard nets for some of our food, food processors.",True,False,PPE Compliance Monitoring,False,True,5,3,Label categorized as 'nonsafety_use_cases' but PPE compliance for food hygiene is typically a safety/regulatory requirement,False,4.0
ac14b2a4-2a18-45c0-9f6d-3956fb2f1e85.json,Jordan/Riley - Introduction,2023-01-05T19:00:00Z,nonsafety_use_cases,Driver exoneration using video evidence after a crash,Use in-vehicle video to exonerate drivers at the scene of a collision and reduce claims exposure.,3,"They called us and they're like, hey, we need to get some vintage. | We're so happy that we have Beacon Ridge Telematics. They was actually able to exonerate their driver right on the scene. | It had nothing to do with the driver. was the other driver that had a head-on collision with them.",True,False,Driver and Vehicle Compliance,False,False,5,3,Label categorized as 'nonsafety_use_cases' but driver exoneration directly relates to collision investigation and safety outcomes,False,4.0
ac14b2a4-2a18-45c0-9f6d-3956fb2f1e85.json,Jordan/Riley - Introduction,2023-01-05T19:00:00Z,nonsafety_use_cases,Export operational data to external BI/EHS systems,Send data via CSV for analysis in an external reporting layer or import into third-party systems when direct integrations are not in place.,3,"Not at this point. | It's still very exploratory. | The way that we're doing that right now is through CSV pushes of data out to their platforms, and then they are either using an external reporting layer or importing it into some other system.",True,False,System Integration and Data Export,False,False,5,4,,False,4.5
ac14b2a4-2a18-45c0-9f6d-3956fb2f1e85.json,Jordan/Riley - Introduction,2023-01-05T19:00:00Z,nonsafety_use_cases,Warehouse productivity via wearable device optimization,Improve picker throughput and reduce downtime by deploying Bluetooth wearables with hot-swappable battery packs.,3,"it was all Bluetooth compatible with an extra battery pack. | So you would just take out that little battery, replace it super, I think it would last like maybe like four to several hours. | So swapping a half of a battery kind of saved a lot of time, especially with them going back and forth and like, you know, little check stations that we have within the warehouses.",True,False,Warehouse Productivity Optimization,False,False,4,4,Evidence supports wearable battery management but 'picker throughput' improvement is inferred rather than explicitly stated,True,4.0
e7b7349c-1375-458c-bd7e-69ba9dcdd057.json,Voxel / Keystone Steel Systems sync,2023-06-25T13:30:00Z,safety_use_cases,Ergonomics risk monitoring and mitigation (overreach/improper bending),"Use Voxel to surface overreaching and improper bending hotspots using Posture Risk Index-based analytics and video clips, then adjust methods (e.g., raise forks, change stacking) to reduce musculoskeletal injury risk.",4,"Ergonomics is a great opportunity that we're seeing where we may be able to, you know, help bring insights that we can get some quick wins through that. | what we're using is the Posture Risk Index, Rapid Entire Body Assessment. | now we're actually going to the specific clips where you'll see the exoskeleton on this individual is really starting to light up as they move into that pallet stack right there. | So from a training perspective, from a communications perspective, this is a great opportunity to reinforce that positive behavior.",True,False,Ergonomic Risk Detection,False,False,3,4,"Evidence mentions 'exoskeleton...light up' which suggests wearable sensor technology rather than camera-based AI vision, creating ambiguity about whether this is actually Voxel's platform",False,3.5
e7b7349c-1375-458c-bd7e-69ba9dcdd057.json,Voxel / Keystone Steel Systems sync,2023-06-25T13:30:00Z,safety_use_cases,"Forklift (PIT) and pedestrian safety: proximity, speeding, no-stops, coaching","Monitor PIT-to-PIT and PIT-to-person proximity, speeding, and no-stops at intersections; identify choke points and coach safe spacing and behaviors (e.g., seatbelt use).",5,"So whether that is speeding, whether that's a pit-to-pit proximity, pit-to-pedestrian, no pedestrian zones, no stops, ergonomics, there's a plethora of use cases that are available out of the box to the platform. | So here we've got pit-to-pit proximity that we're capturing, we've got pit-to-person proximity, we've got no-stops at intersections that we're capturing, and we've got speeding. | So here's a pit interaction. | we want to coach people to be three, four feet apart from one another. | Or whether it's you see a clip and you're like, hey, I saw you unbuckle the seatbelt before you got out.",True,False,PIT-Pedestrian Proximity Monitoring,False,False,5,5,,False,5.0
e7b7349c-1375-458c-bd7e-69ba9dcdd057.json,Voxel / Keystone Steel Systems sync,2023-06-25T13:30:00Z,safety_use_cases,Area controls monitoring: liquid spills and no-pedestrian zones,Detect and enforce area controls such as liquid spills and no-pedestrian zones to prevent incidents.,1,"area controls, such as liquid spills, such as no pedestrian zones,",True,False,Area controls monitoring: liquid spills and no-pedestrian zones,False,False,5,5,,False,5.0
e7b7349c-1375-458c-bd7e-69ba9dcdd057.json,Voxel / Keystone Steel Systems sync,2023-06-25T13:30:00Z,safety_use_cases,PPE compliance monitoring,Monitor PPE compliance to ensure the right PPE is worn at the right time and place.,1,"PPE compliance, right, PPE, at the right time, at the right place,",True,False,PPE Compliance Monitoring,False,True,4,5,,False,4.5
e7b7349c-1375-458c-bd7e-69ba9dcdd057.json,Voxel / Keystone Steel Systems sync,2023-06-25T13:30:00Z,safety_use_cases,Heat maps and hotspot analytics to target high-risk areas,Use heat maps by camera and time to locate high-risk ergonomic or traffic hotspots and target observations or interventions.,3,"We'll have heat map reviews really to target some of those high-risk areas. | this will be made available to you via the heat maps with our next release, I can quickly see on this particular camera where we have hotspots of ergonomic improper bends or overreaches, | The heat map is also giving me the laser focus of where I may want to go in and take an observation",True,False,Safety Heatmaps and Hotspot Analysis,False,False,5,5,,False,5.0
e7b7349c-1375-458c-bd7e-69ba9dcdd057.json,Voxel / Keystone Steel Systems sync,2023-06-25T13:30:00Z,safety_use_cases,"Behavior-based safety coaching, pre-shift training, and gamification using clips","Leverage video clips to coach and reinforce safe behaviors, run behavior-based safety programs, and gamify engagement across shifts.",4,"whether that's through training of the workforce and different elements that we work with our customers and we'll work with you around behavior-based safety programs, whether that's moving into the specific risks and areas that we can surface that data, whether that's gamification so that we get, you know, shifts kind of working together to see who is, you know, meeting the goals and objectives most quickly. | It's about caught you doing something safe as well. | You can collaborate. You can assign incidents to people. You can get a workflow fully enabled here so that I could communicate with Micah in the platform around a pre-shift training... I could forward this clip to somebody even outside of the platform... or embed it into a PowerPoint or something like that. | it's nice to see the positive reinforcement, too, that you talked about, like, especially when I think about coaching, being able to show two different clips of someone doing something right and someone doing something wrong and being able to speak to it.",True,False,Safety Video Coaching and Training,False,False,5,5,,False,5.0
e7b7349c-1375-458c-bd7e-69ba9dcdd057.json,Voxel / Keystone Steel Systems sync,2023-06-25T13:30:00Z,safety_use_cases,"Streamlined safety workflows for leaders (assign, track, share)","Make safety programs easier for leaders by enabling simple in-platform assignment, tracking, and sharing of incidents and training materials to avoid cumbersome data entry.",2,"not making it too cumbersome for the leaders, because if it's a ton of work for them to enter data or track data, it just becomes a task. | You can collaborate. You can assign incidents to people. You can get a workflow fully enabled here... share that video clip with somebody outside so that they could take action or embed it into a PowerPoint or something like that.",True,False,Actions Workflow and Coaching,False,False,5,4,,False,4.5
e7b7349c-1375-458c-bd7e-69ba9dcdd057.json,Voxel / Keystone Steel Systems sync,2023-06-25T13:30:00Z,safety_use_cases,Optimize pallet stack heights and segregate pallet types to reduce overreach risk,Use Voxel’s overreach insights to change pallet stack heights and segregate CHEP vs. white pallets to lower high reaches and repetitive strain risk.,4,"Can't we move our pallet stacks from 18 tall down to 8 tall, you know, whatever that number is. | So are there the easy wins like, hey, let's segregate CHEP pallets from pine pallets or white pallets? | So here we've got, that's almost seven feet high. | If it's a little bit lower and, you know, the employee's not having to reach, you know, seven feet up in the air to pull that pallet down and it's more at a neutral zone, we're going to save from a productivity time, you know, those two seconds it's going to take to pull that pallet down, but it's also going to be more ergonomically safe to do so.",True,False,Pallet Handling Safety,False,False,5,5,,False,5.0
e7b7349c-1375-458c-bd7e-69ba9dcdd057.json,Voxel / Keystone Steel Systems sync,2023-06-25T13:30:00Z,nonsafety_use_cases,Operational analytics: monitor open door durations,Track open door durations as an operational metric for facilities to support non-safety objectives like efficiency or energy management.,1,"and then some operational, open door durations, et cetera.",True,False,Door Duration Monitoring,False,False,3,3,Evidence only briefly mentions 'open door durations' without context confirming it's for operational/efficiency purposes rather than safety; label infers use case details not directly stated,False,3.0
e7b7349c-1375-458c-bd7e-69ba9dcdd057.json,Voxel / Keystone Steel Systems sync,2023-06-25T13:30:00Z,nonsafety_use_cases,Optimize pallet stack heights and segregate pallet types to improve productivity,"Use insights on overreaching to set lower pallet stack heights and segregate CHEP vs. white pallets, reducing handling time and speeding up operations.",4,"Can't we move our pallet stacks from 18 tall down to 8 tall, you know, whatever that number is. | So are there the easy wins like, hey, let's segregate CHEP pallets from pine pallets or white pallets? | So here we've got, that's almost seven feet high. | If it's a little bit lower and, you know, the employee's not having to reach, you know, seven feet up in the air to pull that pallet down and it's more at a neutral zone, we're going to save from a productivity time, you know, those two seconds it's going to take to pull that pallet down, but it's also going to be more ergonomically safe to do so.",True,False,Warehouse Productivity Optimization,False,False,5,3,Label categorized as 'nonsafety_use_cases' but evidence explicitly mentions 'ergonomically safe' and safety benefits alongside productivity gains,False,4.0
e15dfb2d-9f42-401f-b494-b70115d67f31.json,Granite Ridge Works / Voxel: Bi-Weekly,2024-04-20T19:00:00Z,safety_use_cases,Vehicle speeding detection across lanes,"Granite Ridge Works wants Voxel to detect and track vehicle speeding across multiple warehouse and dock lanes at Hub East, using bi-directional monitoring and fixed-point distance measurements to calibrate speed and better track incidents.",5,"The door, which is, and also if we wanted to, we could do a speed camera, which we're going to talk about next, right, Shawn? | All right, so here we've got the speeding shots pulled up. | So in terms of how speeding works, we need to pick, first off, we can do bi-directional. | So we need to, we need you guys to measure a point, two different points, and give us the distance. | And from camera angles, I do agree that the speed limits will definitely help us with being able to track those incidents a lot better.",False,False,Forklift Speed Monitoring,False,False,4,3,"Label overly specific - evidence confirms speeding detection and bi-directional monitoring with distance measurements, but 'multiple warehouse and dock lanes at Hub East' adds unverified location/scope details",False,3.5
e15dfb2d-9f42-401f-b494-b70115d67f31.json,Granite Ridge Works / Voxel: Bi-Weekly,2024-04-20T19:00:00Z,safety_use_cases,Safety vest (PPE) compliance monitoring in designated areas,Granite Ridge Works is using Voxel to monitor safety vest compliance within marked zones and troubleshoot areas where designated safety-vest spots are not being detected.,3,"Are we going to have to put the safety vest lines in there now, Gio? | The lines, everything's still on there for safety vests and everything. | We might, I might call you about a few spots that are, that are not, that are designated as safety vest spots, but they're not picking up, but.",False,False,PPE Compliance Monitoring,False,True,5,5,,False,5.0
87b42e92-eca1-4bfc-a904-96f0575bc58d.json,Sierra Track Dynamics / Voxel Bi-Weekly Sync,2024-12-20T14:00:00Z,safety_use_cases,Detect and reduce no-stops/rolling stops at stop signs (PIT/vehicle intersections),"Sierra Track Dynamics wants Voxel to accurately detect and flag vehicles/PITs that fail to make a full stop at marked intersections to address collision risk, using clean, trustworthy data with minimal false positives/misses and proper per-camera stop-bar configuration.",11,"So this is one of our areas that obviously is of most concern for many of our customers when it comes to vehicle safety and collision risk. | And specifically with no stops here, you know, our system is designed to detect, you know, the full stop at these intersections. | It does seem to be capturing those rolling stops, which are of concern to your team. | So, you we should be flagging those instances where vehicles are not coming to a complete stop at these stop signs. | the items that are either missed, the so-called no-stops that are either missed, or the things that are found that really don't appear to fit that definition, that's worrisome to me because you want good, clean data. | But, you know, so there's, you know, the inaccuracy is there as far as our concerns go. | With that, with the definition of a stop, you know, we have to look at each camera and its stop bar location to confirm we're within your guideline. | In some cases, we may not be able to put a trigger stop bar for capturing a stop if we're not in your window of that no stop positioning. | So there's two options we could do here is we'll pull the line back. | But there's also a, I was talking to Kevisha about this. | There's an adjustment we can make specifically for this camera because the pit is partially in view as, as it's entering.",False,False,Intersection Stop Compliance,False,False,5,5,,False,5.0
6d7ca0e7-7ecf-4a8c-a148-0e270a28ee89.json,Voxel / Titan Stack Operations - Check-in,2024-01-19T17:00:00Z,safety_use_cases,Refine obstruction regions to reduce false positives,"Adjust active regions so materials inside the marked layout and black floor areas are not flagged as obstructions or spills, and only real obstructions are detected.",4,"It's been obstructed for materials that are inside the layout. | Yeah, so it is inside the layout, but it's detected by Voxel as it will be an obstruction and it isn't. | The same, but we might need to use the gray or white areas because the black areas, can say, or the black spots might be detected as spills or obstructions. | This might work to detect real, uh, incidents about obstruction and not only, uh, things in the yellow line.",False,False,Obstruction and Egress Monitoring,False,False,5,5,,False,5.0
6d7ca0e7-7ecf-4a8c-a148-0e270a28ee89.json,Voxel / Titan Stack Operations - Check-in,2024-01-19T17:00:00Z,safety_use_cases,Warehouse vehicle safety: no-stop and PIT distance monitoring,Detect and flag warehouse vehicle no-stop violations at intersections/end of aisles and monitor PIT proximity/distances across warehouse cameras; current 'no stop' events are not being reliably detected.,4,"There are some categories that has not been detected yet, and I'm sure there are incidents in that site, for example, that no stop at the end of the aisle. | So if, if we see the active region, it should be detecting that he knows that no stop of the intersection or the end of the. | And that's actually not an industrial vehicle, like, not a forklift or something like that. I'm not sure if Voxel can understand or know about it. | So those three might be looking the same incidents, like the no-stop and PIT distances and things like that.",False,False,Warehouse vehicle safety: no-stop and PIT distance monitoring,False,False,4,4,,False,4.0
6d7ca0e7-7ecf-4a8c-a148-0e270a28ee89.json,Voxel / Titan Stack Operations - Check-in,2024-01-19T17:00:00Z,safety_use_cases,Filter cleaning-related spills via timing threshold,Use a dwell-time threshold so brief wet floors from mopping do not trigger spill incidents; they agreed to increase the threshold from a few minutes to tens of minutes.,6,"oh, I remember another thing that they were going to see if it's possible to add some timing to the spill category, just like you do in obstruction, because when they are mopping the floor, we have some spills incidents that are not real. | Yeah, so for example, most of them are not real spills. | I just confirmed we can change the, so the spills are set to a few minutes right now. | Basically, if we've seen a spill for more than a few minutes, we will trigger it. | 20 to start? | Okay.",False,False,Spill Detection and Monitoring,False,False,5,4,Label could be more precise about the direction of the threshold change (increasing from few to tens of minutes),False,4.5
6d7ca0e7-7ecf-4a8c-a148-0e270a28ee89.json,Voxel / Titan Stack Operations - Check-in,2024-01-19T17:00:00Z,safety_use_cases,Handle low-visibility safety vests in PPE detection,"Avoid flagging compliant workers wearing darker safety vests with reflective strips, or align on requiring different vests to reduce false PPE alerts.",6,"There's incidents about safety vests. | I'm not sure if we can adjust that because there's specifically one person that used some like black vests with not too much visibility items, but I'm not sure if that's learnable or not. | So that's a safety vest, yeah, but not with the high visibility colors. | So in your mind, this is totally okay because it has those lines on it? | that's pretty, like a pretty hard safety vest to detect just because there's such small strips and we don't want to not detect the valid cases where they're not oriented safety vest. | Yeah, so if we might have some other issues with that, it's easier for us to ask the contractor to use another type of vest.",False,False,PPE Compliance Monitoring,False,True,5,5,,False,5.0
6d7ca0e7-7ecf-4a8c-a148-0e270a28ee89.json,Voxel / Titan Stack Operations - Check-in,2024-01-19T17:00:00Z,safety_use_cases,Access heatmaps for improper bend and overreaching,Enable or provide heatmaps to analyze where improper bend and overreaching incidents concentrate on specific cameras/areas.,4,"The heatmaps aren't yet launched for us. | We, we, I don't remember if David shared to us, but it might be useful if we can, if you can send at least the improper band and overreaching. | I believe there are two or a few cameras that are giving a lot of incidents that might work for us. | We might need that one and the improper band for that area also.",False,False,Safety Heatmaps and Hotspot Analysis,False,False,5,5,,False,5.0
6d7ca0e7-7ecf-4a8c-a148-0e270a28ee89.json,Voxel / Titan Stack Operations - Check-in,2024-01-19T17:00:00Z,nonsafety_use_cases,Restore dashboard deep links in daily incident email,Provide direct links in the daily email so leaders can click through to the dashboard as in the previous report format.,5,"So one, how he was entering to the dashboard was with an email that was sent with the numbers of the incidents. | So he used to just to click there and he was like a link to the dashboard. | That's not possible in the new dashboard report that is being sent every day. | Is to change the report to the to the last version or if it's possible to add the links to the new dashboard report daily? | if you scroll to the bottom of the new email, there is a link that opens to the main dashboard, and we already have follow-up work planned to make navigation from that email easier again.",False,False,Dashboard and UI Customization,False,False,5,5,,False,5.0
1511c2ce-9507-4d8c-b99a-60e5bc21016f.json,Iron Forge Industrial | Voxel,2022-06-28T19:00:00Z,safety_use_cases,AI risk monitoring deployment across sites,Iron Forge Industrial is evaluating AI risk monitoring and wants a true partner for a POC with the intent to scale across multiple sites.,3,"And then there's this project, which is, you know, the AI risk monitoring. | Because that's what we're kind of, we're looking for a partner, not just, you know, a cool new toy at one site that we can show off to leadership, right? | If this expands beyond one site, it would need to fit into how we plan across sites.",True,False,AI Safety Vision Platform Deployment,False,False,4,4,,False,4.0
1511c2ce-9507-4d8c-b99a-60e5bc21016f.json,Iron Forge Industrial | Voxel,2022-06-28T19:00:00Z,safety_use_cases,Global safety risk dashboard and heatmap visibility,Leadership wants the ability to view site integrity globally via a map with risk scores and drill-down visualization.,4,"One of them offers, for the global team, like, for somebody like me and Drew and Sydney and the other global team members, one of the solutions offers the map, right? | And the map with the scores in there, where it shows, like, you pull up your screen, and you can see what's the score or essentially the value of every side across the globe right there. | And then you click in, you drill in, and it's showing your highest values one by one. | And it's also kind of a heat map kind of thing, too.",True,False,Enterprise Safety Analytics and Benchmarking,False,False,5,5,,False,5.0
1511c2ce-9507-4d8c-b99a-60e5bc21016f.json,Iron Forge Industrial | Voxel,2022-06-28T19:00:00Z,nonsafety_use_cases,Run a trial before broader rollout,They want to run a trial before deciding on a broader rollout.,5,"And then the second part was, he's like, can we partner? | Like, is this something where we can trial this? Do you have a trial? | Is there a way for us to evaluate this internally and explain the value to the right stakeholders? | Because there's a couple things that I need to figure out, which is, like the trial thing, know, the POC, I guess, is, is what it seems like for us. | So what we need to do is we need to identify, how are we doing this, are we serious about it, are you ready to pull the trigger, if you will, as soon as we get done with this POC?",True,False,Pilot and Trial Programs,True,False,5,3,"Label is accurate but bucketed as 'nonsafety_use_cases' when it describes a sales/procurement process, not a use case of the product itself",False,4.0
1511c2ce-9507-4d8c-b99a-60e5bc21016f.json,Iron Forge Industrial | Voxel,2022-06-28T19:00:00Z,nonsafety_use_cases,Reduce implementation/training burden and false positives,"They prefer a simpler, more accurate system to minimize learning curve, implementation time, training needs, and false positives.",8,"One thing that set that one apart from the others, but if you look at it, it's not very simple. | It's a little bit more difficult to use. | There's more of a learning curve. | There might be a little bit more time spent on the implementation side. | And I could see where some of their processes could lead to more time spent training as well to get it to not recognize, you know, everything that isn't something and only pick up the things that are important to us, right, or the things we want to pick up. | On yours, yours is super simple. | It's easy to use. | That's what I would say to Vermont as far as, like, what sets them apart is the simplicity and the accuracy, I guess, is the better way of putting it.",True,False,Implementation and Training Optimization,True,False,5,3,Label should be bucketed as 'safety_use_cases' - reducing false positives and implementation burden directly supports safety effectiveness and adoption,False,4.0
1511c2ce-9507-4d8c-b99a-60e5bc21016f.json,Iron Forge Industrial | Voxel,2022-06-28T19:00:00Z,nonsafety_use_cases,Ongoing partnership and customer success support,"They want a partner that remains engaged after rollout, rather than a one-off tool.",4,"Because that's what we're kind of, we're looking for a partner, not just, you know, a cool new toy at one site that we can show off to leadership, right? | it's not like you start using the product and then stop hearing from us; we stay involved to help you moving forward. | We have people who help make sure the setup is aligned, the goals are clear, and the reviews stay on track. | And then you have ongoing customer support after that as well.",True,False,Customer Support and Partnership,True,False,5,3,"Label should be categorized as 'buying_criteria' or 'requirements' rather than 'nonsafety_use_cases' since this describes partnership expectations, not a use case of the product",False,4.0
1511c2ce-9507-4d8c-b99a-60e5bc21016f.json,Iron Forge Industrial | Voxel,2022-06-28T19:00:00Z,nonsafety_use_cases,Planning for multi-site rollout requirements,They need clarity on rollout requirements and implementation considerations to support longer-term internal planning across sites.,5,"I want a clearer picture of how this would be scoped across the different options. | What else would we need beyond what we already have in place? | What other implementation considerations would fall on our side? | Having more clarity here would help with our longer-term internal planning discussions. | If we rolled this out more broadly, there would be site-level planning involved.",True,False,Multi-Site Rollout Planning,True,False,5,3,Label is vague - 'planning for multi-site rollout requirements' doesn't clearly distinguish whether this is a safety or non-safety use case; the customer is asking implementation questions that could apply to any product deployment.,False,4.0
1622341b-6874-4fe5-8639-838e30f97d41.json,Rail Mill Transport / Voxel Check-in,2022-05-17T20:00:00Z,safety_use_cases,Prompt alerts for excessive speeding with configurable threshold,"Rail Mill Transport wants prompt alerts when vehicle speeds exceed a higher threshold so supervisors can intervene as incidents occur, using available notification channels.",4,"I was going to ask if there was a way to set up a notification when someone exceeds a higher speed threshold so we can address it as it is happening. | That should be possible through existing notification options, and we can circle back with the team to see if we can set it for that higher threshold. | Yes, it is designed to notify you promptly after the event occurs. | In that case, my recommendation would be we up it to 10, just so you're really getting flagged on those outliers",False,False,Real-Time Safety Alerts,False,False,5,5,,False,5.0
1622341b-6874-4fe5-8639-838e30f97d41.json,Rail Mill Transport / Voxel Check-in,2022-05-17T20:00:00Z,safety_use_cases,Forklift and pedestrian proximity monitoring,They want to focus on monitoring and addressing forklift–pedestrian proximity events to reduce interaction risk in the warehouse.,2,"I believe that what we were really trying to go over in this last week was the speeding and the proximity alerts. | I think we'll have to go a little bit over with the pedestrian, also the close, the proximity of the forklifts.",False,False,PIT-Pedestrian Proximity Monitoring,False,False,5,5,,False,5.0
1622341b-6874-4fe5-8639-838e30f97d41.json,Rail Mill Transport / Voxel Check-in,2022-05-17T20:00:00Z,safety_use_cases,"Ergonomic risk monitoring and coaching (overreaching, lifting/carrying)","They want to identify and act on ergonomic hazards like overreaching during pallet wrapping and improper manual handling (e.g., carrying a propane tank), including coaching on proper lifting and using a dolly.",5,"I know it seems like speeding is kind of a primary focus and certainly the pit interactions, but there might be some kind of some low-hanging fruit areas in the overreaching category. | There's several different things that I've picked up on, whether it's pallets over the head or there's one where when they're wrapping a pallet and they can't quite reach the top because it's several stacks above their head. | There was someone carrying a keg behind their neck, so I think there's, there might be just a, it could be a good topic to bring up in a, in a weekly meeting about proper lifting techniques and ergo. | Oh, it would have been a gas tank, a propane gas tank. | Yeah, I need to get them to start using a dolly instead of carrying that.",False,False,Ergonomic Risk Detection,False,False,5,5,,False,5.0
1622341b-6874-4fe5-8639-838e30f97d41.json,Rail Mill Transport / Voxel Check-in,2022-05-17T20:00:00Z,safety_use_cases,Speeding analytics and compliance reporting,"They request analytics such as average speeds for speeding incidents over selectable date ranges and compliance metrics (e.g., percent of movements within limit) to track improvement daily/weekly.",4,"On the speeding, I'm kind of focusing on the speeding right now, to get an average speeding, I mean, an average speed captured by the system? | But at the same time, if I had the average for the day, then of just, not obviously, of just the speeding incidents, if I see that number going down, then that would also indicate that we are getting a better | I mean, ultimately, I would like to be able to select the day range and just get the average myself. | So giving you a percentage of how many speedings we're seeing of all vehicle movements.",False,False,Forklift Speed Monitoring,False,False,5,5,,False,5.0
1622341b-6874-4fe5-8639-838e30f97d41.json,Rail Mill Transport / Voxel Check-in,2022-05-17T20:00:00Z,nonsafety_use_cases,Per-user language localization to Spanish,They want the Voxel platform available in Spanish on a per-user basis to support their team’s usage.,5,"Tamara, if you can hear us, on the last meeting, we mentioned the translation to Spanish. | That is now officially live. | For the rest of the team here, if anyone else wants Voxel to be displayed in any other language, Spanish included, you know, we recently rolled that out, so we can support that across the board. | It's per user. | You just go into your user profile and you can just toggle it on and off.",False,False,Language Localization,False,False,5,3,"Label says 'to Spanish' but evidence shows Spanish is one option among multiple languages available, not exclusive",False,4.0
1268cde7-ca63-40df-8139-2f0c1907a21c.json,Voxel / South Track Dynamics Connect,2022-05-22T19:00:00Z,safety_use_cases,Cross-site safety incident trend monitoring and leaderboards,"View incident trends by safety incident type across all sites, including leaders/laggards, to understand where safety risks are increasing or decreasing.",2,"you'll see your pit-to-pit proximity events, you'll see total events in that trend, a bit more of like a visual on how you're trending on that. | who has the largest positive trend, so who is seeing the most decrease, who has the largest negative trend, so who has the most increasing in this time frame, and then just total incident count overall.",True,False,Enterprise Safety Analytics and Benchmarking,False,False,5,5,,False,5.0
1268cde7-ca63-40df-8139-2f0c1907a21c.json,Voxel / South Track Dynamics Connect,2022-05-22T19:00:00Z,safety_use_cases,Use incident videos for safety training and coaching,Leverage incident clips to coach safe behaviors and show examples of 'what good looks like.',2,"I may hit create action. I'm going to hit train and retain the team on proper lift. | one of the things we know our customers love to do is leverage these videos as like a, here's what good looks like, or here's what, you know, opportunity looks like and we need to do that.",True,False,Safety Video Coaching and Training,False,False,5,5,,False,5.0
1268cde7-ca63-40df-8139-2f0c1907a21c.json,Voxel / South Track Dynamics Connect,2022-05-22T19:00:00Z,safety_use_cases,Measure impact of safety actions with markers on incident trends,Automatically mark when actions are completed and correlate with incident trend lines to see if safety risk is decreasing; escalate to engineering or process changes if not.,3,"when an action is completed, you will be able to, that will automatically add a marker. | are the actions that the team is taking, is it making an impact? | if you aren't seeing the, you know, risk reduction that you hope for, that's a great opportunity to engage with the site leader or whoever and say, hey, we need to try something else. We need to, you know, maybe it's an engineering control or a process change. The coaching's not working",True,False,Measure impact of safety actions with markers on incident trends,False,False,5,5,,False,5.0
1268cde7-ca63-40df-8139-2f0c1907a21c.json,Voxel / South Track Dynamics Connect,2022-05-22T19:00:00Z,safety_use_cases,Annotate videos to highlight safety concerns not auto-detected,Freeze frames and circle items in videos to call out additional safety issues beyond what the AI highlights.,2,"in videos, being able to use a pen to circle things, like to freeze a frame and circle things, because again, it's not always about what | But the Voxel camera's picking up and highlighting, but it's other things that I'm seeing in the videos that I want to also call out that would make that easier.",True,False,Video Incident Review,False,False,5,5,,False,5.0
1268cde7-ca63-40df-8139-2f0c1907a21c.json,Voxel / South Track Dynamics Connect,2022-05-22T19:00:00Z,safety_use_cases,"Assign and track corrective safety actions with owners, due dates, and reporting","Create actionable follow-ups from incidents with a single accountable owner, subscribers, due dates, and reporting on totals and average time to complete.",3,"we heard a lot of feedback that you want like that single person to be know that they're accountable for carrying out this action. | the final thing here, which is new. is the due date. | you're going to see the totals, how many were assigned, how many were completed, and that average completion time.",True,False,Actions Workflow and Coaching,False,False,5,5,,False,5.0
1268cde7-ca63-40df-8139-2f0c1907a21c.json,Voxel / South Track Dynamics Connect,2022-05-22T19:00:00Z,nonsafety_use_cases,Executive all-sites dashboard with custom date ranges for weekly leadership reporting,Enable custom date ranges and a rolled-up executive view to support weekly dashboards and discussions with regional leadership.,2,"be able to put in specific time frame and not just look at like the last about a week or the last about a month or the last month, but to be able to specifically look at, I want to see Wednesday to Saturday or something, you know, is specific. | I want to look at a weekly dashboard that I go to our, you know, our regional leadership team with and say, here's the things I'm seeing.",True,False,Dashboard and UI Customization,False,False,5,4,,False,4.5
1268cde7-ca63-40df-8139-2f0c1907a21c.json,Voxel / South Track Dynamics Connect,2022-05-22T19:00:00Z,nonsafety_use_cases,Report subscriptions and exports (PDF/CSV/PPT) for stakeholder sharing,"Subscribe to receive weekly summaries and export dashboards as PDFs, raw CSV data, or editable PowerPoint slides for broader reporting.",3,"we also have options like subscriptions. So being able to say, hey, I want a weekly download of this information sent to my inbox. | the ability to export not only. Like a PDF format of this, but also the raw data | we're looking at three formats. The first being PDF... The second is that raw data exports... The third ... more of like a PowerPoint style export",True,False,Report Export and Subscriptions,False,False,5,3,Label is bucketed as 'nonsafety_use_cases' but exporting/sharing safety dashboards and reports is a core safety workflow for stakeholder communication and compliance,False,4.0
1268cde7-ca63-40df-8139-2f0c1907a21c.json,Voxel / South Track Dynamics Connect,2022-05-22T19:00:00Z,nonsafety_use_cases,Embed incident videos in presentation decks,Insert specific incident videos into slide decks so they play during presentations to showcase examples.,2,"be able to take a specific video and embed it... I want to showcase this one thing and put it in that, and then allow it to run as a video in the presentation mode, would be great. | if we can provide like a one click to do that, that would be, it sounds like that would be super helpful.",True,False,Report Export and Subscriptions,False,False,5,3,Label should specify 'incident videos' context and bucketing as 'nonsafety_use_cases' is questionable since incident videos are core safety content,False,4.0
1268cde7-ca63-40df-8139-2f0c1907a21c.json,Voxel / South Track Dynamics Connect,2022-05-22T19:00:00Z,nonsafety_use_cases,Team engagement leaderboards and gamification,Show actions completed by site and teammate with leaders and laggards to drive engagement and healthy competition across sites.,2,"showing actions completed by site and actions completed by teammate, the leader of that for that timeframe, as well as kind of the legger in that. | a little healthy competition is good, you know, so like seeing that leaderboard concept... it's a great way to leverage kind of that gamification aspect",True,False,Gamification and Engagement,False,False,5,5,,False,5.0
1268cde7-ca63-40df-8139-2f0c1907a21c.json,Voxel / South Track Dynamics Connect,2022-05-22T19:00:00Z,nonsafety_use_cases,Assign and track actions with accountability and reporting,"Use an actions workflow with a single assignee, subscribers, due dates, and reports on counts and average completion time to manage follow-ups.",3,"We've switched this to being multiple to just single because we heard a lot of feedback that you want like that single person to be know that they're accountable for carrying out this action. | This is optional, but you can toggle that on and you can add a due date any day from today forward. | you're going to see the totals, how many were assigned, how many were completed, and that average completion time.",True,False,Action Tracking and Accountability,False,False,5,4,,False,4.5
1268cde7-ca63-40df-8139-2f0c1907a21c.json,Voxel / South Track Dynamics Connect,2022-05-22T19:00:00Z,nonsafety_use_cases,Reminders for past-due actions,Send nudges when action due dates pass so assignees are reminded to complete overdue items.,2,"since we've, you know, this instances where we assign a due date, what happens when that due date passes? is, question is, is... And no, actually, is there reminders? | The one thing we don't have that you said that we've heard already from a lot of folks is reminders for past due. Like, how do we nudge someone when something's past due? We do foresee that being in the next phase of this.",True,False,Action Tracking and Accountability,False,False,5,5,,False,5.0
9cf59bde-7476-40cd-98e0-1a29c45a536b.json,Peak Ridge Works + Voxel - Intro Call,2024-03-24T13:30:00Z,safety_use_cases,Reduce safety incidents and claims using AI video analytics,"They discussed applying AI on existing cameras to identify safety issues and reduce claims, though current incident volume may not justify the investment today.",4,"Here's what we have seen in terms of customers reducing claims. | And if we can reduce even a small number of claims on average, that can support the value case for a broader deployment model. | Action, turning it into meaningful action, and really seeing that reduction in claims. | Even the REDACTED yeah, it's not going to be, there's not enough claims that we have that would offset that cost, so, but I'll keep you guys in mind for sure, and maybe pricing goes down.",False,False,Reduce Injuries and Costs,False,False,5,4,,False,4.5
9cf59bde-7476-40cd-98e0-1a29c45a536b.json,Peak Ridge Works + Voxel - Intro Call,2024-03-24T13:30:00Z,nonsafety_use_cases,Automate camera monitoring to save staff time,"They want AI to surface relevant events so employees don’t have to continuously watch video feeds, reducing time wasted on manual monitoring.",3,"So instead of having, we don't have a, I'll call it dedicated person that looks at camera footage, but we have a lot of people that just stare at it and waste a bunch of time. | So I was proactively trying to, I guess, save some of that time. | Like, obviously, we have time savings, you know, from, like you said, you not having people watching cameras all the time.",False,False,Hazard Detection and Alerting,False,False,5,3,"Label should be bucketed as 'safety_use_cases' since freeing staff from manual monitoring allows them to focus on safety-critical tasks, which is a core safety value proposition.",False,4.0
9cf59bde-7476-40cd-98e0-1a29c45a536b.json,Peak Ridge Works + Voxel - Intro Call,2024-03-24T13:30:00Z,nonsafety_use_cases,Integrate with existing camera infrastructure (no hardware replacement),They need a solution that overlays on their current camera system and infrastructure rather than replacing cameras or NVR.,4,We have our own camera system and infrastructure now. | We're not looking to replace that. | So we integrate with your existing security cameras. | So our software just overlays on top of your existing security cameras.,False,False,System Integration and Data Export,False,False,5,3,Label is accurate but categorized as 'nonsafety_use_cases' when integration capability is a technical requirement that could apply to safety use cases,False,4.0
9cf59bde-7476-40cd-98e0-1a29c45a536b.json,Peak Ridge Works + Voxel - Intro Call,2024-03-24T13:30:00Z,nonsafety_use_cases,Upgrade legacy NVR/VMS with AI capabilities,They are exploring AI-enabled software because their current NVR/VMS is falling behind and lacks AI features.,3,"Be interested or looking, we've had the same in VR software for several years. | It works, but it seems to be falling behind. | They don't do any kind of AI or anything like that.",False,False,Legacy System Upgrade,False,False,4,4,,False,4.0
7bd67fba-1240-4bfc-afeb-48f18488ad85.json,Quick Sync- Taylor @ Northern Chill Logistics,2024-12-09T14:30:00Z,safety_use_cases,Working at heights incident coaching via Actions,Use Voxel to identify and create/track coaching actions for Working at Heights events.,2,"I think it was like the Working in Heights or whatever. | It's like I come to the party late to everything, it seems like, you know, like the thing with the, you know, above heights and things like that.",False,False,Working at Heights Detection,False,False,2,2,"Evidence only vaguely mentions 'Working in Heights' without any reference to coaching, Actions feature, or tracking; label overly specific about coaching workflow not supported by quotes",False,2.0
7bd67fba-1240-4bfc-afeb-48f18488ad85.json,Quick Sync- Taylor @ Northern Chill Logistics,2024-12-09T14:30:00Z,safety_use_cases,Improper Bend ergonomics detection and coaching,Use Voxel to capture improper bending incidents and assign suggested interventions through the Actions workflow.,2,"Improper Ben from Room 37A, and that was from the third. | the Suggested Actions, these are pre-populated based on the event, so Improper Bend in this case, and these are based on the most common interventions that our customers use to resolve this particular use case.",False,False,Ergonomic Risk Detection,False,False,5,5,,False,5.0
7bd67fba-1240-4bfc-afeb-48f18488ad85.json,Quick Sync- Taylor @ Northern Chill Logistics,2024-12-09T14:30:00Z,nonsafety_use_cases,Track and find completed/in-progress actions across Wilmington,"Taylor needs to find previously resolved items and monitor in-progress and completed actions, with visibility into items assigned to/by him.",5,"So, up until recently, we could actually search for resolves. | So is there still a way to do that or? | But my question is, how do I find these ones that I've, you know what I mean? | I usually am looking at, like, the overall, like, you know, like, in progresses and completed. | But now I'm going to be kind of more actively assigning, but I want to, I'm more going to be concerned with, you know, making sure, you know, in progress is get done and that kind of stuff like that.",False,False,Action Tracking and Accountability,False,False,4,3,Label mentions 'Wilmington' specifically but evidence doesn't reference this location; also unclear if this is safety-related given tracking of action items could relate to safety observations,False,3.5
7bd67fba-1240-4bfc-afeb-48f18488ad85.json,Quick Sync- Taylor @ Northern Chill Logistics,2024-12-09T14:30:00Z,nonsafety_use_cases,Monthly reporting/data export to support internal shift-level reporting,Needs monthly reports delivered at the start of the month so he can plug data into his sheet to tally activity across six shifts and meet reporting deadlines by the 10th.,5,"Oh, and thanks again for that report. | I really appreciate that. I use that in the tracking because like our, some of the other sites like. | So it's kind of like I have to, you know, so I have a sheet that I just plug that into and it kind of like, you know, tallies it all and does some stuff for me. | Yeah, because I have about till, because I have to report on some of that stuff and I have till like the 10th or whatever. | So if the first of the month is over a weekend, I'll definitely send it the first business day just so you have the full month's worth of data.",False,False,Report Export and Subscriptions,False,False,5,4,Label could specify that the monthly report is received (not self-generated) and the shift-level detail is inferred rather than explicitly stated in evidence,False,4.5
7bd67fba-1240-4bfc-afeb-48f18488ad85.json,Quick Sync- Taylor @ Northern Chill Logistics,2024-12-09T14:30:00Z,nonsafety_use_cases,Advance notification of platform/UI changes,"Wants proactive communication about product changes (e.g., migration from resolutions to Actions) so he and his boss aren’t surprised.",4,"Like, it makes me a little uncomfortable that I keep finding out about things like after it happens, you know what I mean? | maybe, you know, you could let me know a little bit ahead of time. | let my boss know because like, you know what I mean? | And I believe you had some other questions just about notifications and things of that nature.",False,False,Platform Updates and Communication,True,False,5,5,,False,5.0
512af163-fb6a-447d-a767-f0cbb22fca95.json,Voxel - Cobalt Ridge Fabrication,2024-01-17T12:15:00Z,safety_use_cases,PIT speed and stop compliance monitoring,"Monitor PIT (powered industrial truck) speeding and enforce intersection stops, using Voxel data to guide actions like installing speed governors and adding stop-sign compliance alerts.",3,"getting the governors set from the beginning and, you know, potentially I do need to circle back and understand if you guys ended up paying that little bit of extra money to Iron Harbor Fleet for a password-protected governor. | remember how they have the one where if you don't stop at a stop sign, it'll trigger something for it. | The only thing that, can I just say something, if you're using this for anything else, can we change forklift to PIT, since most of our stuff is PIT and not, I'd rather it be identified as PIT and not forklift.",True,False,Forklift Speed Monitoring,False,False,4,5,,False,4.5
512af163-fb6a-447d-a767-f0cbb22fca95.json,Voxel - Cobalt Ridge Fabrication,2024-01-17T12:15:00Z,safety_use_cases,Detect unsafe pallet jack practices for coaching,"Identify hazardous pallet jack behaviors (e.g., unlocked wheels, riding pallets) captured by Voxel and adapt Coaching Workshop training accordingly.",3,"And then we see on Voxel, the guy loading a pallet jack without turning the handle so the wheels weren't locked in place. | And then the pallet jack is moving while he's loading it, and then he stands on it, on the pallet to put something on it as it's moving. | we—you have about the forklift, and we, you know, we've learned some things and have adapted our Coaching Workshop with some of the knowledge that we've gained.",True,False,Pallet Handling Safety,False,False,5,5,,False,5.0
512af163-fb6a-447d-a767-f0cbb22fca95.json,Voxel - Cobalt Ridge Fabrication,2024-01-17T12:15:00Z,safety_use_cases,"Ergonomics monitoring at receiving doors (overreaching, improper bends, load stand use)",Use Voxel to detect overreaching and improper bending during trailer unloads at Bay 014 and coach on team lifting and proper use of step stools/load stands.,3,"just highlighting that at the Bay 014, the receiving doc, Taylor, you already hit on this, right, where you're getting most of your activity, 70-80% of your ergo risks are in that one area. | Then we've got an improper bend in the trailer. | Out of 100 videos, we had dozens of instances where the step stool was in the trailer and not used, and I had dozens of instances where it was available outside the trailer and was not used.",True,False,Ergonomic Risk Detection,False,False,5,5,,False,5.0
512af163-fb6a-447d-a767-f0cbb22fca95.json,Voxel - Cobalt Ridge Fabrication,2024-01-17T12:15:00Z,safety_use_cases,Conveyor congestion/pile-up detection to prevent falling objects,"Detect build-ups on conveyors (e.g., multiple layers of boxes, stalled flow) and alert to prevent hazardous pile-ups and falling boxes near workers.",4,"Is there anything where you guys can see where boxes are starting to back up and build a, like, start to build up in a certain line? | it then boxed up, and then it pushed over a a moderate load box off of a probably a long distance in the air, and missed a colleague by, yeah, I mean, literally. | it's the highest it's a single layer of boxes right so it's like anytime it goes above one like we need to know about that because something because yeah absolutely that would be a good way to put it | I think the no movement, and we'll understand when the conveyor's off, we call out, hey, no movement on X conveyor, and they could say, shut down.",True,False,Conveyor Safety Monitoring,False,False,5,5,,False,5.0
512af163-fb6a-447d-a767-f0cbb22fca95.json,Voxel - Cobalt Ridge Fabrication,2024-01-17T12:15:00Z,safety_use_cases,Pedestrian no-go zone monitoring (temporarily disabled during contractor work),Monitor pedestrians entering restricted automation areas; disable the alerts where contractors are present to avoid false positives and re-enable later.,3,should we remove the pedestrian zone activity at the moment? | So go ahead and remove them now. We can always add them back in post-December. | So we'll just remove all zone instances from training camera. Historically.,True,False,No-Pedestrian Zone Enforcement,False,False,4,3,"Label overstates the use case - evidence shows removal of pedestrian zone monitoring but doesn't clearly indicate it's for contractor work or avoiding false positives, nor that it's specifically for 'no-go zone' safety monitoring vs other purposes",False,3.5
512af163-fb6a-447d-a767-f0cbb22fca95.json,Voxel - Cobalt Ridge Fabrication,2024-01-17T12:15:00Z,safety_use_cases,Slip/trip/fall and fall-from-height risk at docks/trailers,"Identify hazards such as box avalanches and potential unguarded edge exposures, prompting cleanup and controls to prevent slips, trips, and falls.",3,"in an issue because we have a four-foot unguarded fall risk. | So, again, what do you do when you do have the avalanche, right? First, you have to clear a pathway before you start pulling out more product. | now there's a slip, trip, and fall risk because Monday at 1 p.m..",True,False,Working at Heights Detection,False,False,5,5,,False,5.0
512af163-fb6a-447d-a767-f0cbb22fca95.json,Voxel - Cobalt Ridge Fabrication,2024-01-17T12:15:00Z,safety_use_cases,"Unsafe behavior around conveyors and struck-by risk (pull-and-jump, leaning/sitting)",Detect risky behaviors near conveyors such as pull-and-jump actions and leaning/sitting on active equipment that can lead to struck-by or caught-in injuries.,3,"We've got a little struck by risk. | There is a video that I just sent, and it was two colleagues sitting and hanging on the outside watching two colleagues. | And it's the weekend. Like, leaning on. Leaning on. Leaning on.",True,False,Conveyor Safety Monitoring,False,False,3,4,Evidence mentions 'sitting and hanging' and 'leaning on' but lacks clear support for 'pull-and-jump' actions specifically mentioned in the label,False,3.5
512af163-fb6a-447d-a767-f0cbb22fca95.json,Voxel - Cobalt Ridge Fabrication,2024-01-17T12:15:00Z,safety_use_cases,Heat maps to identify safety hotspots and guide layout/5S improvements,"Use Voxel heat maps to pinpoint where safety risks concentrate (e.g., ergonomics, pedestrian movement) and inform continuous improvement such as 5S changes.",3,"a heat map is extremely powerful when you're looking at it in a really busy area, know, sort of at full peak, full production, what do we need to focus on? | what I have here is the heat map first and foremost. | You've already started doing that when you 5S, like, the overhead door areas, right? Like, being able to, you know, monitor compliance with that.",True,False,Safety Heatmaps and Hotspot Analysis,False,False,4,4,,False,4.0
512af163-fb6a-447d-a767-f0cbb22fca95.json,Voxel - Cobalt Ridge Fabrication,2024-01-17T12:15:00Z,safety_use_cases,Coaching Workshop and coaching using blurred videos and Voxel insights,"Bring Voxel clips, heat maps, and trends into Coaching Workshop and review groups to coach behaviors, with legal-approved blurring to share examples more broadly.",3,"the data introduced in Coaching Workshop. I mean, this is this is the best practice that we've seen. | once we look, because I don't think we looked at the new blurring, we're going to go back to them and say, is this blurred enough to be able to share with others? We can share the data. | I just got permission from Union Ridge Counsel to show blurred video.",True,False,Safety Video Coaching and Training,False,False,5,5,,False,5.0
512af163-fb6a-447d-a767-f0cbb22fca95.json,Voxel - Cobalt Ridge Fabrication,2024-01-17T12:15:00Z,safety_use_cases,Open door duration tracking tied to ergonomics/pressure during live unloads,Track open dock door duration for live unloads to correlate longer unload times with ergonomic risk and operational pressure windows.,2,"it's also possible to turn on open door duration so that if you knew your turnaround time was, for example, no more than, say, under an hour, you wanted the truck to turn around in, you could start the open door duration so you'd have some line of sight to when it's there longer. | But does open door duration pick up when... The door's open and there's a truck in the bay.",True,False,Dock Safety Monitoring,False,False,3,2,"Evidence mentions open door duration and turnaround time tracking, but does not support the specific claims about ergonomic risk correlation or 'pressure windows' mentioned in the label",False,2.5
512af163-fb6a-447d-a767-f0cbb22fca95.json,Voxel - Cobalt Ridge Fabrication,2024-01-17T12:15:00Z,nonsafety_use_cases,Conveyor congestion detection for operational efficiency,"Use cameras to detect conveyor backups (pile-ups, no movement) to intervene sooner, reduce downtime, and manage flow beyond safety prevention.",3,"Is there anything where you guys can see where boxes are starting to back up and build a, like, start to build up in a certain line? | To sum that up, there is definitely an operational-efficiency opportunity in addition to the safety piece if material starts to pile up. | a heat map is extremely powerful when you're looking at it in a really busy area, know, sort of at full peak, full production, what do we need to focus on? And we have customers that use those, you know, day in, day out to identify operational bottlenecks",True,False,Traffic Flow and Congestion,False,False,5,5,,False,5.0
512af163-fb6a-447d-a767-f0cbb22fca95.json,Voxel - Cobalt Ridge Fabrication,2024-01-17T12:15:00Z,nonsafety_use_cases,Heat maps to identify operational bottlenecks and movement patterns,Leverage Voxel heat maps to understand flow patterns and chokepoints and drive continuous improvement in busy areas.,2,"So what's working, what are sort of the key flow patterns, pain points, choke points, know, certain areas that are leading to potentially more risk than others, really adding that visibility in place to make sure you guys are continuing to operate with the, you know, at scale with sort of the best data possible. | a heat map is extremely powerful when you're looking at it in a really busy area, know, sort of at full peak, full production, what do we need to focus on? And we have customers that use those, you know, day in, day out to identify operational bottlenecks",True,False,Traffic Flow and Congestion,False,False,5,4,,False,4.5
512af163-fb6a-447d-a767-f0cbb22fca95.json,Voxel - Cobalt Ridge Fabrication,2024-01-17T12:15:00Z,nonsafety_use_cases,Cross-facility summary view for benchmarking,"Provide leadership a summary view to compare trends across facilities, identify outliers, and direct attention where needed.",3,"So, this is a sample site view. In a multi-site setup, you can switch between locations from a single summary view. | we're going to highlight the trends over the last about a month by facility, right? | now see which locations are contributing most and where I should spend time, while also comparing what is working well at one site versus another.",True,False,Cross-Facility Benchmarking,False,False,5,4,,False,4.5
512af163-fb6a-447d-a767-f0cbb22fca95.json,Voxel - Cobalt Ridge Fabrication,2024-01-17T12:15:00Z,nonsafety_use_cases,Automated reporting and notifications,"Subscribe stakeholders to tailored, automated data feeds and notifications to reduce manual platform checks and improve information distribution.",2,"This reporting approach is intended to let you subscribe to the data you want and receive automated updates, which could reduce how often you need to go into the platform directly. | There should be a way to receive notifications through the tools people already use as well.",True,False,Report Export and Subscriptions,False,False,5,5,,False,5.0
512af163-fb6a-447d-a767-f0cbb22fca95.json,Voxel - Cobalt Ridge Fabrication,2024-01-17T12:15:00Z,nonsafety_use_cases,API and BI integration for leading/lagging metrics,"Integrate Voxel data with external reporting systems to combine leading and lagging indicators, automate reporting, and support incident records.",3,"another really exciting thing is broader API access ... how do we supplement or enhance what is going into an external risk system with our data? | possibly having APIs from both systems and using a reporting layer that lets you see proactive, leading, and lagging indicators together. | We already do daily reporting from one system into another reporting layer today.",True,False,System Integration and Data Export,False,False,5,5,,False,5.0
512af163-fb6a-447d-a767-f0cbb22fca95.json,Voxel - Cobalt Ridge Fabrication,2024-01-17T12:15:00Z,nonsafety_use_cases,Open door duration tracking for turn-time management,"Track dock door open durations during live unloads to monitor turn-time and coordinate staffing/scheduling, while also correlating with risk windows.",2,"it's also possible to turn on open door duration so that if you knew your turnaround time was, for example, no more than, say, under an hour, you wanted the truck to turn around in, you could start the open door duration so you'd have some line of sight to when it's there longer. | And the turn time, like trailer load and unload, that's something we're tackling, like, operationally as well, right?",True,False,Door Duration Monitoring,False,False,5,5,,False,5.0
aa7a4873-c2d8-41b6-bd05-0600530e7764.json,Blue Peak Services POC Week 2 Review,2023-12-10T19:00:00Z,safety_use_cases,Stop sign compliance (no-stops) monitoring,"Monitor and enforce complete stops at stop signs/doorways for pedestrians and powered industrial trucks (PITs), focusing on known hotspots and shifts.",7,"We're going to start with no-stops. | So we set up that rule that there needs to be a complete stop at that stop sign. | Came through there and didn't stop at all. | And there's a lot of video, very similar to that, where they're, you know, not slowing down, let alone stopping. | And we know that, you know, as they're coming through here, obviously, a stop through the aisle, but also a stop through that doorway. | Would that be a sanitation worker that we just saw there? | Yes.",True,False,Intersection Stop Compliance,False,False,5,5,,False,5.0
aa7a4873-c2d8-41b6-bd05-0600530e7764.json,Blue Peak Services POC Week 2 Review,2023-12-10T19:00:00Z,safety_use_cases,Person-to-PIT proximity monitoring,"Detect and reduce close interactions between pedestrians and forklifts/pallet jacks on the dock, using heat maps and example clips to coach safer behaviors and timing.",6,"The next one is person-to-pit proximity. | So, you know, where, it's clearly mostly consolidated to the dock area. | And then also it looks like between like 5 p.m.. to 7 p.m.. is when we're seeing the highest frequency of this incident type. | the forklift wasn't looking for a pedestrian, and secondly, the pedestrian wasn't looking for the forklift. | there's an individual wrapping that orange pallet. And you're going to watch this individual walk right up to that pallet jack. | This pallet jack drives right up to that person.",True,False,PIT-Pedestrian Proximity Monitoring,False,False,5,4,Label uses 'PIT' acronym without spelling out 'Powered Industrial Truck'; description mentions coaching behaviors which isn't directly evidenced in quotes,False,4.5
aa7a4873-c2d8-41b6-bd05-0600530e7764.json,Blue Peak Services POC Week 2 Review,2023-12-10T19:00:00Z,safety_use_cases,PIT-to-PIT proximity monitoring,"Identify and mitigate close encounters between forklifts, especially when exiting refrigerated areas near the dock during peak hours, and coach stop-and-yield behaviors.",5,"Moving on to pit-to-pit proximity. | between 4 p.m.. and 6 p.m.. is when we're seeing the highest frequency of pit-to-pit proximity. | a lot of this closeness where that hot spot is, is people coming out of, I'm assuming, refrigerators. | the forklift doesn't stop coming out, and the other forklift kind of ends up tight right around them | What type of distance should they be keeping from each other?",True,False,PIT-to-PIT proximity monitoring,False,False,5,5,,False,5.0
aa7a4873-c2d8-41b6-bd05-0600530e7764.json,Blue Peak Services POC Week 2 Review,2023-12-10T19:00:00Z,safety_use_cases,Ergonomics: Improper bending detection,"Detect improper bending postures during lifting and handling tasks, especially during night operations, and use video evidence to coach safe technique.",5,"So getting into improper bends, you know, again, it's a similar trend as we saw last week here, right? | So it's primarily during that busy time over the night is when we're seeing this kind of happen most often. | And we're seeing it across all a few cameras. | The first one here, relatively straightforward, not bending at the knees. | This associate at the end where you see the body lit up, just literally bent over at the waist and bent over to pick up a case.",True,False,Ergonomic Risk Detection,False,False,5,5,,False,5.0
aa7a4873-c2d8-41b6-bd05-0600530e7764.json,Blue Peak Services POC Week 2 Review,2023-12-10T19:00:00Z,safety_use_cases,Ergonomics: Overreaches detection,"Detect overreaching incidents in picking aisles, primarily during the 9 p.m.. to 6 a.m.. window, and focus improvements using heat maps.",4,"for overreaches, you know, pretty similar story. | we're seeing it in mostly the aisles here | during that nighttime, that 9 p.m.. to 6 a.m.., when obviously you guys are most busy with picking. | Here's some of the heat maps for overreaches.",True,False,Ergonomic Risk Detection,False,False,5,5,,False,5.0
aa7a4873-c2d8-41b6-bd05-0600530e7764.json,Blue Peak Services POC Week 2 Review,2023-12-10T19:00:00Z,safety_use_cases,Spill detection for faster response,Detect floor spills to enable quicker response and reduce slip/trip hazards in a produce environment.,3,"Yeah, I was to say Spills was a use case that me and Quinn talked about pretty extensively. | And I saw a fair amount, Finley, where you had those spills. | it's going to enable you to respond faster.",True,False,Spill Detection and Monitoring,False,False,5,4,,False,4.5
aa7a4873-c2d8-41b6-bd05-0600530e7764.json,Blue Peak Services POC Week 2 Review,2023-12-10T19:00:00Z,safety_use_cases,Use anonymized video for non-punitive safety training and coaching,"Export and blur video clips to coach and train associates, fostering conversations and learning rather than punitive actions.",6,"We can do retroactive blurring. | We can turn the blurring on when we export this. | which makes it great for frontline training if that's a cultural barrier. | use this clip or another clip as an example of, hey, here's, you a behavior we don't want to see happening. | not to use the tool in a punitive punishment kind of way, but mostly for training and for learning. | will be good for, like you're saying, you know, periodic training or awareness training",True,False,Safety Video Coaching and Training,False,False,5,5,,False,5.0
aa7a4873-c2d8-41b6-bd05-0600530e7764.json,Blue Peak Services POC Week 2 Review,2023-12-10T19:00:00Z,safety_use_cases,Data-driven targeting of safety observations using heat maps and time-of-day trends,Use heat maps and temporal analytics to pinpoint hotspots and schedule focused observations/interventions when and where risk is highest.,3,"the beauty of a heat map is rather than having to watch video from this entire area, the heat map is actually interactive when you're in the platform, which means you'll see little red dots that allow you to click into that hot spot. | maybe I go spend some time on the dock around, you know, 5 p.m.., 6 p.m.., 7 p.m.., and do those observations | The heat maps will help a lot. It shows us where the hot spots are, whether we have to do more observations in that area or signage.",True,False,Safety Heatmaps and Hotspot Analysis,False,False,5,5,,False,5.0
aa7a4873-c2d8-41b6-bd05-0600530e7764.json,Blue Peak Services POC Week 2 Review,2023-12-10T19:00:00Z,safety_use_cases,Gamify safety compliance to reduce no-stops,"Run shift-level competitions tracked in Voxel (e.g., first shift to reach zero no-stops earns a reward) to drive rapid behavior change.",4,"Also, too, I've seen a lot of our customers gamify it, right? | Whoever is the first one to get zero in a week gets a pizza party. | With Voxel, you can very easily track, right, the first shift to get zero in a week, right? | the first thing we started getting questions at pre-shift was, where are we against the other shifts?",True,False,Intersection Stop Compliance,False,False,5,5,,False,5.0
aa7a4873-c2d8-41b6-bd05-0600530e7764.json,Blue Peak Services POC Week 2 Review,2023-12-10T19:00:00Z,safety_use_cases,Prioritize review by severity to focus on high-risk cases,"Use severity levels to filter incidents (e.g., high risk) and concentrate coaching and corrective actions where risk is greatest.",3,"you'll have the ability to sort by the severity level. | you get down to 56 high risk | this is a high severity incident, right? So filtering by those high severity incidents to get an idea on where can I focus my efforts is a great way to kind of get started within the platform and looking through the videos.",True,False,Incident Severity Scoring and Prioritization,False,False,5,5,,False,5.0
aa7a4873-c2d8-41b6-bd05-0600530e7764.json,Blue Peak Services POC Week 2 Review,2023-12-10T19:00:00Z,safety_use_cases,Area controls (restricted zones and product placement policies),"Set up area control rules such as where product must not be left and where people should never be, to enforce site policies and prevent unsafe access.",2,I would say things like area controls. | So like should product never be left somewhere? Should someone never be somewhere for any amount of time?,True,False,Restricted Area and Access Control,False,False,5,5,,False,5.0
aa7a4873-c2d8-41b6-bd05-0600530e7764.json,Blue Peak Services POC Week 2 Review,2023-12-10T19:00:00Z,nonsafety_use_cases,Area controls (restricted zones and product placement policies),Configure rules to enforce operational policies such as preventing product from being left in certain areas and restricting access to specific zones.,2,I would say things like area controls. | So like should product never be left somewhere? Should someone never be somewhere for any amount of time?,True,False,Restricted Area and Access Control,False,False,5,4,,False,4.5
aa7a4873-c2d8-41b6-bd05-0600530e7764.json,Blue Peak Services POC Week 2 Review,2023-12-10T19:00:00Z,nonsafety_use_cases,Identify operational improvements and efficiency gains from data,Use heat maps and discussions with frontline teams to surface operational improvements and efficiency gains.,1,"Maybe it leads to an operational improvement, efficiency gains that we can start talking about.",True,False,Warehouse Productivity Optimization,False,False,2,3,"Evidence only vaguely mentions 'operational improvement, efficiency gains' without supporting the specific methods (heat maps, frontline team discussions) described in the label",False,2.5
aa7a4873-c2d8-41b6-bd05-0600530e7764.json,Blue Peak Services POC Week 2 Review,2023-12-10T19:00:00Z,nonsafety_use_cases,Reduce manual video review workload,"Use heat maps and surfaced clips to avoid combing through large amounts of video, improving productivity of reviews.",1,It prevents you from having to go through a ton of video to find it.,True,False,Hazard Detection and Alerting,False,False,4,3,"Label and bucket suggest this is non-safety work, but reducing video review workload is typically safety-related at Voxel; bucket may be incorrect",False,3.5
b7320572-5b94-4ad1-a61f-1d9fe3310b67.json,South Track Dynamics / Voxel Monthly,2023-04-04T17:30:00Z,safety_use_cases,PPE compliance monitoring (bump caps and safety vests) with tuning and zoning,"Monitor hat/vest compliance, reduce false positives by increasing minimum violation duration, and exclude entry areas where PPE is not required.",7,"I usually take a look at the Wednesday and Thursdays to see if anyone forgot to put their hat on or their vest, but I noticed it wasn't coming up. | I want to go back through the cameras, because we are finding a lot of things like bump caps that are popping up. | Okay, yeah, that would definitely be, I mean, if we went to like 15 seconds, I think that would be fine. It may give someone the opportunity to take their hat off, you know, wipe their brow, whatever they're doing. | Well, the bump caps they need to have in all areas anyways. | And or bump caps are not required because folks are coming in and out of the building. | For the Safety Vest? | For the Safety Vest timeframes?",True,False,PPE Compliance Monitoring,False,True,5,5,,False,5.0
b7320572-5b94-4ad1-a61f-1d9fe3310b67.json,South Track Dynamics / Voxel Monthly,2023-04-04T17:30:00Z,safety_use_cases,PIT–pedestrian proximity monitoring and walkway zoning/coverage,Address PIT-to-person proximity by improving camera angles/coverage and defining pedestrian walkways to reduce false positives.,5,"But they have, like, designated walkways, right? | Unfortunately, we don't have that as clearly defined here. | So we are having kind of what we call, like. False readings, and I'd like to kind of sit down and go through that with you again and see if we can kind of re-lay out some of the boxes and whatnot. | we get pit to person sometimes, and the angle I think makes it look like they're within that three-foot range when they're, realistically, they're about five feet. | it might make sense for us to re-allocate a different camera to maybe get a better view of a different area.",True,False,PIT-Pedestrian Proximity Monitoring,False,False,5,5,,False,5.0
b7320572-5b94-4ad1-a61f-1d9fe3310b67.json,South Track Dynamics / Voxel Monthly,2023-04-04T17:30:00Z,safety_use_cases,PIT parking duration monitoring at inbound docks,"Detect and alert when powered industrial trucks are parked too long at docks to prevent dock leveler damage, with an extended threshold during active loading.",4,"So, the parking duration, Rob, popped up recently that we haven't seen and it was during the working time. | I can tell the idea was dock levelers. We don't want damaging the dock levelers. | Our rule is set up for 60 seconds. | Maybe set for tens of minutes or something.",True,False,PIT Parking Duration Monitoring,False,True,4,4,,False,4.0
b7320572-5b94-4ad1-a61f-1d9fe3310b67.json,South Track Dynamics / Voxel Monthly,2023-04-04T17:30:00Z,safety_use_cases,Ergonomic risk detection and multi-actor capture,Monitor improper lifting/overreaching and ensure simultaneous unsafe acts by multiple people are each detected and clipped.,5,"Right now, honestly, I think bump caps is probably the biggest one, other than the ergonomics ones, right? | I know one of the things that was written down a while back ago was AI wasn't able to identify two people at the same time, overreaching. | It only caught the one person, not the other person. | That should have not happened, just to be clear. | But if people are doing simultaneously the same thing, it should create two different clips, a.k.a. two different data points.",True,False,Ergonomic Risk Detection,False,False,5,5,,False,5.0
b7320572-5b94-4ad1-a61f-1d9fe3310b67.json,South Track Dynamics / Voxel Monthly,2023-04-04T17:30:00Z,safety_use_cases,Proactive safety analytics (heat maps and action/insights),Use heat maps and AI-driven insights to highlight hotspots and suggest actions to reduce spikes in improper bending and other incidents.,3,"heat map should be coming here. Hopefully by the end of this month, it'll be live for every customer. | Voxel will start, air quotes, saying, hey, you you guys are having improper bend spikes around this time of the week. | Here's four options that may help, you know, make that incident count go down in that area.",True,False,Proactive safety analytics (heat maps and action/insights),False,False,5,5,,False,5.0
b7320572-5b94-4ad1-a61f-1d9fe3310b67.json,South Track Dynamics / Voxel Monthly,2023-04-04T17:30:00Z,safety_use_cases,Supervisor-specific boards and action follow-up for safety,"Assign specific cameras to supervisors via boards for focused monitoring, assignment, and closing out safety actions after stand-ups.",5,"Are we able to assign specific cameras to those individuals? | Yes, you guys can. So we can do that through boards. | So the way we'll set it up is this supervisor needs these a few cameras, all use cases, whatever you guys want to name it, we'll name it. | It's, you they're still kind of, you know, learning the process, but, like, I know we signed some to our supervisor of materials, and I know she responded back, and, you know, they went and had an action with their team and, you know, discussed the situation. | So, I think part of it is just our own internal, making sure they know that once they've done, you know, their safety stand up to resolve the action, so that way it's not pending.",True,False,Actions Workflow and Coaching,False,False,5,5,,False,5.0
b7320572-5b94-4ad1-a61f-1d9fe3310b67.json,South Track Dynamics / Voxel Monthly,2023-04-04T17:30:00Z,safety_use_cases,Daily summary incident emails for safety review,"Rely on daily incident summary emails to review PPE and other findings, including weekend checks; ensure consistent delivery.",4,"I stopped getting Voxel notifications on August 21st. | Usually, I get a daily report. | Support showing incidents and findings. | I usually take a look at the Wednesday and Thursdays to see if anyone forgot to put their hat on or their vest, but I noticed it wasn't coming up.",True,False,Daily Safety Digest and Reporting,False,False,5,5,,False,5.0
b7320572-5b94-4ad1-a61f-1d9fe3310b67.json,South Track Dynamics / Voxel Monthly,2023-04-04T17:30:00Z,nonsafety_use_cases,Daily summary email delivery and notifications,Ensure the daily report emails are being delivered reliably and troubleshoot when they stop arriving.,4,"I stopped getting Voxel notifications on August 21st. | Usually, I get a daily report. | Support showing incidents and findings. | Oh, and we'll follow up on the emails, the Daily Summer emails, Alex.",True,False,Report Export and Subscriptions,False,False,5,5,,False,5.0
b7320572-5b94-4ad1-a61f-1d9fe3310b67.json,South Track Dynamics / Voxel Monthly,2023-04-04T17:30:00Z,nonsafety_use_cases,Role-based boards and camera access for supervisors,Create boards that partition specific cameras and incident types for individual supervisors to streamline monitoring and close out assigned actions.,4,"Are we able to assign specific cameras to those individuals? | Yes, you guys can. So we can do that through boards. | So the way we'll set it up is this supervisor needs these a few cameras, all use cases, whatever you guys want to name it, we'll name it. | It's, you they're still kind of, you know, learning the process, but, like, I know we signed some to our supervisor of materials, and I know she responded back, and, you know, they went and had an action with their team and, you know, discussed the situation.",True,False,Dashboard and UI Customization,False,False,5,3,Label incorrectly bucketed as 'nonsafety_use_cases' when assigning cameras and incidents to supervisors for monitoring and action closeout appears to be safety-related workflow,False,4.0
94f74d21-b031-462f-a02c-d17e8503e519.json,Voxel <> Frontier Span Transport Intro ,2023-08-16T18:30:00Z,safety_use_cases,Forklift and pedestrian safety monitoring,"Monitor and alert on high-risk PIT behaviors and interactions, such as not stopping at intersections, PIT–pedestrian proximity, racking/door impacts, visibility issues from double-stacked loads, and unsafe dismounting.",4,"forklift safety is always a concern for anyone that's got forklifts, period. | we did have a lot of rack damage from people bumping into things and, and, and running into different things. | And we do, we've had a couple cases of, of some lift on person contact before. | So the no-stop rule, he's now backing up without looking, hits the garage door, pulls forward while he's double-stacked, almost hits the other forklift, jumps out of the forklift while it's still moving, no seatbelt, and his PPE is sitting on the side of the forklift here.",False,False,PIT-Pedestrian Proximity Monitoring,False,False,5,5,,False,5.0
94f74d21-b031-462f-a02c-d17e8503e519.json,Voxel <> Frontier Span Transport Intro ,2023-08-16T18:30:00Z,safety_use_cases,Housekeeping and material fall risk detection,"Identify housekeeping issues and product storage conditions that create hazards in pedestrian aisles, including vertically stored/overpacked product that can fall.",6,"Like, would you guys be looking for, you know, things out of orders in pedestrian aisleways, things like that? | So I would say housekeeping for sure, | But the product, have it standing up. | And so it's vertical. | And so sometimes to me, it always looks like it's going to fall. | It doesn't most of the time, but if it's overpacked, sometimes it can.",False,False,Obstruction and Egress Monitoring,False,False,5,5,,False,5.0
94f74d21-b031-462f-a02c-d17e8503e519.json,Voxel <> Frontier Span Transport Intro ,2023-08-16T18:30:00Z,safety_use_cases,Ergonomic risk monitoring for manual handling,Detect and trend ergonomic risks such as overreaching and manual handling that contribute to shoulder and back strains during product picking from racks.,4,"But we do have a lot of shoulder strains and pulled shoulders and just back in general and things like that. | So I guess definitely ergonomics is the other side of it for sure. | Bottom part of the screen here, you're going to see a muscular skeleton overlay appear on the people that start to overreach. | Second they reach overhead, they're going to get flagged as red.",False,False,Ergonomic Risk Detection,False,False,5,5,,False,5.0
94f74d21-b031-462f-a02c-d17e8503e519.json,Voxel <> Frontier Span Transport Intro ,2023-08-16T18:30:00Z,safety_use_cases,Automated near-miss capture and real-time coaching,Reduce reliance on self-reporting by automatically capturing near misses and safety events with cameras and sending real-time alerts to enable immediate coaching and corrective action.,5,"we don't have to rely on the accuracy of people reporting on themselves or the human eye seeing everything. Now it's going to be captured. | these are going to be sent to you in real time. | And we had a near miss like reporting function through that and no one used it. | It was never used. | we've had a little bit of use of near misses, but it's really not that huge at all.",False,False,Near-Miss Detection and Reporting,False,False,5,5,,False,5.0
94f74d21-b031-462f-a02c-d17e8503e519.json,Voxel <> Frontier Span Transport Intro ,2023-08-16T18:30:00Z,safety_use_cases,PPE and seatbelt compliance monitoring,"Monitor PPE and seatbelt compliance for operators and pedestrians, surfacing non-compliance such as missing safety vests or seatbelts for timely coaching.",2,"So as we scroll down, we see safety vest compliance. We're down 80-90%. We're doing a great job. | no seatbelt, and his PPE is sitting on the side of the forklift here.",False,False,PPE Compliance Monitoring,False,True,5,5,,False,5.0
94f74d21-b031-462f-a02c-d17e8503e519.json,Voxel <> Frontier Span Transport Intro ,2023-08-16T18:30:00Z,safety_use_cases,Camera-based alternative/complement to forklift telematics,"Use computer vision to track forklift safety KPIs such as racking impacts and speeding, complementing or reducing the need for embedded telematics on new Toyota lifts.",4,"So we're actively in the process of a big transition for our forklifts company-wide, and we're doing a big deal with Toyota to replace all of our lifts. | I learned that supposedly there is a telematics aspect to that deal. | Like, we're not in competition with those just because that's, you know, those are going be a little different thing. | And we're able to track all of that with the cameras as well.",False,False,Forklift Telematics Alternative,False,False,4,4,,False,4.0
94f74d21-b031-462f-a02c-d17e8503e519.json,Voxel <> Frontier Span Transport Intro ,2023-08-16T18:30:00Z,safety_use_cases,Safety hotspot heat mapping to target interventions,"Overlay heat maps on camera views and use cases to pinpoint where safety alerts cluster, informing operational or engineering changes (e.g., forklift paths, ergo work heights) to reduce incidents.",4,"So this is our new tool called heat mapping. | We're going to be able to overlay this heat map onto all use cases and all camera views within your facility. | So, with the forklifts, it's going to show you like pattern of travel. So, maybe it's, you know, an operational change or an engineering change, we can quickly make by looking at the path of travel. | Because I do, that aspect, I do like a lot.",False,False,Safety Heatmaps and Hotspot Analysis,False,False,5,5,,False,5.0
39760c03-665a-45f6-8b9a-dd7d6f88b8d3.json,Ridge Peak Manufacturing // Voxel Ai,2022-09-29T00:30:00Z,safety_use_cases,PPE compliance monitoring,"Detect missing PPE such as helmets, gloves, earplugs, safety vests, bump caps, and hairnets, and alert responsible managers.",3,"So, you know, PPE, which I know is one of the discussions you want to talk about or use cases you want to track. | For example, if the area is supposed to wear earplugs, gloves, so in case they violate that, will the VoxelAI able to detect it? | So if they're not wearing like safety gloves or hats or vests, bump caps, missing hairnets, yes, we track all that.",False,False,PPE Compliance Monitoring,False,True,5,5,,False,5.0
39760c03-665a-45f6-8b9a-dd7d6f88b8d3.json,Ridge Peak Manufacturing // Voxel Ai,2022-09-29T00:30:00Z,safety_use_cases,Forklift and pedestrian proximity/near-miss detection,Monitor PIT-to-pedestrian and PIT-to-PIT proximity to detect and flag near misses and intersection violations for follow-up.,4,"It's for like PPE, like some of the stuff we'll go over today, like people not wearing hard hats or safety vests or forklift collisions or almost collisions, right? | So this is pit proximity. | this guy, look at this, almost hits the person. | oh, no stopping intersection is up by 50-125%.",False,False,PIT-Pedestrian Proximity Monitoring,False,False,5,5,,False,5.0
39760c03-665a-45f6-8b9a-dd7d6f88b8d3.json,Ridge Peak Manufacturing // Voxel Ai,2022-09-29T00:30:00Z,safety_use_cases,Forklift speeding monitoring,Detect forklifts exceeding site-defined speed limits and flag incidents.,3,"Oh, there's speeding. Speeding. | So, for example, there's a fog clip going above the speed limit, which means it can be detected. | Look, this guy's going over the speed limit that you determined.",False,False,Forklift Speed Monitoring,False,False,5,5,,False,5.0
39760c03-665a-45f6-8b9a-dd7d6f88b8d3.json,Ridge Peak Manufacturing // Voxel Ai,2022-09-29T00:30:00Z,safety_use_cases,Spill and leak detection (including hazardous chemicals),"Identify spills such as hydrochloric acid, paint leaks, or wastewater overflow in designated areas and alert with high severity.",3,"Spills, I think was another one, right? | We talked about can't identify chemical spills, yep, in danger zones. | Sometimes, uh, it's like a hydrocholic acid.",False,False,Spill Detection and Monitoring,False,False,4,3,"Label adds specifics (paint, wastewater, 'high severity' alerting) not mentioned in evidence; 'hydrocholic' likely means hydrochloric acid",False,3.5
39760c03-665a-45f6-8b9a-dd7d6f88b8d3.json,Ridge Peak Manufacturing // Voxel Ai,2022-09-29T00:30:00Z,safety_use_cases,Restricted hazard/working-at-heights zone intrusion alerts,"Alert when any person enters restricted hazardous zones (e.g., working at heights areas) without authorization or competence.",3,"can Voxel detect unauthorized personnel in a restricted hazards area? | But we can, we can use like notepad zone or working at heights so we can use that. | we have a certain work and hide areas that requires only the authorized personnel to do it or else the competent person to do it.",False,False,No-Pedestrian Zone Enforcement,False,False,5,5,,False,5.0
39760c03-665a-45f6-8b9a-dd7d6f88b8d3.json,Ridge Peak Manufacturing // Voxel Ai,2022-09-29T00:30:00Z,safety_use_cases,Hazardous machinery safeguarding detection,"Detect unsafe behaviors around machinery, including climbing or reaching around safeguards, and alert accordingly.",3,"does it recognize unsafe behaviors such as running and climbing machineries? | We are working on an update related to hazardous machinery. | So people reaching around like safeguards and stuff, that you'll get alerted.",False,False,Equipment and Machine Safety Monitoring,False,False,5,5,,False,5.0
39760c03-665a-45f6-8b9a-dd7d6f88b8d3.json,Ridge Peak Manufacturing // Voxel Ai,2022-09-29T00:30:00Z,safety_use_cases,Ergonomics risk detection with severity scoring (Posture Risk Index),"Identify improper bending and overreaching/lifting, score severity using Posture Risk Index, and provide clips for coaching or engineering controls.",4,"Some of the stuff is not, you don't really need it for real time, like ergo, right? | Well, so like let's go to ergonomics, improper bend. | So it's going to flag this and it will show you the severity based off of Posture Risk Index, right? | So there's 1 to 5 is low, 5 to 10 is medium, 10 to 15 is high.",False,False,Ergonomic Risk Detection,False,False,5,5,,False,5.0
39760c03-665a-45f6-8b9a-dd7d6f88b8d3.json,Ridge Peak Manufacturing // Voxel Ai,2022-09-29T00:30:00Z,safety_use_cases,Heat mapping of safety incidents and violations,Generate heat maps to show where and when injuries or violations occur most frequently to focus interventions.,3,"So like we talked about heat zones, right? | We can show where the most injuries are happening, when and where. | Hey, automated reports are talking about heat mapping.",False,False,Safety Heatmaps and Hotspot Analysis,False,False,5,5,,False,5.0
39760c03-665a-45f6-8b9a-dd7d6f88b8d3.json,Ridge Peak Manufacturing // Voxel Ai,2022-09-29T00:30:00Z,safety_use_cases,Real-time incident alerting (email/SMS),"Provide near real-time alerts for safety incidents via email, in-app, and soon SMS to designated users.",3,"So in real time, we're getting it down to under a minute, which is really great. | And you'll get those notifications via email and also within the system and then soon to be SMS. | Oh, that means whatever incident happened, like for example, if someone falls on, so they would directly alert through SMS, is it?",False,False,Real-Time Safety Alerts,False,False,5,5,,False,5.0
39760c03-665a-45f6-8b9a-dd7d6f88b8d3.json,Ridge Peak Manufacturing // Voxel Ai,2022-09-29T00:30:00Z,safety_use_cases,Near-miss reporting and shareable analytics,"Record near misses, generate reports over chosen timeframes, and share/export analytics to stakeholders.",4,"Near miss and hazard detection. | So which means whatever near miss is been recorded by the camera. | They'll have a report generated by the system. | So you can, again, you can export the share and you can edit this.",False,False,Near-Miss Detection and Reporting,False,False,5,5,,False,5.0
39760c03-665a-45f6-8b9a-dd7d6f88b8d3.json,Ridge Peak Manufacturing // Voxel Ai,2022-09-29T00:30:00Z,safety_use_cases,Fatigue monitoring inquiry (not supported by Voxel),The customer asked about monitoring worker fatigue to reduce ergonomic injuries; Voxel confirmed it does not support fatigue monitoring.,3,"Next one's fatigue monitoring. | We don't do fatigue monitoring. | So sometimes if the person's feeling fatigues and they still carry on with the job, they'll cause injuries to them as well.",False,False,Fatigue Monitoring Inquiry,True,False,5,5,,False,5.0
39760c03-665a-45f6-8b9a-dd7d6f88b8d3.json,Ridge Peak Manufacturing // Voxel Ai,2022-09-29T00:30:00Z,nonsafety_use_cases,Unauthorized access/security breach detection with alerts,"Use zones to detect and alert on unauthorized entry to buildings or restricted areas for security, notifying designated personnel.",4,"give me a little bit more information about what you're trying to do from the theft side, right? | can we detect real-time alerts? Like, for example, if any, if any, how to say, any employees or any third party... He is trying to access to our buildings without any approval. | Like, no ped zone, so no pedestrian zone, so you can put that for outside or internal cameras, so if someone does go into that area that they're not supposed to, you'll get that alert, right? | Can it notify to the secretary personnel about the theft or any incident coming, something like that?",False,False,Restricted Area and Access Control,False,False,5,3,"Label should be in safety_use_cases bucket - unauthorized access detection is a physical security/safety concern, not a non-safety use case",False,4.0
39760c03-665a-45f6-8b9a-dd7d6f88b8d3.json,Ridge Peak Manufacturing // Voxel Ai,2022-09-29T00:30:00Z,nonsafety_use_cases,No-idling/no-standing enforcement in parking and no-traffic areas,Monitor and alert on people idling or standing in prohibited areas such as parking lots or no-traffic zones.,2,"Again, reiterating that we're not a security platform first, but people have used that to do, like, no idling or where people, like, it says, like, people can't just stand there and wait. | Like, so they do that for, like, parking lots or no traffic areas.",False,False,No-Idling Zone Enforcement,False,False,5,4,,False,4.5
cc1e178e-afef-484c-8a75-f025a6f882ec.json,Cobalt Plant Industrial / Voxel pilot discussion,2022-11-28T14:00:00Z,safety_use_cases,Centralized safety monitoring and real-time dispatch,Use site cameras and AI with control-center operators to detect unsafe conditions/behaviors across dispersed zones and immediately notify the responsible safety officer to intervene.,4,"When we are putting these cameras, these cameras will support us how we're going to put operators in the project control center or safety control centers. | Those people will support the safety officer in case they detect any unsafe conditions or behavior. | They immediately call the zone officer. | I want to prevent these things from happening.",True,False,AI Safety Vision Platform Deployment,False,False,5,5,,False,5.0
cc1e178e-afef-484c-8a75-f025a6f882ec.json,Cobalt Plant Industrial / Voxel pilot discussion,2022-11-28T14:00:00Z,safety_use_cases,Vehicle–pedestrian proximity (man–machine interface) alerts,"Detect workers dangerously close to moving equipment (e.g., within ~2 meters) and alert to prevent runovers and near misses.",4,"Man-machine interface, the equipment and the people inside. | The equipment, when they move, they don't see them, and they kill them. | It detect whatever person that comes in like two meters or something from the equipment, and accordingly it will detect and it will give an alarm or something. | So like lifting activities and stacking and storage, people walking around, vehicles moving around people, the vehicle, the machine human interface is there.",True,False,PIT-Pedestrian Proximity Monitoring,False,False,5,5,,False,5.0
cc1e178e-afef-484c-8a75-f025a6f882ec.json,Cobalt Plant Industrial / Voxel pilot discussion,2022-11-28T14:00:00Z,safety_use_cases,PPE compliance monitoring (including hot work PPE),"Monitor for required PPE such as gloves, goggles/face shields, hard hats, and vests, with emphasis on hot-work areas.",3,"Yeah, I think the PPE is an obvious one. | gloves, eyeglasses, goggles, face shield. Helmets, Vests. | So here, obviously, our focus would be on like, not maybe specifically hard hats, but this one will be like gloves or face shields, those types of things.",True,False,PPE Compliance Monitoring,False,True,5,4,Label slightly overstates emphasis on 'hot work' - transcript mentions hot-work areas but doesn't clearly emphasize it as primary focus,False,4.5
cc1e178e-afef-484c-8a75-f025a6f882ec.json,Cobalt Plant Industrial / Voxel pilot discussion,2022-11-28T14:00:00Z,safety_use_cases,Access/egress safety and restricted area intrusion,"Define and monitor no-pedestrian and no-obstruction zones, walkways/crossings, and detect entry into restricted areas.",4,"I don't know if you guys have anything on access and egress. | Yeah, so we can define, like, no pedestrian zones where people should never be. | We can do a no obstruction zone, so, like, nothing should be blocking this area. | Restricted means that there are areas where no one is, for example, allowed to enter these locations.",True,False,Access/egress safety and restricted area intrusion,False,False,5,5,,False,5.0
cc1e178e-afef-484c-8a75-f025a6f882ec.json,Cobalt Plant Industrial / Voxel pilot discussion,2022-11-28T14:00:00Z,safety_use_cases,Confined space entry and lone-worker detection,Detect confined space entry and flag when a person enters alone to trigger an immediate response.,1,"we can go for the confined space if there are people there, one guy alone entering a confined space, fire, PPEs.",True,False,Confined Space and Lone Worker Safety,False,False,5,5,,False,5.0
cc1e178e-afef-484c-8a75-f025a6f882ec.json,Cobalt Plant Industrial / Voxel pilot discussion,2022-11-28T14:00:00Z,safety_use_cases,Working at height compliance and lifting/falling object risks,Monitor for working at height without scaffolding or full-body harness and identify lifting/falling object hazards.,2,"be careful there is man-machine interface, or people working tight without scaffolding, or no full body harness, or there is a fire, for example, that will support this guy | there are a lot of vests and hazards, falling objects, lifting, walking at height, many, many issues that you can tackle.",True,False,Working at height compliance and lifting/falling object risks,False,False,5,5,,False,5.0
cc1e178e-afef-484c-8a75-f025a6f882ec.json,Cobalt Plant Industrial / Voxel pilot discussion,2022-11-28T14:00:00Z,safety_use_cases,Zone- and shift-based alert routing in remote areas,"Route safety alerts by zone and shift to the responsible person through available delivery methods, with accommodations for remote areas.",6,"In Zone A, we can make sure that we're sending alerts to just those leaders in that area at that time. | I think the best thing would be some tool that gives the safety officer a message with the relevant context. | But what came to mind is what happens if coverage is limited? | Do you have an alternative delivery approach for remote situations? | There are alternate delivery approaches we could consider in that case. | And whenever something happens in that zone, for example, zone A, it goes directly to the person responsible.",True,False,Real-Time Safety Alerts,False,False,4,4,,False,4.0
cc1e178e-afef-484c-8a75-f025a6f882ec.json,Cobalt Plant Industrial / Voxel pilot discussion,2022-11-28T14:00:00Z,safety_use_cases,Drone-based remote inspection and auditing,Integrate AI with drones to conduct remote site walkthroughs from the office to audit teams and inspect conditions.,2,"What about if we do have drones? If we do have drones, can you integrate the system to these drones? | it's a good idea that even from here, if we want to do like a tour or something and make sure that everything in place, I audit my team, I inspect if they're doing their job, I can, I come from here, from my office, I just fly this drone and I just go in my, in my, in my walkthrough.",True,False,Drone Inspection,True,False,5,5,,False,5.0
cc1e178e-afef-484c-8a75-f025a6f882ec.json,Cobalt Plant Industrial / Voxel pilot discussion,2022-11-28T14:00:00Z,nonsafety_use_cases,Drone-based remote inspection and auditing,Integrate AI with drones to conduct remote site walkthroughs from the office to audit teams and inspect conditions.,2,"What about if we do have drones? If we do have drones, can you integrate the system to these drones? | it's a good idea that even from here, if we want to do like a tour or something and make sure that everything in place, I audit my team, I inspect if they're doing their job, I can, I come from here, from my office, I just fly this drone and I just go in my, in my, in my walkthrough.",True,False,Drone Inspection,True,False,5,3,Label should be in 'safety_use_cases' bucket - remote inspection and auditing of team compliance/conditions is a safety management function,False,4.0
c5d0ae01-33cb-4732-a4ba-7a8640cacb6e.json,Voxel Mill Motive Solutions Discussion,2024-07-10T14:00:00Z,safety_use_cases,AI detection of leading safety risks from existing cameras,"Use Voxel’s platform to ingest existing camera feeds and detect unsafe conditions and risky behaviors so Simmons can proactively prevent incidents through coaching, training, and engineering controls.",4,"So what our whole purpose of the solution is to help help you keep your folks safe. | and then we apply our AI models to detect leading indicators of safety risk. | So we're looking for unsafe conditions, risky behaviors, and we're isolating that data, those video clips and the data, and putting it into our platform and basically giving your team a way to know, you know, the where, the when, the where and the when of, and what, of what risky behaviors and incidents are occurring, so that your team can, you know, do some additional coaching and training, and oftentimes engineer, put some engineering controls to make the environment safer. | I am excited about being able to use their technology and being able to, seeing the platform and how it can help us call out incidents before it happens.",False,False,AI Safety Vision Platform Deployment,False,False,5,5,,False,5.0
c5d0ae01-33cb-4732-a4ba-7a8640cacb6e.json,Voxel Mill Motive Solutions Discussion,2024-07-10T14:00:00Z,safety_use_cases,Define and enforce site-specific safety rules (no pedestrian/parking zones with alerts),"Configure camera-based rules such as no pedestrian zones and no parking areas with time thresholds, triggering alerts when violations occur.",5,"Live scoping is actually drawing the rules on the camera itself. | So saying, hey, this area is going to be a no pedestrian zone, area is going to be a no parking zone. | So, for example, we would sit down with your safety team and say, hey, we don't want people parking anywhere on this right side of the screen. | And then I don't want them parking there for more than 15 seconds or more than maybe like a few minutes, however many seconds I want them. | And if anybody walks within this area for more than 10 seconds, yeah, the self-inflecting polygon, so I have to make sure it doesn't overlap, then it will alert me to that.",False,False,Define and enforce site-specific safety rules (no pedestrian/parking zones with alerts),False,False,5,5,,False,5.0
c9439207-5ee3-41ed-ab8a-3f5d6e8313b0.json,Mill Motive Solutions / Voxel - project evaluation status,2023-06-29T14:30:00Z,safety_use_cases,Forklift–pedestrian proximity monitoring during renovation at Van Buren freezer,Deploy Voxel at the Van Buren freezer to monitor and mitigate interactions between pedestrians and lift trucks during a construction-related reroute that will cause congestion.,5,"Well, and also for that matter, timing-wise, we are going to be entering a rather large construction shutdown at, so the Van Buren freezers attached to our Van Buren cook facility. | And the cook facility is going to be going through a significant renovation and part of it right at that time. | And one of the things that we've been concerned about is the interface between pedestrians and lift traffic, lift truck traffic, during that particular time. | Because we're going to have to reroute some of the product path of travel, and some of it's going to get a little congested. | So this will be perfect to have it all ironed out and then be able to say, okay, this is even going to help with that.",False,False,PIT-Pedestrian Proximity Monitoring,False,False,5,5,,False,5.0
249676e3-f866-4b77-a993-05b9da4f6638.json,Kodiak Point Fabrication + Voxel - Deployment,2024-04-26T15:00:00Z,safety_use_cases,No-stop at intersections/end-of-aisles,Detect forklifts failing to stop at designated doors or end-of-aisle/intersections to prevent impacts and near-miss collisions.,3,"Are they stopping and starting at stop signs, right? | So you'll see here, this got pulled in for a no-stop at intersection, right? | Let's say we wanted a no-stop at this door, right?",True,False,No-stop at intersections/end-of-aisles,False,False,5,5,,False,5.0
249676e3-f866-4b77-a993-05b9da4f6638.json,Kodiak Point Fabrication + Voxel - Deployment,2024-04-26T15:00:00Z,safety_use_cases,PIT-to-person proximity monitoring,Alert when a moving forklift (PIT) comes within a defined distance of a pedestrian to prevent strikes.,2,"Are they getting too close to another person or another forklift, pit? | So pit to person, the rule, because I mentioned it's rules. The rule is a moving pit gets within three feet of another person.",True,False,PIT-Pedestrian Proximity Monitoring,False,False,5,5,,False,5.0
249676e3-f866-4b77-a993-05b9da4f6638.json,Kodiak Point Fabrication + Voxel - Deployment,2024-04-26T15:00:00Z,safety_use_cases,PIT-to-PIT proximity/collision monitoring,Detect forklifts getting too close or colliding to reduce impacts and inform safer traffic patterns.,2,"And then pit to pit is the same premise, right? Just it's pit to pit. | They actually hit each other.",True,False,PIT-to-PIT Proximity Monitoring,False,False,4,4,,False,4.0
249676e3-f866-4b77-a993-05b9da4f6638.json,Kodiak Point Fabrication + Voxel - Deployment,2024-04-26T15:00:00Z,safety_use_cases,Ergonomics monitoring (overreaching/improper bends),Detect overreaching and improper bending while handling items to reduce ergonomic injuries and guide behavior/engineering changes.,4,"So like you mentioned earlier, right? Ergonomics, right? So how are people lifting with posture? | So we do overreaches and improper bends. | They have to be handling something for it to trigger. | You'll see here, this individual comes in, lifting a palate over their head, getting on their tippy-toes.",True,False,Ergonomic Risk Detection,False,False,5,5,,False,5.0
249676e3-f866-4b77-a993-05b9da4f6638.json,Kodiak Point Fabrication + Voxel - Deployment,2024-04-26T15:00:00Z,safety_use_cases,"No-ped zones for hazardous areas (e.g., rollers)",Use no-pedestrian zones to detect and prevent people entering dangerous areas like conveyor rollers.,2,"We would accomplish that with a no-ped zone. So no-ped zone basically means should someone never be somewhere? | For this customer, like I said, maybe back of house for you guys out in the yard. But you see here, they didn't want anyone walking on the rollers.",True,False,No-Pedestrian Zone Enforcement,False,False,5,5,,False,5.0
249676e3-f866-4b77-a993-05b9da4f6638.json,Kodiak Point Fabrication + Voxel - Deployment,2024-04-26T15:00:00Z,safety_use_cases,Obstruction detection for egress/pedestrian walkways,"Detect objects left where they shouldn’t be, such as in pedestrian walkways or blocking emergency exits, to maintain safe egress.",2,They don't want product being left in those pedestrian washways as best as possible. | We have a trash can in front of emergency exit.,True,False,Obstruction and Egress Monitoring,False,False,5,5,,False,5.0
249676e3-f866-4b77-a993-05b9da4f6638.json,Kodiak Point Fabrication + Voxel - Deployment,2024-04-26T15:00:00Z,safety_use_cases,Yard vehicle speeding alerts,Monitor and alert when yard trucks exceed speed limits to improve safety.,2,"Or speeding, right? | We want to know every single time a truck is going over 15 miles an hour. Boom.",True,False,Forklift Speed Monitoring,False,False,5,4,,False,4.5
249676e3-f866-4b77-a993-05b9da4f6638.json,Kodiak Point Fabrication + Voxel - Deployment,2024-04-26T15:00:00Z,safety_use_cases,PIT parking duration and distraction monitoring,Detect PITs parked in restricted areas/for too long and operators getting off to use cell phones to reduce distraction and keep aisles safe.,3,"We can also do parking duration. So like, should pits not be parked somewhere for any amount of time? | So, you know, are people getting off their pits to get on their cell phones in certain areas? | Operational flow, right? Dwell time, things like that.",True,False,PIT Parking Duration Monitoring,False,True,5,5,,False,5.0
249676e3-f866-4b77-a993-05b9da4f6638.json,Kodiak Point Fabrication + Voxel - Deployment,2024-04-26T15:00:00Z,nonsafety_use_cases,Open door duration monitoring,Track how long facility doors remain open to enforce policies and manage energy/security.,2,You mentioned open door durations. | We can do that.,True,False,Door Duration Monitoring,False,False,3,4,Evidence is minimal - only confirms the capability exists but doesn't demonstrate active customer interest or context about policy enforcement/energy/security aspects mentioned in description,False,3.5
249676e3-f866-4b77-a993-05b9da4f6638.json,Kodiak Point Fabrication + Voxel - Deployment,2024-04-26T15:00:00Z,nonsafety_use_cases,After-hours restricted area monitoring (time-based no-ped zones),Use time-based no-pedestrian zones to notify on people in restricted/back-of-facility areas during off-hours for security.,8,"So, but maybe there's times super late at night, like, hey, no one in the back of the facility should be back there, right? | From like midnight to 6 a.m.. | We can do things around like things like that. | So you guys can be notified if, you know, someone's... | You know, back there when they shouldn't be back there. | You mentioned, are people hopping a fence? | But if there's something that's like the no-ped zone, right, like that would be a really good use for our email notification. | Hey, 3 a.m.., send an email to this person if someone's walking around the back of the facility, right, outside.",True,False,Restricted Area and Access Control,False,False,5,4,,False,4.5
249676e3-f866-4b77-a993-05b9da4f6638.json,Kodiak Point Fabrication + Voxel - Deployment,2024-04-26T15:00:00Z,nonsafety_use_cases,PIT parking duration and dwell-time analytics for operational flow,Monitor where PITs are parked and dwell time to identify bottlenecks and improve flow.,2,"We can also do parking duration. So like, should pits not be parked somewhere for any amount of time? | Operational flow, right? Dwell time, things like that.",True,False,PIT Parking Duration Monitoring,False,True,5,5,,False,5.0
a6f38a70-7a43-434d-9102-4337a7092020.json,Granite Transit Materials- Use Case Discovery ,2024-04-04T20:30:00Z,safety_use_cases,Four-pin walk-around/pin unlock detection with real-time alerts,Detect whether drivers perform the required four-corner pin unlock walk-around before container lifts and push real-time alerts to Yard Operations/managers so they can intervene and prevent unsafe lifts and damage.,13,"And it's the importance of having those pins, what would you say, pins unlocked for the successful lift up of a container. | So that's the biggest thing is the safety of the movement of these 60,000 plus pound containers throughout the port. | So it's not an extremely hazardous issue, but when it happens, damage happens. | You know, I've seen semi-trucks be lifted up in the air because they forgot to latch their entire four pins. | And one of the safety measures is, the operator of the ROS crane is supposed to be able to recognize that lift. | Lifting an un-pinned chassis, but an algorithm like this could possibly benefit a little bit more to make sure an OTR driver is doing the right process. | You know, real-time alerts would be something because what we have is called the Yard Operations, and they are the ones that monitor the movement of containers. | Probably, um, a push notification, but obviously it's going to go straight to this department. | And it could be something good where the manager gets a push notification and he can relay right to a clerk out there and say, hey, please go check. | the biggest thing I'm interested in is, and Carter has expressed this too, is just making sure somebody hits all four corners. | So there's going to be times, but if you could have, like, four circles, and where every circle gets hit, four, four, four, one, two, three, four, that I could see something like that being suitable. | I mean, that might be an iterative use case where we start out dumb and just monitoring whether or not the operator is doing a 360. | We're not seeing if they're actually doing pins. That's going to take a closer camera.",False,False,Real-Time Safety Alerts,False,False,5,5,,False,5.0
a6f38a70-7a43-434d-9102-4337a7092020.json,Granite Transit Materials- Use Case Discovery ,2024-04-04T20:30:00Z,nonsafety_use_cases,Role/shift/incident-specific dashboards (“boards”) for operations,"Provide personalized dashboards filtered by role, shift, incident type, and camera so operations teams can monitor their areas and fix problems; prepare these boards for leadership review.",4,"let's get that up so that if Solomon does join the next one, we've got some boards to show them that are role-specific, shift-specific, incident-specific. | The boards are the personalized dashboards based on shift, based on incident type, based on camera. | The whole goal is to put this into operations hands. So if we can narrow it down to each department, that way they can monitor their areas and be vigilant on fixing their problems. | We'll get that spun up, and then we could demo it for him next time we speak.",False,False,Role/shift/incident-specific dashboards (“boards”) for operations,False,False,5,4,Bucket should likely be 'operational_efficiency' or similar rather than 'nonsafety_use_cases' since operational monitoring via dashboards relates to safety oversight and incident management,False,4.5
01c88a52-b251-43eb-bdd9-51c94643c04e.json,Voxel Training- Cassidy @ Cedar Brook Foods,2022-03-29T18:00:00Z,safety_use_cases,PIT-to-PIT proximity monitoring,"Monitor and analyze forklift-to-forklift proximity events to track safety risk trends, camera hotspots, and peak times at the site.",2,"So this is one of your use cases that you're tracking today for Cedar Brook Foods pit-to-pit proximity. | at the camera-specific level, which of these have captured the most incidents in the past about a month over pit-to-pit proximity?",False,False,PIT-to-PIT proximity monitoring,False,False,5,4,,False,4.5
01c88a52-b251-43eb-bdd9-51c94643c04e.json,Voxel Training- Cassidy @ Cedar Brook Foods,2022-03-29T18:00:00Z,safety_use_cases,Safety trend review and recommendations,Conduct regular reviews of incident trends detected by Voxel to identify opportunities and recommend changes for improving site safety.,2,"So that's when we really get together. Review the trends, understand what opportunities exist at the site, and then make recommendations for changes. | I'm going to add you to our sinks that we have on a biweekly cadence.",False,False,Impact Measurement and Trend Analysis,False,False,5,5,,False,5.0
01c88a52-b251-43eb-bdd9-51c94643c04e.json,Voxel Training- Cassidy @ Cedar Brook Foods,2022-03-29T18:00:00Z,nonsafety_use_cases,Video footage retrieval,Retrieve camera footage from the platform as needed.,1,"I do do a little bit of footage retrieval, but for the most part, more so technical manager of the system.",False,False,Video Footage Retrieval,False,False,5,5,,False,5.0
dd6490e5-9b50-4589-ab35-4245c3becc1c.json,Kodiak Point Fabrication/Kodiak Point Fabrication + Voxel - Deployment Sync,2024-08-30T20:30:00Z,safety_use_cases,Outdoor vehicle speeding detection,Detect and flag vehicles exceeding site speed limits in the yard/lot using external cameras with configurable thresholds.,5,"We can do speeding, stopping. | We just need measurements to do speed for them. | You could tell us, hey, it's 15 miles an hour. | And so if anyone goes over that, we would flag that. | So they know if their drivers are, you know, ripping through the lot.",False,False,Forklift Speed Monitoring,False,False,5,5,,False,5.0
dd6490e5-9b50-4589-ab35-4245c3becc1c.json,Kodiak Point Fabrication/Kodiak Point Fabrication + Voxel - Deployment Sync,2024-08-30T20:30:00Z,safety_use_cases,Stop sign/required stop compliance,Monitor whether vehicles stop where required before proceeding at entrances/exits or intersections.,1,"So they did some stops, right, no stops, where vehicles are supposed to stop before proceeding,",False,False,Intersection Stop Compliance,False,False,4,5,,False,4.5
dd6490e5-9b50-4589-ab35-4245c3becc1c.json,Kodiak Point Fabrication/Kodiak Point Fabrication + Voxel - Deployment Sync,2024-08-30T20:30:00Z,safety_use_cases,PIT–pedestrian proximity and forklift fork hazards,"Identify unsafe interactions between pedestrians and forklifts, including walking over forks and related slip/trip risks.",3,"person to pit, walking over forks while wrapping | slip trip, | you see this person walking over the forks right here.",False,False,PIT-Pedestrian Proximity Monitoring,False,False,5,5,,False,5.0
dd6490e5-9b50-4589-ab35-4245c3becc1c.json,Kodiak Point Fabrication/Kodiak Point Fabrication + Voxel - Deployment Sync,2024-08-30T20:30:00Z,safety_use_cases,Dock and high‑collision area safety monitoring,Prioritize monitoring of dock areas and other high collision potential zones to address common safety risks.,2,"For you guys, it's been a lot of, especially if we're only going to do 20 in a larger facility, I would say it's going to be mainly your dock areas. | And, you know, Metro Site is like, you're probably better off looking at your dock and maybe your high collision potential areas.",False,False,Dock Safety Monitoring,False,False,5,5,,False,5.0
dd6490e5-9b50-4589-ab35-4245c3becc1c.json,Kodiak Point Fabrication/Kodiak Point Fabrication + Voxel - Deployment Sync,2024-08-30T20:30:00Z,nonsafety_use_cases,Parking duration monitoring,Track parking duration/dwell time in areas such as the lot or truck wash to understand how long vehicles remain parked.,3,"Stopping and Starting, Parking, | Truck Wash, curious, | no, we haven't got a parking duration there yet",False,False,PIT Parking Duration Monitoring,False,True,4,5,,False,4.5
bd02885b-f985-49f8-90af-d38a0196549b.json,Granite Ridge Works / Voxel: Monthly,2022-02-06T19:00:00Z,safety_use_cases,Speeding detection across existing cameras at Hub East,Enable speeding detection by calibrating selected camera views with fixed-point measurements so Granite Ridge Works can flag vehicle speeding across their existing cameras at the Hub East facility.,4,"there is an expansion opportunity here with them, but we're having, they want to add some new use cases around speeding just across their existing cameras. | Really, the only thing that's super top of mind for me is getting speeding enabled. | We need to pick two points on these and measure the distance, distances between them. | As soon as we have those distances, we'll get speeding enabled on our side.",False,False,Forklift Speed Monitoring,False,False,4,3,Label mentions 'Granite Ridge Works' and 'Hub East' specifically but evidence doesn't confirm 'Granite Ridge Works' as the customer name,False,3.5
bd02885b-f985-49f8-90af-d38a0196549b.json,Granite Ridge Works / Voxel: Monthly,2022-02-06T19:00:00Z,safety_use_cases,Eliminate 517 warehouse blind spot to capture PPE violations,"Add or re-scope camera coverage in the 517 AA Mail area to remove blind spots so Voxel can detect PPE non-compliance (e.g., missing vests) and activity in that zone.",3,"I found a blind spot in the 517 warehouse, but I didn't know how to let you know where it is and if we have cameras there. | this lady kept walking past me with no vest on, and I'm like, wait a minute, I'm not getting any indication. | And that whole area where the red bag carts are, we have no coverage of.",False,False,Camera Optimization and Rescoping,False,False,5,5,,False,5.0
eda76d69-1c9e-4ccb-8952-828c1c3c7fc2.json,Remy Farrell / Voxel Monthly Sync,2022-05-25T18:30:00Z,safety_use_cases,PPE safety glove compliance monitoring,Enable and review safety glove detection across sites to monitor PPE compliance and gather feedback on alerts.,2,"Hey, the last thing I'll just mention is we got safety gloves turned on for you guys across the board this last week. | So feel free to take a look and sort of let us know if have any feedback before we jump back on a week from today.",False,False,PPE Compliance Monitoring,False,True,5,4,,False,4.5
7e5e172b-e1f1-484e-872e-9174098d6ff6.json,Voxel sync,2024-09-01T17:30:00Z,safety_use_cases,No-stop at end of aisle enforcement (focus on Quality Corner A),"Use Voxel to monitor and reduce incidents where PIT operators do not stop at aisle ends, with targeted focus on the Quality Corner A hotspot.",4,"I would love to get this number down to, like, maybe, hopefully zero, but like, one or two, because it's, it's a clear rule of the site, right, that people should stop at the end of the aisle. | But even with No Stop at End of Isle, almost all of it's happening in Quality Corner A. | let's keep no stop at the top of mind and seeing if we can drive down those numbers. | know, they just gotta stop before they exit and look both ways.",True,False,Intersection Stop Compliance,False,False,5,5,,False,5.0
7e5e172b-e1f1-484e-872e-9174098d6ff6.json,Voxel sync,2024-09-01T17:30:00Z,safety_use_cases,PIT-to-PIT proximity and one-machine-per-lane policy,Detect and address two forklifts operating in the same aisle and close PIT-to-PIT proximity to enforce the one-machine-per-lane rule and prevent collisions.,4,"pit to pit. Seems like it's actually going in the right direction, that's good, | I know that one of the main concerns was also two pits in the same aisle, | so it was a no-stop, and then there was a pit-to-pit proximity, but this is what they didn't want. | And as you can see, it's very rare to see any close calls like that, but we do have that policy in play with only one machine per lane.",True,False,PIT-to-PIT proximity and one-machine-per-lane policy,False,False,5,5,,False,5.0
7e5e172b-e1f1-484e-872e-9174098d6ff6.json,Voxel sync,2024-09-01T17:30:00Z,safety_use_cases,No-pedestrian zones and PIT-to-person proximity,Monitor and reduce pedestrians entering aisles and close PIT-to-person interactions to keep people out of vehicle aisles.,4,"No pedestrian zones. That's a little bit trickier, because a lot of it's happening. | The no-pedestrian zones, the main thing that people were interested in was, like, people not going in the aisles. | Yeah, sometimes we're flagging people that are just on the edge here, and not actually in the aisle, but we do find some where they're actually walking in the aisle as well. | We see some good movement for pit-to-pit and pit-to-person.",True,False,No-pedestrian zones and PIT-to-person proximity,False,False,5,5,,False,5.0
7e5e172b-e1f1-484e-872e-9174098d6ff6.json,Voxel sync,2024-09-01T17:30:00Z,safety_use_cases,Ergonomics risk identification via heat maps and repetition analysis,"Use ergonomics detections and heat maps to identify repetitive lifting risks, target hotspots, and encourage safer practices like team lifts.",4,"whereas ergonomics, like it's the nature of the job, there might be some improper lifting happening, and it's hard to, it's hard to change that, especially in your industry, with your, with, with furniture and things of that nature, | It's still good with the tune, just for, like, the heat mapping is really helpful here for, like, figuring out what the actions are that are happening most repetitively. | once we have key maps live, it'll be a lot easier to see, like, where your hotspots are for every camera. | there's been more, you can see more using the tools, asking for help, more team lifts.",True,False,Ergonomic Risk Detection,False,False,5,5,,False,5.0
7e5e172b-e1f1-484e-872e-9174098d6ff6.json,Voxel sync,2024-09-01T17:30:00Z,safety_use_cases,Distracted operation (cell phone use) detection and coaching,Flag cell phone use during PIT operation and use the footage for one-on-one coaching to reduce distraction-related risks.,2,"I know we highlighted a video that someone was using their cell phone, like, not stopping at the end of the line. | that person, yeah, we had a one-on-one, definitely, about that one.",True,False,Cellphone Distraction Detection,False,False,5,5,,False,5.0
7e5e172b-e1f1-484e-872e-9174098d6ff6.json,Voxel sync,2024-09-01T17:30:00Z,safety_use_cases,Walking over forks slip/trip hazard,"Identify and discourage associates from walking over PIT forks to prevent slip, trip, and fall incidents.",4,"This is what Brian from our team likes to talk about this all the time, which is like walking over forks. | Is walking over the forks, like what he did here, is a risk for you? Like, is that like something you guys want to know about? | Walking over the forks? Um, the guys tend to do that on the EPJs often. I don't know if that's a very safety concern, but, um. | he says that like walking over forks is like a slip chip and fall hazard.",True,False,"Slip, Trip, and Fall Prevention",False,False,5,5,,False,5.0
7e5e172b-e1f1-484e-872e-9174098d6ff6.json,Voxel sync,2024-09-01T17:30:00Z,safety_use_cases,Load securement/stop before retrieving fallen items,Detect events where loads fall from a moving PIT and reinforce the requirement to stop the forklift completely before addressing the load.,1,"This was, this smelled off of a moving pit. I think the box just fell off, but the pit was still moving. We usually want the forklift to come to a complete set.",True,False,Dolly and Equipment Safety,False,False,5,5,,False,5.0
7e5e172b-e1f1-484e-872e-9174098d6ff6.json,Voxel sync,2024-09-01T17:30:00Z,safety_use_cases,Safety tallying and follow-up workflow (tracking repeat offenders/situations),Leverage Voxel’s counts to create spreadsheets that track individuals and recurring situations for coaching or discipline and to measure improvement over time.,4,"Voxel does exactly what we're asking it to do, which is just to keep a tally. | With that tally, we can then react accordingly, discipline accordingly, coach accordingly, whatever the situation may be. | maybe sharing a spreadsheet where we tally that up, because the tally's already there for us, that's why Voxel's here. | Definitely, I could create a spreadsheet over here from this side, just on, you know, associates that, you know, have major infractions, and just keep a tally, so then we could have that reported.",True,False,Action Tracking and Accountability,False,False,5,5,,False,5.0
7e5e172b-e1f1-484e-872e-9174098d6ff6.json,Voxel sync,2024-09-01T17:30:00Z,nonsafety_use_cases,Safety tallying and follow-up workflow (tracking repeat offenders/situations),"Use Voxel’s counts to build spreadsheets for operational tracking of associates and scenarios, enabling coaching/discipline workflows and trend measurement.",4,"Voxel does exactly what we're asking it to do, which is just to keep a tally. | With that tally, we can then react accordingly, discipline accordingly, coach accordingly, whatever the situation may be. | maybe sharing a spreadsheet where we tally that up, because the tally's already there for us, that's why Voxel's here. | Definitely, I could create a spreadsheet over here from this side, just on, you know, associates that, you know, have major infractions, and just keep a tally, so then we could have that reported.",True,False,Action Tracking and Accountability,False,False,5,3,"Label categorized as 'nonsafety_use_cases' but tracking safety infractions and coaching for compliance is fundamentally a safety workflow, not non-safety",False,4.0
a650d22c-3333-4a10-9dc1-7b8cd6199287.json,Voxel<>Beacon Line Supply Intro ,2023-05-08T15:00:00Z,safety_use_cases,Near-miss detection and proactive monitoring,Use computer vision to detect near misses and people–equipment interactions to enable proactive intervention before incidents occur.,3,"how it picks up near misses, people and equipment interactions, and then the data compilation and interactive reporting if we want our foremen to get those, or if we want to keep it in the HSC department at first, so we can take a more proactive approach before issues become bigger problems. | We want to get to where we're in front of it in a more proactive. | Leading indicator type scenario that are lagging.",True,False,Near-Miss Detection and Reporting,False,False,5,5,,False,5.0
a650d22c-3333-4a10-9dc1-7b8cd6199287.json,Voxel<>Beacon Line Supply Intro ,2023-05-08T15:00:00Z,safety_use_cases,Forklift and vehicle–pedestrian interaction monitoring,"Monitor equipment–employee interfaces, material movement, and traffic flow to reduce collision and near-collision risks in a consolidated facility.",3,"the equipment and employee interface, right? Loading, unloading material to, you know, movie material. | in the new facility, in or around other shops, because we're going to be in one house. | but we're ramping up. We could very well see 100 to 200 in that facility, in and around equipment, and not only like forklifts, but also rotating equipment, saws, and so on and so forth.",True,False,PIT-Pedestrian Proximity Monitoring,False,False,4,4,,False,4.0
a650d22c-3333-4a10-9dc1-7b8cd6199287.json,Voxel<>Beacon Line Supply Intro ,2023-05-08T15:00:00Z,safety_use_cases,Ergonomic risk detection and coaching,"Identify ergonomic strain risks (e.g., bending behaviors) across fabrication tasks to reduce injuries.",1,"Well, a lot of it is ergonomics with what we do and what we make.",True,False,Ergonomic Risk Detection,False,False,2,3,"Evidence only vaguely mentions ergonomics without specifically supporting strain risk detection, coaching, bending behaviors, or injury reduction claims in the label",False,2.5
a650d22c-3333-4a10-9dc1-7b8cd6199287.json,Voxel<>Beacon Line Supply Intro ,2023-05-08T15:00:00Z,safety_use_cases,PPE compliance and restricted area controls,"Enforce PPE requirements and zone controls (e.g., welding areas) by alerting when people enter without proper PPE.",2,"Maybe there is a welding area that, you know, if you're not wearing the proper PPE, people can't be in that area. | the ergonomics, PPE, vehicle safety, and area, yeah, spills, yeah, that's our environmental, yeah, all that looks good.",True,False,PPE Compliance Monitoring,False,True,4,5,,False,4.5
a650d22c-3333-4a10-9dc1-7b8cd6199287.json,Voxel<>Beacon Line Supply Intro ,2023-05-08T15:00:00Z,safety_use_cases,Spill detection and timely cleanup alerts,"Detect spills (e.g., paint) and alert if not cleaned within a set time to prevent slip/trip hazards and environmental issues.",2,"maybe you guys are painting something within the facility and paint spills. Well, I want to be alerted if the paint is sitting on the ground for more than a few minutes and no one's cleaning it up. We're going to be able to alert you in real time that that happened. | spills, yeah, that's our environmental, yeah, all that looks good.",True,False,Spill Detection and Monitoring,False,False,5,4,,False,4.5
a650d22c-3333-4a10-9dc1-7b8cd6199287.json,Voxel<>Beacon Line Supply Intro ,2023-05-08T15:00:00Z,safety_use_cases,Safety analytics and interactive reporting across shops,"Compile safety data into interactive reports for foremen and HSC to drive leading indicators, recognition programs, and cross-shop communication.",4,"interactive reporting if we want our foreman to get those, or we just want to keep it in the HSC department and then ease into that at an earlier date | We have a reporting process as well as an inspection process and an observation. We use a system called HammerTech. We enter all that data, but that's lagging indicators is what they are. | We could tie a recognition program to it, right, if they bring it up versus AI bringing it up and then having the discussions and building more of a collaborative effort because we've got five different shops, right? | And the value I see in this system is it's communication across the board, right?... You're not siloing the information. It's overall, how is our fabrication shop performing when it comes to safety?",True,False,Safety Analytics and Reporting,False,False,5,5,,False,5.0
a650d22c-3333-4a10-9dc1-7b8cd6199287.json,Voxel<>Beacon Line Supply Intro ,2023-05-08T15:00:00Z,safety_use_cases,Incident investigation via video review,Use recorded camera footage to review and investigate safety incidents after they occur.,1,"New facility, security cameras are going in, and they're going to be used for, like, security. And then, honestly, I'm the district HSC manager, so if they have any incidents, we can go back to the video and try to do some investigation type work, and so on and so forth.",True,False,Video Incident Review,False,False,5,5,,False,5.0
a650d22c-3333-4a10-9dc1-7b8cd6199287.json,Voxel<>Beacon Line Supply Intro ,2023-05-08T15:00:00Z,nonsafety_use_cases,Facility security monitoring with CCTV,Deploy cameras in the new facility primarily for security purposes.,1,"New facility, security cameras are going in, and they're going to be used for, like, security.",True,False,Perimeter and Yard Security,False,False,5,5,,False,5.0
a650d22c-3333-4a10-9dc1-7b8cd6199287.json,Voxel<>Beacon Line Supply Intro ,2023-05-08T15:00:00Z,nonsafety_use_cases,Open door monitoring for security,Alert when doors are left open or open unexpectedly to address security concerns.,1,"I mean, I like the open door thing for the security reasons too as well.",True,False,Door Duration Monitoring,False,False,3,3,Evidence only shows interest in 'open door thing for security' but doesn't clearly support the specific alert functionality or unexpected opening scenario described in the label,False,3.0
a650d22c-3333-4a10-9dc1-7b8cd6199287.json,Voxel<>Beacon Line Supply Intro ,2023-05-08T15:00:00Z,nonsafety_use_cases,Safety analytics and interactive reporting across shops,Compile safety data into interactive reports for foremen and HSC to support performance tracking and cross-team communication.,3,"interactive reporting if we want our foreman to get those, or we just want to keep it in the HSC department and then ease into that at an earlier date | We have a reporting process as well as an inspection process and an observation. We use a system called HammerTech. We enter all that data, but that's lagging indicators is what they are. | And the value I see in this system is it's communication across the board, right?... You're not siloing the information. It's overall, how is our fabrication shop performing when it comes to safety?",True,False,Safety Analytics and Reporting,False,False,5,2,"Use case is bucketed as 'nonsafety_use_cases' but all evidence clearly describes safety performance tracking, reporting, and communication - this is a safety use case.",False,3.5
cdeb3ce9-1fd5-418c-940a-3415999a2b16.json,Ridge Stack Industrial/Voxel sync,2024-03-26T15:00:00Z,safety_use_cases,Powered industrial truck hazard detection,Monitor for and accurately alert on safety risks involving powered industrial trucks during the pilot.,2,"What we're trying to figure out from our end is, and you've talked about pretty high level earlier, but the success metrics for a pilot, you called out a few like use cases around power industrial trucks, working at heights, things of that nature. | And then there's everything else is just how accurate are the alerts.",False,False,Powered Equipment Safety (Generic),True,False,5,5,,False,5.0
cdeb3ce9-1fd5-418c-940a-3415999a2b16.json,Ridge Stack Industrial/Voxel sync,2024-03-26T15:00:00Z,safety_use_cases,Working at heights risk detection,"Detect and alert on working-at-heights safety risks, with alert accuracy as a key success metric.",2,"What we're trying to figure out from our end is, and you've talked about pretty high level earlier, but the success metrics for a pilot, you called out a few like use cases around power industrial trucks, working at heights, things of that nature. | How accurate are the alerts?",False,False,Working at Heights Detection,False,False,5,5,,False,5.0
cdeb3ce9-1fd5-418c-940a-3415999a2b16.json,Ridge Stack Industrial/Voxel sync,2024-03-26T15:00:00Z,safety_use_cases,Alerting and intervention on at-risk behaviors,Provide alerts to local managers and supervisors so they can intervene and manage at-risk behaviors identified by the system.,3,"And then we're going to need the individuals that are going to intervene with the identification of the at-risk behavior. | So it'll be a blend, and I will allow the general managers at the facilities to decide who needs to be in the system and receive the alerts in order for us to manage the at-risk behavior. | Yeah, no, I'm looking forward to this next part of scoping it out and starting to manage the alerts.",False,False,Real-Time Safety Alerts,False,False,5,5,,False,5.0
37033189-bb15-419d-bd12-d9c07c44acbd.json,Impromptu Anchor Point Meetings Meeting,2024-06-28T13:59:45Z,safety_use_cases,Prioritize ergonomics hotspots and mitigate with engineering controls,Use heatmaps to find where improper bending and overreaching are most frequent and prioritize fixes like adding lift platforms to reduce bending.,3,"And this, the purpose of this is that I got so many projects going on with the improper bend that I'm trying to resolve them. | If I had this screen a couple of hours ago, it's literally a couple of hours ago, I went with my fab team where we needed to add some platforms to lift the material that sits on the pallet on the floor up because people are bending down to grab that box. | so this would have told me how many hotspots I am resolving because I'm lifting that skid up to waste time, and it's very, very useful.",True,False,Ergonomic Risk Detection,False,False,5,5,,False,5.0
37033189-bb15-419d-bd12-d9c07c44acbd.json,Impromptu Anchor Point Meetings Meeting,2024-06-28T13:59:45Z,safety_use_cases,Monitor and prioritize PIT–pedestrian proximity risks by area and severity,"Analyze forklift-to-person proximity incidents at specific cameras (e.g., Rivet Press) and focus on the highest severity events to reduce collision risk.",4,"Forklift-to-Person Failure. | What is most important in rivet press? What is most important in rivet press? Is it the forklift getting close to the person, or is it over bending, improper bend, or is it over reaching? | And you only want to look at the highest severity events. | Or how fast was the powered industrial truck going?",True,False,PIT-Pedestrian Proximity Monitoring,False,False,4,4,"Label mentions 'PIT' acronym without defining it, though context makes it clear it means powered industrial truck/forklift",False,4.0
37033189-bb15-419d-bd12-d9c07c44acbd.json,Impromptu Anchor Point Meetings Meeting,2024-06-28T13:59:45Z,safety_use_cases,Per-camera heatmap drill-down by incident type for safety prioritization,"When clicking a heatmap image, see counts by hazard type (e.g., improper bend, overreaching, forklift-to-person) for that camera to decide what to fix first.",3,"It gives me date, but it doesn't give me what it is, right? | when I click on Riddick Press Camera, I wanted to see, maybe I'm asking for too much, but I want to see how many are improper bend, how many are overreaching, and how many are, | Forklift-to-Person Failure.",True,False,Safety Heatmaps and Hotspot Analysis,False,False,5,5,,False,5.0
37033189-bb15-419d-bd12-d9c07c44acbd.json,Impromptu Anchor Point Meetings Meeting,2024-06-28T13:59:45Z,nonsafety_use_cases,Show overdue/upcoming actions and allow due date edits,Display upcoming and overdue assigned actions prominently on the homepage and let assignees propose/edit due dates for approval when projects take longer.,2,if i have something that is past due i like to one sometimes uh the project takes longer than what it was assigned to be so i like to edit that date or at least be able to edit that day and send it back to the person that assigned it to me and say hey do you agree with this data and then just approve it and say yeah you're good | the first thing that pops up is like hey you hey in a few days uh there's a little activity that you you gotta take care of right a little uh thing that says so instead of the reason activity square on the right hand side something that says you got two activities dude so you better get get going on those right or or take some action right,True,False,Action Tracking and Accountability,False,False,5,5,,False,5.0
37033189-bb15-419d-bd12-d9c07c44acbd.json,Impromptu Anchor Point Meetings Meeting,2024-06-28T13:59:45Z,nonsafety_use_cases,Clarify workflow for rejected assigned actions and reassignment,Provide guidance or tooling on what happens when an assignee rejects an action and enable easy reassignment to the correct person.,2,"And the supervisor rejected it to me because he says, yeah, that employee is not mine. | But I don't know what happens if somebody rejects my assigned action.",True,False,Action Tracking and Accountability,False,False,5,5,,False,5.0
37033189-bb15-419d-bd12-d9c07c44acbd.json,Impromptu Anchor Point Meetings Meeting,2024-06-28T13:59:45Z,nonsafety_use_cases,Skeleton overlay on action videos to aid review,Include human pose/skeleton overlays on action videos so reviewers can quickly understand what occurred.,2,"I actually want to thank you for finally adding the skeleton on the action videos or the assign action videos. | So when I get assignments and I don't see the skeleton, I get lost.",True,False,Skeleton Overlay for Review,False,False,5,3,Label is accurate but bucketed as 'nonsafety_use_cases' when skeleton overlays for action video review appear directly related to safety incident analysis.,False,4.0
37033189-bb15-419d-bd12-d9c07c44acbd.json,Impromptu Anchor Point Meetings Meeting,2024-06-28T13:59:45Z,nonsafety_use_cases,Per-camera heatmap drill-down by incident type for analysis,Enable clicking a heatmap image to show incident counts by type for that camera to support deeper analysis and decision-making.,3,"It gives me date, but it doesn't give me what it is, right? | when I click on Riddick Press Camera, I wanted to see, maybe I'm asking for too much, but I want to see how many are improper bend, how many are overreaching, and how many are, | Forklift-to-Person Failure.",True,False,Heatmap Analytics,False,False,5,2,"Label is accurate but bucketed incorrectly - this is a safety analytics feature for safety incident types (improper bend, overreaching, forklift-to-person), not a nonsafety use case",False,3.5
37033189-bb15-419d-bd12-d9c07c44acbd.json,Impromptu Anchor Point Meetings Meeting,2024-06-28T13:59:45Z,nonsafety_use_cases,Access to heatmap exploration tools for power users,Provide certain user profiles with access to a more detailed heatmap exploration view.,1,We have heard similar requests from people who want a more interactive way to explore these views.,True,False,Heatmap Analytics,False,False,2,3,Evidence is vague and secondhand ('heard similar requests') rather than quoting the specific sales call; label mentions 'power users' and 'certain user profiles' without clear support from evidence.,False,2.5
2529844c-2be9-4979-9296-deec8ab79944.json,Oak Motive Solutions | Voxel Value Presentation,2023-10-28T18:00:00Z,safety_use_cases,Detect and prevent catastrophic safety events,"Use the platform to surface previously unseen, potentially catastrophic safety risks and implement controls tied to data and real-world cost to demonstrate avoided injuries.",5,"what were the types of injuries that we really didn't have insight into previously, that we kind of always knew were occurring, that were potentially catastrophic in nature, that now we have insight into, we've actually seen them occurring, and we've been able to put some sort of control in place that we can tie back to data really quickly to show that we've made an impact. | Yeah, and the fact that Wiggins has had two catastrophic injuries, I mean, that was, that was the. | from the things that I've seen early on, you know, we've dodged a few of those, you know, super critical hazards that could have been catastrophic. | Yeah, and we can put a dollar associated to those, so. | I'd prefer to, you know, put a dollar figure out there that's in line with what you've experienced in the past from those types of injuries, Tristan.",True,False,Prevent Catastrophic Events,False,False,5,5,,False,5.0
2529844c-2be9-4979-9296-deec8ab79944.json,Oak Motive Solutions | Voxel Value Presentation,2023-10-28T18:00:00Z,safety_use_cases,Continuous AI safety coverage vs human observation,"Leverage always-on AI monitoring to cover the facility for incidents and near misses, overcoming the limits of safety staff presence and highlighting time/cost advantages over manual observations.",3,"hey, I know if we hired 10 safety people, they all would be in the wrong place when an incident occurred, like they would all be at the other end of the mill checking on different things. | safety professionals can't be all in one place at the same time, around the clock. | even if you said, all right, well, each one is tens of minutes where this is running continuously or autonomously.",True,False,AI vs Human Coverage Comparison,False,False,5,5,,False,5.0
2529844c-2be9-4979-9296-deec8ab79944.json,Oak Motive Solutions | Voxel Value Presentation,2023-10-28T18:00:00Z,safety_use_cases,Detect dangerous zone intrusions to drive engineering redesign,"Identify workers entering hazardous machine areas (e.g., between boards) and use these insights to redesign the area, with evidence of risk reduction afterward.",3,"I remember the one guy, you know, kind of ducking in between the boards. | And then they kind of redesigned that whole area. | I think if we would have put a marker on that date, you probably would have seen the trend go sharply down.",True,False,No-Pedestrian Zone Enforcement,False,False,5,5,,False,5.0
2529844c-2be9-4979-9296-deec8ab79944.json,Oak Motive Solutions | Voxel Value Presentation,2023-10-28T18:00:00Z,safety_use_cases,Post-intervention markers and trend analysis to validate safety actions,"Use platform marker points to correlate corrective actions with incident trends and demonstrate non-events post-intervention, validating safety investments.",3,"I feel like identifying when we had one of those marker points, where, you know, up until that point, we had a thousand, you know, issues, and then Trey, we created a corrective action, we had a marker point, and then from then on, it's been a non-event. | We can go back and put that marker in, though. | the markers may be put in post.",True,False,Impact Measurement and Trend Analysis,False,False,5,5,,False,5.0
2529844c-2be9-4979-9296-deec8ab79944.json,Oak Motive Solutions | Voxel Value Presentation,2023-10-28T18:00:00Z,safety_use_cases,Fire-related issue alerts,Add monitoring that can recognize signs of a fire-related issue and send notifications so the team can respond sooner.,3,"We've had a fire-related event, and we want to know whether the system could recognize that type of signal. | Is there a way to tie it into the system so we get a notification when that kind of event occurs? | it sends alerts for fire prevention and safety",True,False,E-Bike and Battery Fire Risk,False,False,5,5,,False,5.0
2529844c-2be9-4979-9296-deec8ab79944.json,Oak Motive Solutions | Voxel Value Presentation,2023-10-28T18:00:00Z,nonsafety_use_cases,Continuous AI safety coverage vs human observation,"Use AI to replace or augment manual observations, quantifying the labor/time saved versus human spot checks to support cost-savings and scalability.",3,"hey, I know if we hired 10 safety people, they all would be in the wrong place when an incident occurred, like they would all be at the other end of the mill checking on different things. | safety professionals can't be all in one place at the same time, around the clock. | even if you said, all right, well, each one is tens of minutes where this is running continuously or autonomously.",True,False,AI vs Human Coverage Comparison,False,False,5,3,"Label is bucketed as 'nonsafety_use_cases' but the evidence clearly discusses safety coverage and incident detection, which are safety applications; the continuous monitoring aspect supports safety outcomes, not non-safety ones.",False,4.0
2529844c-2be9-4979-9296-deec8ab79944.json,Oak Motive Solutions | Voxel Value Presentation,2023-10-28T18:00:00Z,nonsafety_use_cases,Post-intervention markers and trend analysis for ROI,"Apply marker points and trend analysis to tie corrective actions to reduced event rates, building an ROI narrative for leadership.",3,"I feel like identifying when we had one of those marker points, where, you know, up until that point, we had a thousand, you know, issues, and then Trey, we created a corrective action, we had a marker point, and then from then on, it's been a non-event. | We can go back and put that marker in, though. | the markers may be put in post.",True,False,Intervention Impact Tracking,False,False,5,2,Label incorrectly categorized as 'nonsafety_use_cases' when it directly describes using safety event data and corrective actions to demonstrate ROI - this is a core safety use case with business justification layer.,False,3.5
2529844c-2be9-4979-9296-deec8ab79944.json,Oak Motive Solutions | Voxel Value Presentation,2023-10-28T18:00:00Z,nonsafety_use_cases,Early issue detection for downtime prevention,Overlay additional monitoring on equipment to identify abnormal signals and trigger alerts for early maintenance to reduce unplanned downtime.,2,They can identify where different rollers are behaving a bit differently than expected. | Early detection for downtime events.,True,False,Equipment Condition Monitoring,False,False,5,3,Label should specify this is about equipment monitoring/predictive maintenance rather than generic 'early issue detection'; bucket may be incorrect as preventing downtime could relate to safety.,False,4.0
2afeabc9-2620-449a-8c85-7662d98d1343.json,Meridian Works Operations / Voxel - use case discussion,2022-10-07T14:00:00Z,safety_use_cases,Deploy Voxel safety computer vision at distribution centers,Meridian Works Operations wants to proceed now with Voxel’s existing safety AI while longer-term adjacent capabilities are explored.,6,"Yeah, his guidance was to continue on with Voxel, like as we're going to go with you guys, you know, for the safety. | But, no, I hope that we can move forward with safety. | It exists. | Let's just get it going. | There are tons of safety AI vendors. | Bring them in. Get the current product out and working.",False,False,AI Safety Vision Platform Deployment,False,False,4,3,Label mentions 'distribution centers' but evidence doesn't specify this facility type; also references 'Meridian Works Operations' which isn't mentioned in evidence,False,3.5
2afeabc9-2620-449a-8c85-7662d98d1343.json,Meridian Works Operations / Voxel - use case discussion,2022-10-07T14:00:00Z,nonsafety_use_cases,Sensitive product condition monitoring,Meridian Works Operations is exploring a camera-based solution to monitor packaging state across facilities with varied requirements.,7,"But then we add this inventory-monitoring need to it. | And now we are doing something with AI at Meridian Works Operations. | So we have to do some, it's called emissivity testing. | We're going to have to do some testing to see if these cameras are sensitive enough for that use case. | And if it doesn't, then that approach may not work for us. | he said this imaging approach is different from standard video, so there are additional technical considerations involved. | one of the vendors has a newer camera product with onboard AI capabilities.",False,False,Product Damage and Shrink Reduction,False,False,3,3,Evidence shows AI camera testing for emissivity/packaging but lacks clear confirmation this is 'sensitive product condition monitoring' vs general inventory; bucket unclear as camera monitoring can be safety-critical,False,3.0
71760067-2b37-4ed0-90a0-a35957006c74.json,Blue Base Supply / Voxel:  Discovery discussion and platform overview,2023-04-18T19:30:00Z,safety_use_cases,PIT and pedestrian interaction risk monitoring,"Identify and reduce risks from inexperienced PIT operators and congested areas, including PIT–pedestrian proximity, speeding, stop compliance, seatbelt use, and other near-miss behaviors.",5,"with all of the pit and pedestrian traffic, there could potentially be a need for the Voxel solution, and kind of talked about it with the team, but, and there was interest in understanding how it can help for capturing the near misses, | But we've got, I would say my biggest concern for all of our warehouses is the inexperience of our pit operators, right? | Is a pit getting too close to a pedestrian? Is a pit speeding in the facility? Is a pit getting too close to another pit? | the rule is we've got a no-stop at this door... we always have to stop at the door. | They almost amputated an ankle right there.",True,False,PIT-Pedestrian Proximity Monitoring,False,False,5,5,,False,5.0
71760067-2b37-4ed0-90a0-a35957006c74.json,Blue Base Supply / Voxel:  Discovery discussion and platform overview,2023-04-18T19:30:00Z,safety_use_cases,Ergonomics risk detection (Posture Risk Index) for bends and overreach,"Monitor improper bends, overreaching, and unsafe pallet stacking using Posture Risk Index to coach lifting technique and re-engineer tasks to reduce repetitive-motion injuries.",4,"but also any unsafe ergonomics, | The platform is monitoring for ergonomic risk... We're using the Posture Risk Index assessment, Rapid Entire Body Assessment, to understand whether that bend has exceeded an ergonomic risk from a repetitive motion perspective. | as she is bending over and picking up this tote... object in hand sees repetitive motion. That's an improper bend. | From this warehouse perspective, pallet stacking is always a challenge... That's an unnecessary material handling there.",True,False,Ergonomics risk detection (Posture Risk Index) for bends and overreach,False,False,5,5,,False,5.0
71760067-2b37-4ed0-90a0-a35957006c74.json,Blue Base Supply / Voxel:  Discovery discussion and platform overview,2023-04-18T19:30:00Z,safety_use_cases,PPE compliance monitoring (including eye protection),"Detect when required PPE is not worn in designated areas (e.g., hair/beard nets, gloves, eye protection) and surface events to coach compliance.",3,"or if there are any PPE, folks not wearing it, | We monitor, are we wearing the appropriate PPE at the appropriate time in the appropriate area? | the midnight shift that sanitizes the equipment is pushing chemicals through the fence to an individual standing on its stool without eye protection, potentially slip trip, fall hazard, burn hazard, you name it.",True,False,PPE Compliance Monitoring,False,True,5,5,,False,5.0
71760067-2b37-4ed0-90a0-a35957006c74.json,Blue Base Supply / Voxel:  Discovery discussion and platform overview,2023-04-18T19:30:00Z,safety_use_cases,"No-pedestrian zones and area controls (rollers, spills)","Define exclusion zones (e.g., conveyors/rollers) and detect violations, spills, and other area hazards to prevent unsafe access and slip/trip incidents.",2,"We've got area controls. We'll touch on these a little bit. Maybe some liquid spills, open door durations, no pedestrian zones, | I can draw a zone that says nobody should ever get up on a roll... we've got the individual coming up here, jumping up on top of those rollers, ready to loosen it up. That could have come flying right at them.",True,False,No-Pedestrian Zone Enforcement,False,False,5,5,,False,5.0
71760067-2b37-4ed0-90a0-a35957006c74.json,Blue Base Supply / Voxel:  Discovery discussion and platform overview,2023-04-18T19:30:00Z,safety_use_cases,Heat maps to locate safety hotspots and guide pre-shift coaching,Visualize where incidents occur by area and shift so safety leaders can target coaching and process changes in the highest-risk zones.,3,"We have a concept called heat maps. The heat maps, just like a weather map, tells me where the lightning is striking, tells me where to focus my attention. | Is it possible to generate a heat map of the facility of where cameras are noticing the most frequent incidents? | This heat map drew their eyes to that very quickly and said, hey, stop what you're doing.",True,False,Safety Heatmaps and Hotspot Analysis,False,False,5,4,,False,4.5
71760067-2b37-4ed0-90a0-a35957006c74.json,Blue Base Supply / Voxel:  Discovery discussion and platform overview,2023-04-18T19:30:00Z,safety_use_cases,Cold storage door/condensation/ice monitoring (safety and energy),"Detect open doors, condensation, and ice formation in cold storage to prevent slip/trip/fall hazards and reduce energy loss.",2,"tremendous use cases in cold storage, not only for safety, but energy consumption, open doors, condensation, ice falling on the floor, slip-trip fall hazard. | I saved hundreds of thousands of dollars in energy just by noticing that there was a door that was two feet open in Modesto, California, about two days a week.",True,False,Dock Safety Monitoring,False,False,5,5,,False,5.0
71760067-2b37-4ed0-90a0-a35957006c74.json,Blue Base Supply / Voxel:  Discovery discussion and platform overview,2023-04-18T19:30:00Z,safety_use_cases,Suspended load exposure monitoring,Detect workers under suspended loads/hoists beyond allowed angles to prevent struck-by or crush hazards.,1,bringing in suspended loads as an example. Customer-driven use case. I needed to have hoists and know that people want 45 degrees under any suspended load in the facility.,True,False,Suspended Load Hazard Detection,False,False,5,5,,False,5.0
71760067-2b37-4ed0-90a0-a35957006c74.json,Blue Base Supply / Voxel:  Discovery discussion and platform overview,2023-04-18T19:30:00Z,nonsafety_use_cases,Cold storage door monitoring for energy savings,Identify open doors in refrigerated areas to reduce energy waste and associated costs.,2,"tremendous use cases in cold storage, not only for safety, but energy consumption, open doors, condensation, ice falling on the floor, slip-trip fall hazard. | I saved hundreds of thousands of dollars in energy just by noticing that there was a door that was two feet open in Modesto, California, about two days a week.",True,False,Door Duration Monitoring,False,False,5,4,,False,4.5
71760067-2b37-4ed0-90a0-a35957006c74.json,Blue Base Supply / Voxel:  Discovery discussion and platform overview,2023-04-18T19:30:00Z,nonsafety_use_cases,Operations analytics: congestion and repeated task measurement,"Use computer vision to quantify operational slowdowns (e.g., congestion) and rework/repeat tasks to inform process improvements.",3,"how frequently are operators stopped because of congestion, right? Is there a way to tally something as simple as that? How often does an operator have to repeat a task? | looking for us to come to the table with some ideas on some material handling best practices and optimization. | Operations is one, absolutely, that we have on our short list.",True,False,Traffic Flow and Congestion,False,False,5,5,,False,5.0
71760067-2b37-4ed0-90a0-a35957006c74.json,Blue Base Supply / Voxel:  Discovery discussion and platform overview,2023-04-18T19:30:00Z,nonsafety_use_cases,Quality inspection via computer vision,"Apply CV to detect product or process defects (e.g., ink/tears on paper, weld quality, dimensional checks) for QA purposes.",2,"The other is quality. So a lot of our customers in the manufacturing world are saying, hey, I need to be able to, I can see using this for quality. | If I'm a paper — it might be looking for ink or tears or dots. If I'm an automotive stamping facility, it might be looking for weld quality or outside diameter of a precision drill.",True,False,Quality Inspection,False,False,5,3,"Label is bucketed as 'nonsafety_use_cases' but quality inspection can overlap with safety depending on context (e.g., weld quality may relate to structural safety); bucketing ambiguity exists.",False,4.0
0672b03e-87a3-410a-977c-35e1d46245c5.json,Signal Grid Works / Voxel Bi-Weekly Sync,2024-03-05T17:00:00Z,safety_use_cases,Retail front-of-store monitoring,Monitor customer areas at the front of the store to reduce incidents and compliance issues.,2,We're exploring front-of-store retail use cases to help with liability issues. | Think broadly about what can go wrong in customer areas and the compliance issues that come with it.,True,False,Retail-Specific Safety Monitoring,False,False,3,3,Evidence mentions 'front-of-store' and 'liability/compliance' but doesn't explicitly confirm monitoring for incident reduction; label could be more specific about what types of incidents or compliance issues are being addressed.,False,3.0
0672b03e-87a3-410a-977c-35e1d46245c5.json,Signal Grid Works / Voxel Bi-Weekly Sync,2024-03-05T17:00:00Z,safety_use_cases,PIT-to-pedestrian proximity trend analysis with rolling average,"Track PIT-to-pedestrian proximity using trend metrics (e.g., 4-week rolling average) to assess the impact of layout changes and reduce risky interactions.",3,"so in this pit to pet stuff that you guys sent over, over here, I added a four-week rolling average, right? | So like, for example, like pit to pet, it was 21.5, 23.5, 22.5, and it basically stayed at 2, and then we changed the layout over there by grand, and now it's at 9. | And we didn't see a change until that actually happened, so it went from 21 to 19 to 18 to 17 to 15.",True,False,PIT-Pedestrian Proximity Monitoring,False,False,5,5,,False,5.0
0672b03e-87a3-410a-977c-35e1d46245c5.json,Signal Grid Works / Voxel Bi-Weekly Sync,2024-03-05T17:00:00Z,safety_use_cases,Ergonomics risk reduction via safety orientation and targeted coaching,Address improper bending and overreaching through a new safety orientation with hands-on practice and targeted refresher training for repeat behaviors.,4,"Kind of talked to them about the incidents and stuff like that and kind of showed them, you know, certain stuff with the improper bending and overreaching, kind of like get their perspective from it and what they think we can do about it. | We're currently in the middle of designing for orientation, like a safety class kind of a thing that they're going to go through. | They take boxes off the conveyor, how they should do it, use their power zone, bend properly, how to use – we have the orange cards, how to stack things properly, make sure it's not going to fall over, things of that nature. | if people – we see people consistently, you know, improperly bending, we can kind of take them to that coaching station or whatever we're going to call it and have them go through like a training. Like, hey, this is how we should be doing this.",True,False,Ergonomic Risk Detection,False,False,5,5,,False,5.0
0672b03e-87a3-410a-977c-35e1d46245c5.json,Signal Grid Works / Voxel Bi-Weekly Sync,2024-03-05T17:00:00Z,safety_use_cases,Pedestrian walkway compliance and no-ped/no-stop zone enforcement,Focus monitoring on areas like the training office/ship desk to enforce no-pedestrian and no-stop rules within pedestrian walkways.,1,"just that, that training office, ship deck, ship desk camera, and really tackling the no-ped zones, like the no-stops in those, like those pedestrian walkways.",True,False,Intersection Stop Compliance,False,False,3,3,Evidence mentions 'no-ped zones' and 'no-stops' but unclear if 'no-ped' means no-pedestrian enforcement or pedestrian-only zones; label conflates 'compliance' with 'enforcement' and could be more precise about what's being monitored,False,3.0
0672b03e-87a3-410a-977c-35e1d46245c5.json,Signal Grid Works / Voxel Bi-Weekly Sync,2024-03-05T17:00:00Z,nonsafety_use_cases,Retail front-of-store liability reduction,Use monitoring in customer areas near the front of the store to help reduce liability exposure.,2,We're exploring front-of-store retail use cases to help with liability issues. | Think broadly about what can go wrong in customer areas and the compliance issues that come with it.,True,False,Customer Incident Evidence,False,False,4,2,Label is bucketed as 'nonsafety_use_cases' but liability reduction related to customer safety incidents typically qualifies as a safety use case.,False,3.0
0672b03e-87a3-410a-977c-35e1d46245c5.json,Signal Grid Works / Voxel Bi-Weekly Sync,2024-03-05T17:00:00Z,nonsafety_use_cases,Supervisor accountability and action tracking in Voxel,"Track supervisor engagement and follow-through using Voxel Actions and usage analytics, and export line items to existing coaching trackers.",4,"The actions really can help you track from beginning to end what is going on with, you know, those events, as well as it puts those markers automatically within the platform so that you're not having to constantly remind us or telling us what's going on where those markers get put in. We can actually track what is happening and then we can report that out to you. | we can see the number of times, and we don't need to go down by person, but you can go by person, but we can see the number of times those supervisors are logging in, the number of times they're creating an action or commenting, so when you start thinking about what your expectation of a supervisor is and are they living up to that expectation, it becomes a little, it'll be easier for you to track, right? | If they did or didn't do two a week, whatever your goal was, and that way it becomes a little bit more tangible to try to have to go through, and then the other point is we can definitely export those out. | If you want the line items to add to your tracker, that way you are keeping it in one consolidated place, we can pass that information over as well.",True,False,Action Tracking and Accountability,False,False,5,4,,False,4.5
0672b03e-87a3-410a-977c-35e1d46245c5.json,Signal Grid Works / Voxel Bi-Weekly Sync,2024-03-05T17:00:00Z,nonsafety_use_cases,Use of Voxel boards for simple data visualization and team communication,"Supervisors use Voxel boards to view and discuss data with their teams, preferring it over other confusing tools.",4,"I know they have been using it and they like it more than we have another way to look at data as far as our observations through, I forgot the name of the company, but there's another company we use and all the information there is very very confusing. | So they compared it to that and they're like, well, this is a lot easier to like understand, like it's pretty straightforward. | Or like how you navigate it, it's a lot cleaner. The other website, it's like, it's a nightmare, honestly. I'm pretty good with technology and I have no idea like how to use half that stuff. | So I think for the most part, it's just as of right now, it's them using just the data and kind of talking to their team with what they see.",True,False,Dashboard and UI Customization,False,False,5,4,,False,4.5
9ef26ef2-778c-4fdd-9a77-d1b07e9d2840.json,Cobalt Plant Industrial + Voxel IT/Network call,2024-08-08T14:00:00Z,nonsafety_use_cases,Pilot Voxel on an existing fixed-camera area,Use an existing fixed-camera area and available site infrastructure to run a Voxel pilot and validate basic performance.,4,"there are a number of cameras in that area already. | That's probably going to be the easiest from an integration standpoint because you have existing cameras there and the supporting infrastructure is already in place. | Yeah, we have what we need there to support a test. | But as for the lay-down area, I think maybe it will be good to test you guys' equipment there and see how it works for us.",False,True,Fixed Camera Pilot,True,False,5,3,"Label is correctly bucketed as 'nonsafety_use_cases' but should be 'pilot' or similar - this describes a pilot project structure, not specifically a non-safety use case",False,4.0
9ef26ef2-778c-4fdd-9a77-d1b07e9d2840.json,Cobalt Plant Industrial + Voxel IT/Network call,2024-08-08T14:00:00Z,nonsafety_use_cases,Monitoring across dispersed facilities,Enable monitoring across dispersed facilities using movable camera setups where permanent infrastructure is limited.,5,"we don't have a closed site. We are working in the desert, you know, it's already, like, under the, like, for 100 kilometers and more. | The construction moves forward, so the cameras will have to be on a mobile unit with a portable setup in place. | whether we might be able to use an alternative setup, because one approach may not be reliable enough for what we need. | we can use a separate setup for each camera if needed. It adds complexity and cost, but it can be done. | It's really something we would like to explore.",False,True,Pilot and Trial Programs,True,False,5,3,Label should specify this is for construction monitoring rather than generic 'monitoring'; bucketing as 'nonsafety' may be incorrect since construction site monitoring is typically safety-related for Voxel.,False,4.0
9ef26ef2-778c-4fdd-9a77-d1b07e9d2840.json,Cobalt Plant Industrial + Voxel IT/Network call,2024-08-08T14:00:00Z,nonsafety_use_cases,Prevent theft/tampering of mobile camera units,Address physical security for mobile camera units in remote areas to prevent theft or removal of equipment.,3,"maybe think about maybe how they can help us with mobile units with but as how to secure it from... | Theft, because there are some people come and collect it. | this should be decided by our top management also, about the security of these cameras, how we can install it there and ensure that it will not be removed.",False,True,Mobile Camera Security,False,False,5,2,Physical security of camera hardware is not a computer vision AI use case and may be miscategorized as 'nonsafety_use_cases' when it's not an AI use case at all,False,3.5
6a0e07b5-9bef-4c88-80ad-9a732f2dbb91.json,Mason Line Supply / Voxel introduction,2022-03-06T20:00:00Z,safety_use_cases,Forklift speed and intersection stop compliance,Monitor forklift speeding and enforce full stops at aisle ends to reduce near-misses and collisions inside the warehouse.,5,"We don't have speed-limited forklifts. So things can move pretty quickly. And if people aren't paying attention, you know, things could go wrong. | The only incident I'm aware of was a collision in the warehouse a few months ago, right, Emerson? | Two, um, machines. | Some of the vehicle safety examples here, we're actually just getting ready to launch speeding in Mississauga, so I don't have examples there. | We can take a look at a no-stop at intersection as an example here... The rule is you have to stop at the end. This individual clearly does not stop at that end.",True,False,Forklift Speed Monitoring,False,False,5,5,,False,5.0
6a0e07b5-9bef-4c88-80ad-9a732f2dbb91.json,Mason Line Supply / Voxel introduction,2022-03-06T20:00:00Z,safety_use_cases,PIT and pedestrian proximity/near‑miss detection,Detect and surface near-misses where forklifts get too close to each other or to pedestrians so supervisors can proactively coach and prevent incidents.,2,"I was very impressed with the near misses that we we we had. That was something like, you know, the machines were which were going too close and if the people were too close to the machines. | Vehicle safety, we'll drill into that quite a bit. But that is, Ellis, to your point, the pit-to-pit interaction, the pit-to-pedestrian interaction...",True,False,PIT-Pedestrian Proximity Monitoring,False,False,5,5,,False,5.0
6a0e07b5-9bef-4c88-80ad-9a732f2dbb91.json,Mason Line Supply / Voxel introduction,2022-03-06T20:00:00Z,safety_use_cases,Ergonomics risk detection (improper bends and overreach),"Identify improper lifts and overreach during manual transload work to reduce ergonomic risk and unsafe behaviors (e.g., stepping on raised forks).",3,"So ergonomics, whether that's an improper bend or an overreach, we use the rapid entire body assessment to measure and to alert on any improper or ergonomic issues... | You see the exoskeleton on this teammate as he exits the bay... we measured and we alerted on the improper bend of that individual from an ergonomics specific. | Individual that's exiting his fork and actually stepping up on the raised forks in an effort to straighten the pallet... it's flagged by the overreach because we know that he's up there trying to straighten that pallet.",True,False,Ergonomic Risk Detection,False,False,5,5,,False,5.0
6a0e07b5-9bef-4c88-80ad-9a732f2dbb91.json,Mason Line Supply / Voxel introduction,2022-03-06T20:00:00Z,safety_use_cases,PPE compliance monitoring,"Ensure workers wear required PPE in the right areas (e.g., safety vests, bump caps, gloves) and enable coaching when violations occur.",3,"PPE, straightforward enough. Are you wearing the proper PPE in the proper place at the proper time? | Safety Vest here, we see a teammate working in an area... it's not just a video platform. It's a platform that allows you to collaborate and communicate and coach and assign... | PPE is safety vest certainly, but it can be Pump caps, it can be safety gloves, and it can be other types of PPE as well.",True,False,PPE Compliance Monitoring,False,True,5,5,,False,5.0
6a0e07b5-9bef-4c88-80ad-9a732f2dbb91.json,Mason Line Supply / Voxel introduction,2022-03-06T20:00:00Z,safety_use_cases,Egress and safety equipment obstruction detection,"Detect blocked fire extinguishers and obstructed exits, enforce no‑pedestrian zones, and surface trip hazards to prevent violations and injuries.",3,"And then area controls, whether that's no pedestrian zones, obstructions of exits and doorways... | Federal Safety Bureau is not going to let you put a garbage can in front of a fire extinguisher. | there is a comment over here on the side of walking over pallets is a trip hazard.",True,False,Obstruction and Egress Monitoring,False,False,5,5,,False,5.0
6a0e07b5-9bef-4c88-80ad-9a732f2dbb91.json,Mason Line Supply / Voxel introduction,2022-03-06T20:00:00Z,safety_use_cases,Door open/propped duration monitoring,"Alert when warehouse doors are left open or propped to mitigate risk, including unauthorized entry exposure and related safety concerns.",2,"This one's not just safety, but it's kind of a security element as well. When we see that the door is open for a certain amount of time, let's alert on that. Let's not leave the warehouse open and susceptible to strangers coming into the warehouse. | Boom. That's why your door's propped open. He just put a stick in the door.",True,False,Door Duration Monitoring,False,False,5,5,,False,5.0
6a0e07b5-9bef-4c88-80ad-9a732f2dbb91.json,Mason Line Supply / Voxel introduction,2022-03-06T20:00:00Z,safety_use_cases,Yard gate driver behavior logging for carrier compliance,Log rushing/run‑through incidents at the facility gate that cause damage so CEVA can notify trucking companies to follow yard rules and improve safety at entry points.,3,"we do have drivers that tend to run through here and try to rush it, which has caused damage to it. | I mean, that might be an area where it wouldn't be bad to have that logged. | So we want to identify these trucking companies and notify them, hey, you know, you got to abide by the rule of the art.",True,False,Driver and Vehicle Compliance,False,False,5,5,,False,5.0
6a0e07b5-9bef-4c88-80ad-9a732f2dbb91.json,Mason Line Supply / Voxel introduction,2022-03-06T20:00:00Z,safety_use_cases,Safety incident triage and supervisor assignment workflow,"Use Voxel to map incidents, assign them to supervisors, and run targeted pre‑shift coaching based on trends and heat maps.",3,"It is a good tool for, especially. For Health & Safety type things, even just giving you visibility, being able to map stuff out, being able to assign things to supervisors and stuff for actioning, just so far been a very helpful tool. | it's a platform that allows you to collaborate and communicate and coach and assign and get the team involved... | Now this becomes a workflow. Now I've got triage. I've got collaboration. I've got coaching. I've got training going on in the plan.",True,False,Actions Workflow and Coaching,False,False,4,4,,False,4.0
6a0e07b5-9bef-4c88-80ad-9a732f2dbb91.json,Mason Line Supply / Voxel introduction,2022-03-06T20:00:00Z,nonsafety_use_cases,Door open/propped duration monitoring,Alert when warehouse doors are left open or propped to reduce security exposure from unauthorized entry.,2,"This one's not just safety, but it's kind of a security element as well. When we see that the door is open for a certain amount of time, let's alert on that. Let's not leave the warehouse open and susceptible to strangers coming into the warehouse. | Boom. That's why your door's propped open. He just put a stick in the door.",True,False,Door Duration Monitoring,False,False,5,3,Bucketed as 'nonsafety_use_cases' but security overlaps with safety; label could be more precise about unauthorized entry vs general security,False,4.0
6a0e07b5-9bef-4c88-80ad-9a732f2dbb91.json,Mason Line Supply / Voxel introduction,2022-03-06T20:00:00Z,nonsafety_use_cases,Yard gate driver behavior logging for carrier compliance,Log and identify trucking companies whose drivers rush the gate and cause damage so CEVA can enforce yard rules with vendors.,3,"we do have drivers that tend to run through here and try to rush it, which has caused damage to it. | I mean, that might be an area where it wouldn't be bad to have that logged. | So we want to identify these trucking companies and notify them, hey, you know, you got to abide by the rule of the art.",True,False,Driver and Vehicle Compliance,False,False,5,4,,False,4.5
6a0e07b5-9bef-4c88-80ad-9a732f2dbb91.json,Mason Line Supply / Voxel introduction,2022-03-06T20:00:00Z,nonsafety_use_cases,Operational efficiency insights from video analytics,"Use video-derived insights to spot process inefficiencies (e.g., unnecessary travel to pick nearby items) and improve productivity.",1,Why are we moving around this entire bay when what he's going after is a moderate distance away? We've got some efficiency gains that we can collaborate on here...,True,False,Warehouse Productivity Optimization,False,False,5,5,,False,5.0
6a0e07b5-9bef-4c88-80ad-9a732f2dbb91.json,Mason Line Supply / Voxel introduction,2022-03-06T20:00:00Z,nonsafety_use_cases,Safety program analytics and workflow management,"Leverage trends, heat maps, and assignment workflows to prioritize actions and manage follow‑through across teams.",3,"being able to map stuff out, being able to assign things to supervisors and stuff for actioning, just so far been a very helpful tool. | I've got a 50-60% increase in no stops. So why don't we drill into that for this morning's pre-coach? | But now the heat map is giving me a visual cue as to where these incidents are occurring.",True,False,Safety Analytics and Reporting,False,False,5,2,"Label and bucket are contradictory - describes safety analytics (heat maps, incident tracking, pre-coaching) but categorized as 'nonsafety_use_cases'",False,3.5
bc645b88-89e5-4865-8782-5e17b6a20c20.json,Introduction to Voxel: Pioneer Peak Manufacturing,2024-04-26T19:00:00Z,safety_use_cases,Ergonomics risk detection and coaching,"Identify improper bending and repetitive-motion risks on production lines and trigger actions (coaching/retraining) to reduce strains, sprains, and shoulder injuries.",6,"probably the main hazard is probably ergonomic strains, back sprains. | We have a lot of shoulder injuries. | That's where I thought it was really cool with the Voxel program, being able to identify the repetitive injuries or just basically highlighting and noticing what could potentially lead to an injury. | here's a good example of an improper bend. | That's immediately flagged. | So you could say, hey, you know, let's retrain the team.",False,False,Ergonomic Risk Detection,False,False,5,5,,False,5.0
bc645b88-89e5-4865-8782-5e17b6a20c20.json,Introduction to Voxel: Pioneer Peak Manufacturing,2024-04-26T19:00:00Z,safety_use_cases,"Forklift safety monitoring (no-stops, stacking, collision prevention)","Monitor forklift behaviors such as stopping at intersections, unsafe double-stacking, and near-collisions in shipping/receiving and loading areas.",5,"I think it's all forklift activities. | So they're loading these trucks with forklifts and just stacking pallets on either a flatbed or a big box truck. | we had a no-stop at an intersection, and because of that no-stop, um- Bang. | And then he's double-stacked. | They almost collided, and, you know, this may or may not have been something that would have been reported.",False,False,PIT-Pedestrian Proximity Monitoring,False,False,5,5,,False,5.0
bc645b88-89e5-4865-8782-5e17b6a20c20.json,Introduction to Voxel: Pioneer Peak Manufacturing,2024-04-26T19:00:00Z,safety_use_cases,Automated surfacing of near-misses to address underreporting,Use video analytics to capture and surface near-miss events that are currently missed due to reliance on manual reporting.,5,"we are tracking all these incidents, near misses, observations, security events, | Yeah, that would just, it's all based on someone reporting it. | But yeah, that it is all dependent on someone actually making that submission. | I'm sure there's tons of near-misses that go unreported every single day. | They almost collided, and, you know, this may or may not have been something that would have been reported.",False,False,Near-Miss Detection and Reporting,False,False,5,5,,False,5.0
bc645b88-89e5-4865-8782-5e17b6a20c20.json,Introduction to Voxel: Pioneer Peak Manufacturing,2024-04-26T19:00:00Z,safety_use_cases,Safety analytics and training effectiveness tracking,"Leverage dashboards and trend analytics to monitor safety behaviors over time and evaluate whether trainings (e.g., on proper bending) are effective.",4,"So this is just a dashboard for you to get a really good pulse check of where all of your sites are, | you can actually look here, and you can see some of these trends, so on a, you know, daily basis, weekly basis, you could actually look at. | Also, if you do have a training and you want to see after the training, was it effective? | You can also track it through that, which is kind of cool.",False,False,Safety Heatmaps and Hotspot Analysis,False,False,5,5,,False,5.0
bc645b88-89e5-4865-8782-5e17b6a20c20.json,Introduction to Voxel: Pioneer Peak Manufacturing,2024-04-26T19:00:00Z,safety_use_cases,Suspended loads and dock door safety monitoring,Monitor suspended loads and loading operations at dock doors during truck loading to reduce risk.,1,"Suspended loads, that's another one, so it could be interesting, like, you know, at your dock doors, when these products are actually getting loaded onto the trucks, that could be another one, you know, to monitor.",False,False,Suspended Load Hazard Detection,False,False,4,3,Label combines two distinct concepts (suspended loads + dock door safety) but evidence only clearly supports monitoring loading operations at dock doors; 'suspended loads' mention is brief and connection to safety monitoring is implied rather than explicit,False,3.5
bc645b88-89e5-4865-8782-5e17b6a20c20.json,Introduction to Voxel: Pioneer Peak Manufacturing,2024-04-26T19:00:00Z,nonsafety_use_cases,Security monitoring (license plate recognition and restricted-hours alerts),"Use license plate recognition to flag former employees returning and send alerts for presence in restricted areas during specified hours (e.g., midnight to 8 a.m.).",2,"You know, let's say that, you know, you have an employee, they're no longer, you with the company, we can also do recognition on license plates, so that, you know, immediately you're getting a ping, hey, you know, this license plate is coming back into the facility, or in the proximity, we can also do, you know, hey, we don't want anyone in this area from, you know, midnight to till 8 a.m., and we can do notifications if that happens. | So, there's a lot of use cases for security, so well.",False,False,Perimeter and Yard Security,False,False,5,3,Label incorrectly bucketed as 'nonsafety_use_cases' when security monitoring is clearly a safety/security application,False,4.0
bc645b88-89e5-4865-8782-5e17b6a20c20.json,Introduction to Voxel: Pioneer Peak Manufacturing,2024-04-26T19:00:00Z,nonsafety_use_cases,Operational efficiency identification,"Analyze video clips to uncover better ways of executing tasks, saving time and enabling workforce reallocation.",3,"Like, we are helping a lot of customers uncover operational efficiencies. | You know, being able to kind of look at some of these clips and say, wow, there's a better way for us to be doing this. | You know, we actually could save time and we could allocate, you know, these folks time to kind of looking at this or maybe doing it this way.",False,False,Warehouse Productivity Optimization,False,False,5,3,Label should specify computer vision/video analysis context; 'nonsafety_use_cases' bucket may be incorrect as operational efficiency can overlap with safety.,False,4.0
39e132d2-18f1-44c0-a081-edf9be05453e.json,Voxel <> Anchor Grid Logistics Kickoff call,2024-05-03T15:00:00Z,safety_use_cases,Foremen-owned safety notifications with tuned thresholds,"Foremen will receive Voxel notifications so they can address safety issues on the floor promptly, with thresholds set conservatively at first to avoid excessive noise.",4,We want them getting notifications so they can address stuff right then and there. | So we want them managing that. | we want to set parameters for alerts at fairly high levels to start out. | So they are not getting an overwhelming volume of messages every day.,False,False,Real-Time Safety Alerts,False,False,5,5,,False,5.0
39e132d2-18f1-44c0-a081-edf9be05453e.json,Voxel <> Anchor Grid Logistics Kickoff call,2024-05-03T15:00:00Z,safety_use_cases,Monitor and reduce forklift–pedestrian interactions (PIT-to-person),Use Voxel to track interactions between pedestrians and forklifts and set reduction goals tied to positive incentives.,3,"Like, hey, in the first month we saw, you know, we saw 343 interactions between a pedestrian and a fork truck. | If we can, you know, if we can go the next week without, with less than 10 interactions. | For fourth truck, I'll buy you guys lunch.",False,False,PIT-Pedestrian Proximity Monitoring,False,False,5,5,,False,5.0
39e132d2-18f1-44c0-a081-edf9be05453e.json,Voxel <> Anchor Grid Logistics Kickoff call,2024-05-03T15:00:00Z,safety_use_cases,"Safety reporting, benchmarking, and trend-driven interventions",Leverage Voxel’s reporting to benchmark safety metrics and address emerging trends with crews.,3,"We want to be able to monitor different reporting items or benchmarking and things like that. | And then obviously, if there's trends, we'll address those with the crew. | So the first about a month after onboarding, you know, we're going to be collecting a ton of data.",False,False,Enterprise Safety Analytics and Benchmarking,False,False,5,5,,False,5.0
39e132d2-18f1-44c0-a081-edf9be05453e.json,Voxel <> Anchor Grid Logistics Kickoff call,2024-05-03T15:00:00Z,safety_use_cases,Real-time shop displays and gamified safety goals,Install monitors on the shop floor to share Voxel safety information in real time and use gamified goals and rewards to positively reinforce safe behavior.,4,"I'd eventually like to start installing some monitors around the shop where we're sharing that information in real time, too. | we've talked in the past about gamifying things and things like that. | Here's a goal we want to set. | And if we meet that, like, here's the reward.",False,False,Safety Gamification and Displays,False,False,5,5,,False,5.0
46c2fe16-50d6-44a5-a327-2443fc6f1ba7.json,East Bridge Systems + Voxel Pilot Discussion,2022-06-24T18:00:00Z,safety_use_cases,Forklift and pedestrian safety in very narrow aisle (VNA) racking,East Bridge Systems anticipates a shift in risk from manual handling to forklift-related incidents as they convert to VNA racking and wants AI-enabled camera coverage down each aisle to monitor vehicle movements and struck-by risks.,4,"So essentially, a third to maybe a half of our warehouse, we might be converting into very narrow aisle racking systems, which is going to have to increase those cameras. | we're going to probably change a little bit of our risk area from the manual handling to the forklift type stuff. | More, because you're going to want to have one looking down each aisle, potentially. | Material handling, ergonomics, vehicle movements, struck buys, right?",False,False,PIT-Pedestrian Proximity Monitoring,False,False,5,5,,False,5.0
46c2fe16-50d6-44a5-a327-2443fc6f1ba7.json,East Bridge Systems + Voxel Pilot Discussion,2022-06-24T18:00:00Z,safety_use_cases,Ergonomics and manual material handling injury reduction,They want to address existing injuries from manual/material handling and use AI to identify and reduce ergonomic risks.,2,"That insurance information with our history of injuries that are mainly due to material handling, manual handling of our equipment. | Material handling, ergonomics, vehicle movements, struck buys, right?",False,False,Ergonomic Risk Detection,False,False,5,5,,False,5.0
46c2fe16-50d6-44a5-a327-2443fc6f1ba7.json,East Bridge Systems + Voxel Pilot Discussion,2022-06-24T18:00:00Z,safety_use_cases,"Slip, trip, and fall detection","Use AI video to detect and reduce slip, trip, and fall hazards in the warehouse.",1,Slip trips and falls.,False,False,"Slip, Trip, and Fall Prevention",False,False,4,5,,False,4.5
46c2fe16-50d6-44a5-a327-2443fc6f1ba7.json,East Bridge Systems + Voxel Pilot Discussion,2022-06-24T18:00:00Z,safety_use_cases,PPE compliance monitoring,Monitor and improve PPE compliance using AI from existing cameras.,1,"PPE compliance, right, like things that we can actually help you with.",False,False,PPE Compliance Monitoring,False,True,3,3,Evidence only mentions PPE compliance as something they 'can help with' but doesn't specify monitoring or improvement; label adds specificity not fully supported by quote,False,3.0
46c2fe16-50d6-44a5-a327-2443fc6f1ba7.json,East Bridge Systems + Voxel Pilot Discussion,2022-06-24T18:00:00Z,nonsafety_use_cases,Business case support for internal stakeholders,Help internal stakeholders review the opportunity using operating context and prior incident history.,3,We can put together some internal analysis to support that conversation using your historical data. | We usually turn that historical performance into something leadership can review without getting too deep into assumptions. | They want to hear it from somebody outside of us.,False,False,Business Case Development,True,False,4,3,Label is vague - 'business case support' could be more specific about what type of analysis or decision-making is being supported,False,3.5
46c2fe16-50d6-44a5-a327-2443fc6f1ba7.json,East Bridge Systems + Voxel Pilot Discussion,2022-06-24T18:00:00Z,nonsafety_use_cases,Paid pilot to validate Voxel with an existing camera environment,Run a short paid pilot using the site's existing camera environment to validate compatibility and performance before broader rollout.,3,"We could even do some sort of pilot program because our operations team said, let's just move forward and we'll pilot in one location. IT says, that ain't going to happen because I need to verify everything's going to work before I sign off on to it | It sounds like the current setup already supports an evaluation path. | I'm sure I could get sign-off on doing a limited camera trial for a short period to show that it works.",False,False,Pilot and Trial Programs,True,False,5,3,"Label mentions 'paid pilot' but evidence only confirms pilot desire without clear payment discussion; 'nonsafety_use_cases' bucket is questionable since pilot is a means to deploy safety tech, not an end use case.",False,4.0
46c2fe16-50d6-44a5-a327-2443fc6f1ba7.json,East Bridge Systems + Voxel Pilot Discussion,2022-06-24T18:00:00Z,nonsafety_use_cases,Simple integration with an existing camera platform and IT onboarding,Leverage Voxel’s ease of integration with an existing camera platform to streamline IT onboarding and implementation.,3,"When we hear that camera platform, we are generally optimistic because it tends to be straightforward for us to integrate with. | With that camera platform, the local setup is usually pretty simple. | Within that camera platform, there is a simple configuration step to enable the feed we need.",False,False,IT Vetting and Compliance,True,False,5,3,"Label accuracy reduced because this describes a product capability/feature rather than a customer use case, and 'IT onboarding' is vague about what business problem is being solved.",False,4.0
af1e5ada-5bd5-4ce2-951d-f679daeb15db.json,River Ridge Works | Voxel Sync,2024-01-08T15:00:00Z,safety_use_cases,Ladder safety and fixed ladder elimination,"Address ladder-related incidents by reviewing and reducing reliance on fixed ladders, replacing them with safer alternatives like stairs.",3,"Another big one we got coming is we're going to be looking pretty hard at ladders. | In our siding group, they had an injury where someone slipped off a ladder. | we're getting ready to put the full court press on fixed ladders and not just from a regulatory standpoint, but work when we eliminate them or put stairs in, things like that.",False,False,Ladder Safety Monitoring,False,False,5,5,,False,5.0
af1e5ada-5bd5-4ce2-951d-f679daeb15db.json,River Ridge Works | Voxel Sync,2024-01-08T15:00:00Z,safety_use_cases,AI video analytics to gain visibility and reduce injuries,Evaluate Voxel to increase visibility into safety issues and reduce recordable injuries across operations by engaging operational stakeholders early.,3,"Right now, it's just our safety performance in general. | We've had more recordable injuries in my group, none of them that crazy or that severe, but it's just been a huge distraction for everybody. | But, you know, I do think there's a place for Voxel to help you guys gain some visibility and, you know, even some reductions in those injuries.",False,False,AI Safety Vision Platform Deployment,False,False,5,5,,False,5.0
af1e5ada-5bd5-4ce2-951d-f679daeb15db.json,River Ridge Works | Voxel Sync,2024-01-08T15:00:00Z,nonsafety_use_cases,Integrate with existing cameras and minimize IT burden,"Need clarity on using existing (closed-loop) cameras and a simple, low-lift deployment to avoid purchasing new hardware and to address IT hesitations.",6,"Apparently, they're looking at going away from those anyway, and they're closed loop, and there's some other stuff that they're telling me. | But they had some hesitation on doing certain things with their cameras, so it may be helpful. | They're tied back to our servers, and we're going to talk through it, but I thought they were trying to upgrade what we're doing, or what they're doing, and at least that's the sense I get, but I'm going to talk to them more this week, because my assumption from the beginning of this is, well, we'd be able to tag into whatever we have, and that saves a cost, except I don't want have to go out and buy a bunch of cameras that I didn't think about, and I know we have them, all my plants have them, so I just got to learn more about our IT side and what we need to do there. | We call it a standard phased method. | It's like three questions, several hours of their time. | And within several weeks, we have data flowing.",False,False,System Integration and Data Export,False,False,5,3,Label is accurate but bucketed as 'nonsafety_use_cases' when integration/deployment concerns span both safety and non-safety applications,False,4.0
af1e5ada-5bd5-4ce2-951d-f679daeb15db.json,River Ridge Works | Voxel Sync,2024-01-08T15:00:00Z,nonsafety_use_cases,AI governance and security compliance review,Any AI solution must pass an internal AI governance board review and complete security and AI questionnaires before proceeding.,3,"Like, I learned that we have an AI board now who review AI things. | we have basically a security and AI questionnaire. | And because it, it all, it all goes, I guess gets reviewed by them.",False,False,IT Vetting and Compliance,True,False,5,5,,False,5.0
af1e5ada-5bd5-4ce2-951d-f679daeb15db.json,River Ridge Works | Voxel Sync,2024-01-08T15:00:00Z,nonsafety_use_cases,Cost-sensitive vendor evaluation (incl. Falcon Peak Vision),"Actively comparing Voxel with other vendors, especially Falcon Peak Vision, with cost as a key decision factor given current market constraints.",5,"And to be completely honest with you, I'm evaluating other companies as well, just to make sure we're on the right track. | And I guess my biggest concern right now with Voxel is the cost. | While I like what you have, y'all are, you're a lot higher than some of your competition. | And that's going to be, that would be kind of a tough sell with the market we're in right now, especially when similar companies are, I don't think cheaper, but they don't cost near as much. | Just to be honest with you, the one that I'm probably leaning right now or is closer to you guys is Falcon Peak Vision.",False,False,Vendor Evaluation,True,False,5,3,"Label should be in 'sales_objections' or similar bucket rather than 'nonsafety_use_cases' - this is a pricing objection during evaluation, not a use case",False,4.0
af1e5ada-5bd5-4ce2-951d-f679daeb15db.json,River Ridge Works | Voxel Sync,2024-01-08T15:00:00Z,nonsafety_use_cases,Implementing VelocityEHS system,Design and deployment of a new VelocityEHS system is an ongoing project consuming significant time and attention.,2,"My group, the Summit Track Systems, that's probably taking up a lot of the most time at the moment, just because we're right in the middle of the design of that new system. | And I think that's about to, I think we almost have our part done, but that's taken up a lot.",False,False,Third-Party System Implementation,True,False,5,3,"VelocityEHS is a third-party EHS software platform, not Voxel's camera AI - should likely be marked off_topic as it relates to implementing a different vendor's system",True,4.0
e4b2f981-a2ca-4c45-9257-ff6af898d095.json,Voxel Safety Intro: Copper Forge Industrial,2022-05-26T20:00:00Z,safety_use_cases,Automated near-miss detection and hotspot visibility in DC,Use Voxel to automatically detect near misses and identify high-risk areas across the million-square-foot distribution center to improve proactive safety oversight.,3,"We do get a lot of close calls, though. | Now, if I'm not mistaken, this thing will kind of help identify those areas? | And we would detect safety risks and near misses in real time.",True,False,Near-Miss Detection and Reporting,False,False,5,5,,False,5.0
e4b2f981-a2ca-4c45-9257-ff6af898d095.json,Voxel Safety Intro: Copper Forge Industrial,2022-05-26T20:00:00Z,safety_use_cases,"Forklift/PIT behavior monitoring (speeding, stops, proximity) during peak loading","Monitor forklift operations to catch failures to stop at intersections, speeding, and pedestrian/vehicle near-misses, especially during the high-traffic loading window each afternoon.",5,"Because come 3 o'clock in the afternoon is when they start loading trailers, and that's when everybody kind of condenses down and starts putting things away real quick. | And for about a couple of hours out of the day, it's almost ridiculous the forklift traffic that's going. | But they don't have a whole lot of forklift incidents, but I know they've had a lot of close ones. | We can do things around speeding, stopping at intersections, and near misses. | This is an example of a forklift not stopping at an intersection.",True,False,Forklift Speed Monitoring,False,False,5,5,,False,5.0
e4b2f981-a2ca-4c45-9257-ff6af898d095.json,Voxel Safety Intro: Copper Forge Industrial,2022-05-26T20:00:00Z,safety_use_cases,"Ergonomics risk detection (improper bending, overreaching, heavy lifts)","Detect improper lifting posture and overreaching to reduce MSD risk, including handling 60–a heavy load rubber rolls where workers may lift improperly despite available aids.",4,"That middle one that you got the improper bend or whatever, that's what would come in handy for us as well. | Because, I mean, we're dealing with anything from 60 to a heavy load roll of rubber also. | And they've been given every possible lift combination there is, and they still choose to throw them over their shoulder. | So we're looking at like lifting posture, overreaching, improper bending.",True,False,Ergonomic Risk Detection,False,False,5,5,,False,5.0
e4b2f981-a2ca-4c45-9257-ff6af898d095.json,Voxel Safety Intro: Copper Forge Industrial,2022-05-26T20:00:00Z,safety_use_cases,Detect unsafe pallet behaviors to reduce ankle injuries,Identify walking-on-pallet behaviors and issues with aging/unsound pallets that contribute to rolled ankles and other lower-extremity injuries.,4,"Well, right now, there was a big uptick, like I said, in the ankles to the point where they were almost going to start requiring boots. | So most of our stuff is shoulders, ankles, you know, lots of rolled ankles when you're walking on pallets and stuff like that. | And they're structurally not sound anymore. | Yeah, we're definitely going to be able to help with identifying pallet behavior.",True,False,Pallet Handling Safety,False,False,5,5,,False,5.0
e4b2f981-a2ca-4c45-9257-ff6af898d095.json,Voxel Safety Intro: Copper Forge Industrial,2022-05-26T20:00:00Z,safety_use_cases,"No-pedestrian zone monitoring (e.g., conveyors/rollers)",Define and monitor no-pedestrian zones such as conveyors/rollers to flag entries in hazardous areas and reduce lower-extremity injury risks.,3,"So when you get this set up, for instance, if we went with this type of deal, would we have to flag, like, the no pedestrian zones and, you know what I mean? | So in this case, they don't want anyone on the conveyor or the roller here, but it happens all the time because these pallets get stuck. | And you could tell me, okay, that no pedestrian zone is going to be here.",True,False,PIT-Pedestrian Proximity Monitoring,False,False,5,5,,False,5.0
e4b2f981-a2ca-4c45-9257-ff6af898d095.json,Voxel Safety Intro: Copper Forge Industrial,2022-05-26T20:00:00Z,safety_use_cases,Use incident videos for safety training and coaching (with privacy blurring),"Leverage flagged video clips in new-employee training and coaching, optionally with body blurring for privacy or broader sharing.",3,"The goal is not necessarily to be punitive or, like, use this as a punishment tool, but rather just improve visibility in the near misses, and you can incorporate into new employee training, your existing safety programs, and things of that nature. | So if you want to use videos for like training or coaching in a more public setting, we can blur the videos for you. | But, yeah, if you had it all on video, can't really argue with that.",True,False,Safety Video Coaching and Training,False,False,5,5,,False,5.0
e4b2f981-a2ca-4c45-9257-ff6af898d095.json,Voxel Safety Intro: Copper Forge Industrial,2022-05-26T20:00:00Z,safety_use_cases,"Retail shop safety monitoring (tire inflation, lifts/blocking, falling tires)","Apply Voxel in retail tire service shops to monitor hazardous tasks like tire inflation and vehicle lifting/blocking, given recent serious injuries in stores.",5,"We haven't had a very good year in the retail side of things at the stores. | There's been several pretty serious injuries. | We had a 20-year-old girl, blew a tire up while she was standing over it, threw her back about eight feet, cut her up across the front, and shot air where it wasn't supposed to go in a bad way. | And then we've had a couple pickups fall, like they didn't leave the blocks up when they had them on the lift, and they weren't paying attention, and they rolled to check them while somebody's walking behind them and it rolled off. | How would it work, though, if you, like I said, you're not really into the retail part yet, but you think that might be coming?",True,False,Retail-Specific Safety Monitoring,False,False,5,5,,False,5.0
e4b2f981-a2ca-4c45-9257-ff6af898d095.json,Voxel Safety Intro: Copper Forge Industrial,2022-05-26T20:00:00Z,safety_use_cases,Quantify impact of safety interventions with leading indicators and markers,Track trends in risky behaviors and use markers to correlate training or engineering changes with reductions in risk to quantify impact before injury data arrives.,4,"We can incorporate, you can see the small note here, we can incorporate these things called markers to show safety, training changes, behavior changes, conversations, to see what the impact is of the changes that we're making from a safety perspective. | But now we can actually look at the leading indicator data to say, okay, we added more lift tables, or we've done X, Y, and Z. | We've added a stop sign here to try to change forklift driving behaviors. | Now we can have a really good indication of has that been impactful or not.",True,False,Intervention Impact Tracking,False,False,5,5,,False,5.0
e4b2f981-a2ca-4c45-9257-ff6af898d095.json,Voxel Safety Intro: Copper Forge Industrial,2022-05-26T20:00:00Z,safety_use_cases,Assign and track safety actions with role-based access,"Route flagged clips to the responsible supervisor for coaching, track action completion, and limit user visibility by role/shift to reduce inter-shift friction.",6,"I can take the video and send it to Bill and say, hey, this is what you guys are doing right now. | It gets an email with this video gets sent to Bill. | So you can add whoever you want to, to have access to this and not everyone has to be able to see everything. | So I can go here, click edit role, and I can kind of pick what level of access they should get to that site. | Like there's always a battle between the shifts and the supervisors. | So, yeah, if you could limit, like I wouldn't have to show our swing shift guy that they shift stuff or vice versa because then those two like to, you know, get after each other.",True,False,Action Tracking and Accountability,False,False,5,5,,False,5.0
e4b2f981-a2ca-4c45-9257-ff6af898d095.json,Voxel Safety Intro: Copper Forge Industrial,2022-05-26T20:00:00Z,nonsafety_use_cases,Quantify impact of safety interventions with leading indicators and markers,"Track trends and use markers to correlate program or engineering changes with risk reductions, providing measurable impact and ROI before injury data accrues.",4,"We can incorporate, you can see the small note here, we can incorporate these things called markers to show safety, training changes, behavior changes, conversations, to see what the impact is of the changes that we're making from a safety perspective. | But now we can actually look at the leading indicator data to say, okay, we added more lift tables, or we've done X, Y, and Z. | We've added a stop sign here to try to change forklift driving behaviors. | Now we can have a really good indication of has that been impactful or not.",True,False,Intervention Impact Tracking,False,False,5,3,Label is categorized as 'nonsafety_use_cases' but clearly describes a safety impact measurement use case - should be recategorized,False,4.0
e4b2f981-a2ca-4c45-9257-ff6af898d095.json,Voxel Safety Intro: Copper Forge Industrial,2022-05-26T20:00:00Z,nonsafety_use_cases,Assign and track safety actions with role-based access,"Use an assignment workflow to route clips to the right supervisors, track completion, and tailor access by role/shift to streamline follow-up and reduce friction.",5,"I can take the video and send it to Bill and say, hey, this is what you guys are doing right now. | It gets an email with this video gets sent to Bill. | So you can add whoever you want to, to have access to this and not everyone has to be able to see everything. | So I can go here, click edit role, and I can kind of pick what level of access they should get to that site. | So, yeah, if you could limit, like I wouldn't have to show our swing shift guy that they shift stuff or vice versa because then those two like to, you know, get after each other.",True,False,Action Tracking and Accountability,False,False,5,3,"Label is categorized as 'nonsafety_use_cases' but the workflow describes managing safety incidents/clips; assignment and role-based access are safety-enabling features, not non-safety use cases.",False,4.0
096964ad-8b87-401e-933c-984c56c0da56.json,Gray Connect,2024-07-04T13:30:00Z,safety_use_cases,"Hazard hotspot mitigation using heat maps and rapid interventions (e.g., cones)","Use Voxel heat maps to identify problem areas (e.g., the Zone Red) and implement quick physical controls like cones, then use platform feedback to assess impact and iterate.",4,"I think John and Jay and Josh had said that they plan on putting some cones down and, you know, working through some things, but that may not happen for a couple weeks or months, which I think that is, like, the platform is meant to allow you to take action without having a perfect plan in place, right? | So I think we were waiting a little bit before, I think the heat maps was the next big thing, but we have those and I should probably put that on my list to do. | We're going to tell you whether or not that action is going to have the desired outcome or not very quickly, right? | Here's what the platform told us.",True,False,Safety Heatmaps and Hotspot Analysis,False,False,5,5,,False,5.0
096964ad-8b87-401e-933c-984c56c0da56.json,Gray Connect,2024-07-04T13:30:00Z,safety_use_cases,Use assigned clips and resolutions for coaching to reduce event frequencies,"Drive safety improvements by assigning AI-detected clips and tracking resolutions, enabling coaching conversations that correlate with drops in event frequencies.",4,"But where we see, like, the assigning of clips and resolutions, like, where we see a lot of those actions taking place is – | Typically, there's a direct correlation between that and a success metric. | We're seeing drop in frequencies, et cetera, because people are taking the data and having coaching conversations or taking action, right? | To be honest, I don't think anything was assigned or resolved in January.",True,False,Actions Workflow and Coaching,False,False,5,5,,False,5.0
096964ad-8b87-401e-933c-984c56c0da56.json,Gray Connect,2024-07-04T13:30:00Z,nonsafety_use_cases,Change management impact tracking and leadership storytelling,"Measure the effects of interventions with Voxel data and build a clear before/after story to present to leadership, including course corrections based on platform feedback.",4,"It'd be really nice to have some data around, like, hey, we identified this issue of Zone Red. | Here are the steps we took. | Here's what the platform told us. | So actually implementing it, I think, is the next step, and I'll get with the steer co, and we can see what we can do to really push that in the next couple of weeks to actually measure what we're doing and get you guys a story to tell to leadership.",True,False,Intervention Impact Tracking,False,False,5,5,,False,5.0
096964ad-8b87-401e-933c-984c56c0da56.json,Gray Connect,2024-07-04T13:30:00Z,nonsafety_use_cases,Platform adoption and usage analytics reporting,"Provide regular usage metrics (e.g., logins, assignments/resolutions) to drive adoption and ensure sites are engaging with the platform.",4,"for the month of January, entire month of January, we only had dozens of logins to the platform from the Signal Grid Works side. | Like JM didn't log into the platform once in January. | those are metrics that we have easy access to that I can provide to you at whatever frequency you would want | at the end of each month, I can just kind of give you a report around that, too, just so you have, like, a line of sight.",True,False,Platform Adoption Analytics,False,False,5,5,,False,5.0
096964ad-8b87-401e-933c-984c56c0da56.json,Gray Connect,2024-07-04T13:30:00Z,nonsafety_use_cases,Email summaries for insight without platform login,Use daily email summaries to provide awareness and insights to stakeholders who may not log into the platform.,2,"Yeah, I mean, outside of that, they're getting, like, daily email summaries, right? | So there's, like, information they're getting that allows them to get, like, some insight into what's happening without logging into the platform",True,False,Report Export and Subscriptions,False,False,5,5,,False,5.0
096964ad-8b87-401e-933c-984c56c0da56.json,Gray Connect,2024-07-04T13:30:00Z,nonsafety_use_cases,Potential expansion to retail stores,Consider deploying Voxel beyond distribution centers into retail stores.,1,"I think it's a super smart and effective tool that I think we should use, I think, definitely at our DCs, but maybe in the stores too, which would be cool.",True,False,Retail Expansion Planning,True,False,5,5,,False,5.0
909a8d56-b5dc-4b0e-aff9-d097d46a0a58.json,Field Span Transport / Voxel:  Pick up discussions and confirm next steps,2022-09-13T19:00:00Z,safety_use_cases,Trailer pull-away detection at docks,Detect and alert on trailer pull-aways during loading/unloading to prevent serious dock safety incidents while also impacting operations.,2,"You know, one thing that I was thinking about, too, and this is probably a little bit more safety than operations, but like, you know, trailer pull-aways as well. | You know, that's a more complex computer vision problem, certainly has a safety and an operational component to it as well.",True,False,Driver and Vehicle Compliance,False,False,5,4,Description adds 'impacting operations' detail not clearly supported by evidence which emphasizes safety component more strongly,False,4.5
909a8d56-b5dc-4b0e-aff9-d097d46a0a58.json,Field Span Transport / Voxel:  Pick up discussions and confirm next steps,2022-09-13T19:00:00Z,safety_use_cases,Behavior-based safety analytics with heat maps (pilot),Run a behavior-based safety program using computer vision and heat maps at a pilot facility to demonstrate ROI and safety metric improvements before broader rollout.,1,"A branded behavior-based solution that Riley was highlighted, get some heat maps going, really get you comfortable with it, and then from there, we take it out.",True,False,Safety Heatmaps and Hotspot Analysis,False,False,4,4,,False,4.0
909a8d56-b5dc-4b0e-aff9-d097d46a0a58.json,Field Span Transport / Voxel:  Pick up discussions and confirm next steps,2022-09-13T19:00:00Z,nonsafety_use_cases,Trailer pull-away detection at docks,Monitor and detect trailer pull-aways to reduce operational disruptions and losses in addition to safety risk mitigation.,2,"You know, one thing that I was thinking about, too, and this is probably a little bit more safety than operations, but like, you know, trailer pull-aways as well. | You know, that's a more complex computer vision problem, certainly has a safety and an operational component to it as well.",True,False,Driver and Vehicle Compliance,False,False,5,3,Evidence clearly states trailer pull-aways have 'a safety and an operational component' yet bucketed as 'nonsafety_use_cases' - miscategorized given explicit safety mention,False,4.0
909a8d56-b5dc-4b0e-aff9-d097d46a0a58.json,Field Span Transport / Voxel:  Pick up discussions and confirm next steps,2022-09-13T19:00:00Z,nonsafety_use_cases,Product damage tracking,"Use computer vision to detect and track product damage events in the facility to reduce waste, rework, and associated costs.",1,"You know, when it comes to tracking product damage or exploring camera-based monitoring with other customers, one example is detecting when a product is out of spec or left where it should not be for too long.",True,False,Product Damage and Shrink Reduction,False,False,3,4,Evidence mentions 'out of spec' and 'left where it should not be' which only partially supports damage tracking; damage detection is inferred but not explicitly stated,False,3.5
909a8d56-b5dc-4b0e-aff9-d097d46a0a58.json,Field Span Transport / Voxel:  Pick up discussions and confirm next steps,2022-09-13T19:00:00Z,nonsafety_use_cases,Product condition and dwell-time detection,Leverage camera-based monitoring to detect products that are out of spec or left in the wrong place for too long to prevent spoilage and reduce downstream issues.,3,"You know, when it comes to tracking product damage or exploring camera-based monitoring in this area, one example is detecting when a product is out of spec or left where it should not be for too long. | Yeah, and claim-focused, right? | If you're finding something that's out of spec.",True,False,Product Damage and Shrink Reduction,False,False,5,4,,False,4.5
f2575681-ad0f-4e62-bf7b-b9864ef724f1.json,Iron Flow Manufacturing + Voxel - Reconnect,2023-10-06T20:00:00Z,safety_use_cases,Ergonomic risk detection for pallet handling and overexertions,Identify and flag unsafe pallet handling and overexertion/overreach movements to reduce their largest injury category in inbound operations.,4,"Half of our injuries are overexertions, effectively. | there's a proper way to pick up pallets and set them down in? | they just take that pallet and kind of chuck it, right? | Would you effectively record the safe way of doing it, and if it detects somebody's picked up a pallet and done it incorrectly, then that triggers a flag to where it gets recorded, or how are you able to implement any rules?",True,False,Ergonomic Risk Detection,False,False,5,5,,False,5.0
f2575681-ad0f-4e62-bf7b-b9864ef724f1.json,Iron Flow Manufacturing + Voxel - Reconnect,2023-10-06T20:00:00Z,safety_use_cases,"PIT safety monitoring (no-stops, proximity, seatbelts)","Monitor forklift safety behaviors and hazards like no-stop violations, PIT-to-pedestrian and PIT-to-PIT proximity, and interest in seatbelt compliance to reduce severe equipment incidents.",3,"And then the E is for equipment, because those are our least frequent but most severe injuries. | Guarantee you can see that every day. | Are you able to, you mentioned not wearing a seatbelt, right? Are you able to tell that as a flag?",True,False,Intersection Stop Compliance,False,False,3,4,Evidence mentions equipment injuries and seatbelt detection but lacks clear quotes about no-stop violations or proximity monitoring that are prominent in the label,False,3.5
f2575681-ad0f-4e62-bf7b-b9864ef724f1.json,Iron Flow Manufacturing + Voxel - Reconnect,2023-10-06T20:00:00Z,safety_use_cases,Signage effectiveness and traffic control analytics,Use camera analytics to identify intersections needing controls and to evaluate the impact of the regulatory signage project across sites.,2,"Being able to look at it more holistically, whether that's PPE or, you know, regulatory and signage or anything like that, we're kind of chipping away at that piece to kind of make that impact same building to building. | So there's our continuation of our regulatory signage project once it rolls out. It's like, hey, you guys don't have to go look at it. Yeah, yeah, we can just pull this up and be like, huh.",True,False,Signage and Traffic Control Analytics,False,False,2,2,Evidence mentions regulatory signage and PPE monitoring but does not support 'traffic control analytics' or 'intersections needing controls' which are traffic-related concepts not present in the quotes.,False,2.0
f2575681-ad0f-4e62-bf7b-b9864ef724f1.json,Iron Flow Manufacturing + Voxel - Reconnect,2023-10-06T20:00:00Z,safety_use_cases,Proactive near-miss detection and visibility,"Gain visibility into near misses and property damage events beyond self-reporting, shifting from reactive CCTV reviews to proactive detection.",2,"Whether it's near miss or property damage, claims a lot of things that our AP partners are currently asking for. The near miss is the biggest one. We just, we only know what's been reported, right? And we don't have visibility to that. | We have instant reviews after every incident. We have serious instant reviews for very severe incidents, right? And part of that is always reviewing the CCTV, but it's limited, right? ... But like, to your point, it is always reactive.",True,False,Near-Miss Detection and Reporting,False,False,5,5,,False,5.0
f2575681-ad0f-4e62-bf7b-b9864ef724f1.json,Iron Flow Manufacturing + Voxel - Reconnect,2023-10-06T20:00:00Z,safety_use_cases,Enterprise-wide safety visibility and hotspot identification,"Provide an enterprise view (e.g., heat maps, trends) to help a small central team oversee safety across 200+ distribution centers and varied platforms.",4,"Yeah, typically when we roll projects out, you know, we might be able to, we might focus on one versus the other, but we have oversight over the entire enterprise. | I mean, for context, Joe, there's Rochelle, my counterparts, the two managers, and two analysts that handle all of the safety, field support, environmental regulatory, hazmat, and project rollouts for our 200-plus distribution centers. | So something like this would be very beneficial. | So I love the heat map functionality, at least for all the categories that we're able to set up.",True,False,Enterprise Safety Analytics and Benchmarking,False,False,5,5,,False,5.0
f2575681-ad0f-4e62-bf7b-b9864ef724f1.json,Iron Flow Manufacturing + Voxel - Reconnect,2023-10-06T20:00:00Z,safety_use_cases,Restricted-area and egress/asset obstruction monitoring,"Surface policy violations such as people entering no-pedestrian zones (e.g., stepping onto rollers) and blocking emergency exits or fire equipment.",2,"Rochelle, this would be like 10 policy violations in a matter of 5 seconds. | There's definitely some things that we have a number of programs that this kind of almost is a solve for, right?",True,False,Obstruction and Egress Monitoring,False,False,2,3,"Evidence mentions 'policy violations' but does not specifically reference restricted areas, no-pedestrian zones, rollers, exits, or fire equipment blocking",False,2.5
f2575681-ad0f-4e62-bf7b-b9864ef724f1.json,Iron Flow Manufacturing + Voxel - Reconnect,2023-10-06T20:00:00Z,nonsafety_use_cases,Near-miss and property damage data for AP claims/investigations,Provide AP with objective data and clips on near misses and property damage beyond voluntary reports to support claims and investigations.,2,"Whether it's near miss or property damage, claims a lot of things that our AP partners are currently asking for. The near miss is the biggest one. We just, we only know what's been reported, right? And we don't have visibility to that. | We have instant reviews after every incident. We have serious instant reviews for very severe incidents, right? And part of that is always reviewing the CCTV, but it's limited, right? ... But like, to your point, it is always reactive.",True,False,Customer Incident Evidence,False,False,5,2,Label is miscategorized as 'nonsafety_use_cases' when near-miss detection and property damage monitoring are core safety use cases; AP likely refers to Associated Partners/third-party carriers for insurance/claims purposes.,False,3.5
f2575681-ad0f-4e62-bf7b-b9864ef724f1.json,Iron Flow Manufacturing + Voxel - Reconnect,2023-10-06T20:00:00Z,nonsafety_use_cases,Monitor progress and impact of pilots/program changes,"Track and measure the effectiveness of new procedures, programs, or PPE pilots over time using markers and reports.",1,"So, you had any clients that, you know, they have a distribution center, their teams are trying to roll out a... A new pilot, whether it's a procedure, program, PPE, et cetera, and they've used Voxel as a means to monitor the progress of that pilot as it's, you know, running.",True,False,Intervention Impact Tracking,False,False,5,3,Bucketed as 'nonsafety_use_cases' but monitoring PPE and safety procedure pilots is directly safety-related,False,4.0
f2575681-ad0f-4e62-bf7b-b9864ef724f1.json,Iron Flow Manufacturing + Voxel - Reconnect,2023-10-06T20:00:00Z,nonsafety_use_cases,Data export/API integration for custom analytics,Pull raw data via exports or APIs to feed internal systems and customize reporting beyond the native platform.,2,"Are you – do you guys have functionality as far as setting up APIs with us for pulling, like, raw data if we want to spin it however we like? Or is it pretty much you guys grab it and put it on the platform when we're limited to? The reporting that's currently available, what you're planning to roll out? | API is massive in this space, so it's trying to figure out what makes sense and what does.",True,False,System Integration and Data Export,False,False,5,5,,False,5.0
f2575681-ad0f-4e62-bf7b-b9864ef724f1.json,Iron Flow Manufacturing + Voxel - Reconnect,2023-10-06T20:00:00Z,nonsafety_use_cases,Automated alerts/digests and assignment workflows,Automate follow-ups and deliver concise alerts or digests with action items to reduce time leaders spend searching dashboards.,3,"Are you able to auto-trigger, like, based on our rules, like, follow-ups? | we want to keep our leaders focused on the operation and making things safe and not sitting behind the computer all day. And so any ways that we would be able to trigger alerts, kind of concatenate them and send them out to give people action items rather than them searching the dashboard, you know, every week to try to find those pieces. | I could see this being, like, two or three full-time jobs just to look at all the opportunities that we have and then turning that into a project.",True,False,Hazard Detection and Alerting,False,False,5,5,,False,5.0
f2575681-ad0f-4e62-bf7b-b9864ef724f1.json,Iron Flow Manufacturing + Voxel - Reconnect,2023-10-06T20:00:00Z,nonsafety_use_cases,Link incident logs to camera footage for leader review,Tie incident records to corresponding camera clips and provide periodic digests so leaders can quickly review relevant footage.,1,"being able to, oh, we have this list of incidents, and being able to quickly kind of tie all of those a few camera feeds, right? Like, so look at all of our incidents and then being able to have that digest period of, you know, here's all the footage of those incidents based on the point in time that they were recorded or reported, and finding that would be something that our leaders would probably want as well, so.",True,False,Video Footage Retrieval,False,False,5,4,,False,4.5
a1cd5278-e378-441c-a467-aeb78a5b4432.json,Union Track Dynamics / Voxel Monthly Sync,2023-11-12T16:00:00Z,safety_use_cases,No-pedestrian zone and PIT-to-person proximity around barrier pole/outfeed/battery area,Add a camera and scope a no-pedestrian zone and/or PIT-to-person proximity to prevent pedestrians entering the area where a barrier pole is being struck and caused an injury.,7,"What I was talking about, Casey, was trying to put a camera by either door 28C, the outfeed pallets, and or the right in front of the battery changers for the poll and stuff. | We an uptick of people going into a certain area and hitting a kind of a barrier pole. | I guess the last time that person hit the barrier pole, one of the magnets got stuck to the truck and was kind of swinging around and kind of hit somebody in the face. | So it looks like maybe a no-pedestrian zone or, you know, with the pits in particular, maybe a pit-to-person proximity. | We don't want that at all. | No one, really no one going in there. | That's the pole that keeps getting hit.",True,False,No-Pedestrian Zone Enforcement,False,False,5,5,,False,5.0
a1cd5278-e378-441c-a467-aeb78a5b4432.json,Union Track Dynamics / Voxel Monthly Sync,2023-11-12T16:00:00Z,safety_use_cases,Aisle obstruction and pallet buildup monitoring and remediation,"Monitor and reduce pallet buildup/obstructions in narrow aisles (e.g., Aisle Cluster B/C) using Voxel events and heatmaps, while redirecting traffic and clearing areas to reduce risk.",6,"I like that view that you had there, if you want to show them, because, yeah, because that also shows a buildup of palettes there, and that's something that I would like to, you know, you could get rid of a couple of things with that. | A 20-25% spike. | a lot of the events are happening within the first a few cameras. So Aisle Cluster B, Aisle Cluster C | I can open the heat map just to see where this is happening more specifically. | know 27 is actually pretty packed. | I'm trying to get some of the pallet traffic back into the room that it needs to be in.",True,False,Obstruction and Egress Monitoring,False,False,5,5,,False,5.0
a1cd5278-e378-441c-a467-aeb78a5b4432.json,Union Track Dynamics / Voxel Monthly Sync,2023-11-12T16:00:00Z,safety_use_cases,Working at heights fall protection monitoring (cherry pickers),"Use working-at-heights detections to confirm workers on cherry pickers remain attached, and flag cases to verify they are not unlatching.",4,"Working at Heights, I know that is something that we did recently enable for you guys. | From what I see, no, because a lot of them are capturing the people on the cherry picker, and they're, what do you call it? | They're attached to the truck. | So it's good just to check in and make sure that they're still attached and not unlatching themselves.",True,False,Working at Heights Detection,False,False,5,5,,False,5.0
a1cd5278-e378-441c-a467-aeb78a5b4432.json,Union Track Dynamics / Voxel Monthly Sync,2023-11-12T16:00:00Z,safety_use_cases,High-visibility safety vest compliance monitoring,Track and correct safety vest compliance; a spike traced to one new worker without a vest dropped after providing a vest.,6,"Specifically, overreaching, down 5-10%, safety vests, 90-100%. | it looks like safety vests are the biggest concern here in terms of volume. | That's just one guy. | He was up there without a vest, and we took a while to get him one. | You see, that's the reason why it came down so much, because they finally gave him a vest. | He's not flagging anymore.",True,False,PPE Compliance Monitoring,False,True,5,5,,False,5.0
a1cd5278-e378-441c-a467-aeb78a5b4432.json,Union Track Dynamics / Voxel Monthly Sync,2023-11-12T16:00:00Z,safety_use_cases,"Ergonomic risk monitoring (overreaching, improper bend)","Monitor and reduce ergonomic risks such as overreaching and improper bending, with downward trends and many actions categorized as ergonomics.",4,"You can see completed actions by type. | Looks like for you guys, a lot of it is ergo, which makes sense. | Specifically, overreaching, down 5-10%, | Improper bend, 5-10%.",True,False,Ergonomic Risk Detection,False,False,5,5,,False,5.0
a1cd5278-e378-441c-a467-aeb78a5b4432.json,Union Track Dynamics / Voxel Monthly Sync,2023-11-12T16:00:00Z,nonsafety_use_cases,"Action management workflow with ownership, cross-shift follow-up, timelines, and impact markers","Use Voxel’s actions workflow to assign items to a single owner, enable cross‑shift follow-through, set timelines, and automatically place markers to measure impact on incident trends.",6,"you kind of can assign it to one single person so they can do it rather than a group. | if someone's off, you know, the other ship members can take care of it. They see it, you know, they can follow by, follow through, follow up. | I like the create a timeline for it. | what happens is when an action is completed and it follows a specific, you know, next step, like retrain, you know, part of the team or implement it. | There's a marker that's placed. | Based on this afterwards, how has this impacted the trends for the business and for that particular site?",True,False,Action Tracking and Accountability,False,False,5,3,"Bucketed as 'nonsafety_use_cases' but the workflow describes tracking incident trends and safety-related retraining, which are core safety functions.",False,4.0
a1cd5278-e378-441c-a467-aeb78a5b4432.json,Union Track Dynamics / Voxel Monthly Sync,2023-11-12T16:00:00Z,nonsafety_use_cases,Site report and heatmap analytics to find hotspots by camera/time and track outcomes,"Leverage the site report to view 30‑day incident trends, drill into specific cameras, use heatmaps to locate hotspots, see hot times, and add markers to track post‑action outcomes.",6,"So this automatically takes a 30-day view for the previous month. | You can see completed actions by type. | A 20-25% spike. | a lot of the events are happening within the first a few cameras. So Aisle Cluster B, Aisle Cluster C | I can open the heat map just to see where this is happening more specifically. | And it looks like, you know, typically Thursdays around 8 p.m.. Central are your hot days",True,False,Heatmap Analytics,False,False,5,3,Bucketed as 'nonsafety_use_cases' but the description involves incident trends and event tracking which could be safety-related; unclear if this is truly non-safety analytics.,False,4.0
a1cd5278-e378-441c-a467-aeb78a5b4432.json,Union Track Dynamics / Voxel Monthly Sync,2023-11-12T16:00:00Z,nonsafety_use_cases,Aisle obstruction and pallet buildup monitoring to improve pallet flow,Use detections and analytics to identify pallet buildup in Room 27 and redirect pallet traffic to the correct room to alleviate congestion.,3,"that also shows a buildup of palettes there, and that's something that I would like to, you know, you could get rid of a couple of things with that. | know 27 is actually pretty packed. | I'm trying to get some of the pallet traffic back into the room that it needs to be in.",True,False,Traffic Flow and Congestion,False,False,4,3,Label overly specific mentioning 'Room 27' and suggests using detections/analytics when evidence only confirms monitoring pallet buildup; bucketing as 'nonsafety' may be incorrect since aisle obstruction is typically a safety concern,False,3.5
8a7ff309-11af-4250-ab87-4b2cf88b0f52.json,(ext) Oak Motive Solutions | Voxel Sync,2022-01-16T20:30:00Z,safety_use_cases,Early fire-related issue detection in mills,Deploy monitoring to spot early signs of fire-related issues in higher-risk areas and help protect the workforce.,5,"I believe the first use case we discussed was monitoring to detect early signs of a fire-related issue. | That type of detection was the key thing I went searching for. | Oak Motive Solutions lost REDACTED dollars in that fire and we probably lost a, you know, nobody was injured, but we probably lost 200 of the 240 employees we had over the a couple of years of rebuild just because we're paying them, you know, 40, several hours a week and they couldn't make it on several hours a week. | I can point you to a handful of locations where this could materially reduce fire risk. | Anything that's new to me makes me a little uneasy from a safety standpoint.",True,False,Fire Detection in Mills,False,False,5,5,,False,5.0
8a7ff309-11af-4250-ab87-4b2cf88b0f52.json,(ext) Oak Motive Solutions | Voxel Sync,2022-01-16T20:30:00Z,safety_use_cases,Equipment issue monitoring,Use monitoring to detect equipment issues for early intervention and to reduce costly equipment failures.,3,"On the other side, Matt mentioned recurring equipment issues and that there is a meaningful operational use case there because some parts have to be replaced repeatedly. | They set up extra monitoring there, and it helps them see when parts may need attention before it becomes a bigger problem, but it is not fully automated today. | And the planars now are such high speed that we're just spitting lumber through them.",True,False,Equipment Condition Monitoring,False,False,5,5,,False,5.0
8a7ff309-11af-4250-ab87-4b2cf88b0f52.json,(ext) Oak Motive Solutions | Voxel Sync,2022-01-16T20:30:00Z,nonsafety_use_cases,Early fire-related issue detection in mills,Deploy monitoring to spot early signs of fire-related issues in higher-risk areas and help protect the workforce.,5,"I believe the first use case we discussed was monitoring to detect early signs of a fire-related issue. | That type of detection was the key thing I went searching for. | Oak Motive Solutions lost REDACTED dollars in that fire and we probably lost a, you know, nobody was injured, but we probably lost 100 of the 140 employees we had over the a couple of years of rebuild just because we're paying them, you know, 40, several hours a week and they couldn't make it on several hours a week. | I can point you to a handful of locations where this could materially reduce fire risk. | Anything that's new to me makes me a little uneasy from a safety standpoint.",True,False,Fire Detection in Mills,False,False,5,2,"Use case is clearly about fire safety/detection which should be categorized as a safety use case, not 'nonsafety_use_cases'.",False,3.5
8a7ff309-11af-4250-ab87-4b2cf88b0f52.json,(ext) Oak Motive Solutions | Voxel Sync,2022-01-16T20:30:00Z,nonsafety_use_cases,Equipment issue monitoring,Use monitoring to detect equipment issues for early intervention and to reduce costly equipment failures.,3,"On the other side, Matt mentioned recurring equipment issues and that there is a meaningful operational use case there because some parts have to be replaced repeatedly. | They set up extra monitoring there, and it helps them see when parts may need attention before it becomes a bigger problem, but it is not fully automated today. | And the planars now are such high speed that we're just spitting lumber through them.",True,False,Equipment Condition Monitoring,False,False,5,4,,False,4.5
8a7ff309-11af-4250-ab87-4b2cf88b0f52.json,(ext) Oak Motive Solutions | Voxel Sync,2022-01-16T20:30:00Z,nonsafety_use_cases,Product condition monitoring,Flag when product is left out too long or in the wrong place so it does not go to waste.,3,"And we already put together a quick demonstration around product getting left out too long, because a customer asked us about it. | In that case, product was getting left out and going bad, which created a real loss for them. | We're talking to some customers in that space.",True,False,Product Damage and Shrink Reduction,False,False,5,4,,False,4.5
2fb0bc4b-0c18-4eae-8ff8-988e11af0d41.json,Quarry Span Solutions VOXEL AI PARTNERSHIP,2024-07-15T16:00:00Z,safety_use_cases,Slip and spill hazard detection with near-real-time alerts,"Detect liquid or produce spills on sales floors and alert teams quickly, including accountability when employees pass hazards without acting.",4,"Let's say for a grocery store, could think about like liquid spills or any kind of like spill on the ground that could be a slipship and fall hazard, | Let's say there was a spill on the floor and employees walking by it, right, not doing anything about it, right? We would like to know that, right? | Lastly, for spills, we can do liquid spills, but also we're happy to explore, like, produce spills for you guys, | It's like, it'll be like a few minutes max. So like, it's near real time.",True,False,Spill Detection and Monitoring,False,False,5,5,,False,5.0
2fb0bc4b-0c18-4eae-8ff8-988e11af0d41.json,Quarry Span Solutions VOXEL AI PARTNERSHIP,2024-07-15T16:00:00Z,safety_use_cases,Employee ergonomics monitoring (improper bending and overreaching),"Monitor for improper lifting/bending and overreaching while stocking, and surface hotspots to reduce musculoskeletal injuries.",3,"we can do things like ergonomics around proper lifting or overreaching. | So essentially, for ergonomics, we can do two types. Improper bending, so when they're bending their back beyond 60 degrees, they'll lift something off the ground, perhaps, or overreaching with, reaching over their shoulder height. | So overreaching, right, while stocking, not using a proper steps tool, standing on a milk crate, things of that nature, right?",True,False,Ergonomic Risk Detection,False,False,5,5,,False,5.0
2fb0bc4b-0c18-4eae-8ff8-988e11af0d41.json,Quarry Span Solutions VOXEL AI PARTNERSHIP,2024-07-15T16:00:00Z,safety_use_cases,"PPE compliance in kitchens/deli/meat (gloves, hairnets, cut-resistant/mesh gloves)","Detect PPE compliance such as gloves, hairnets, and cut‑resistant or mesh gloves during food prep, slicing, and knife use.",3,"In your kitchen areas or in the deli, we can do PPE. So if you would be wearing gloves or hairnets, | service deli, whenever team members are using a knife, cut-resistant gloves should be on, cleaning or handling slicers, cut-resistant gloves should be on, produce department right now, we're rolling out a brand new program, we're cutting fruit at straw level, same thing back there. | Of course, in the meat department, all day long they use knives, mesh gloves, all that, right?",True,False,PPE Compliance Monitoring,False,True,5,5,,False,5.0
2fb0bc4b-0c18-4eae-8ff8-988e11af0d41.json,Quarry Span Solutions VOXEL AI PARTNERSHIP,2024-07-15T16:00:00Z,safety_use_cases,Obstruction monitoring for blocked egress and eyewash stations,Detect and alert on blocked exits/egress paths and eyewash stations to maintain safe access and compliance.,3,"Obstructions. So this would be like blocked egresses in the back of the store, anywhere you don't want something or an object to be. | I always think the word food safety is to think of any kind of food safety type of violations within the facility, doors being left open, eyewash station blocked, those type of things. | In terms of obstructions, in terms of blocked exits, egress areas, eyewash stations, whatever it might be.",True,False,Obstruction and Egress Monitoring,False,False,5,5,,False,5.0
2fb0bc4b-0c18-4eae-8ff8-988e11af0d41.json,Quarry Span Solutions VOXEL AI PARTNERSHIP,2024-07-15T16:00:00Z,safety_use_cases,Forklift/pallet jack and pedestrian safety in back rooms,Monitor PIT behaviors such as stopping at intersections and pedestrian proximity in back rooms to reduce collision risks.,3,"We do like vehicle safety, so forklift safety. | we can do stop at the intersections, forklift and remissives, and things of that nature. | Back rooms, we have pallet jacks, we have forklifts running around. So definitely want it there.",True,False,PIT-Pedestrian Proximity Monitoring,False,False,5,5,,False,5.0
2fb0bc4b-0c18-4eae-8ff8-988e11af0d41.json,Quarry Span Solutions VOXEL AI PARTNERSHIP,2024-07-15T16:00:00Z,safety_use_cases,No‑pedestrian zone enforcement (blended safety and security),"Use virtual no‑pedestrian zones to keep people out of hazardous areas (e.g., around rollers) and control presence by location/time as needed.",3,"No pedestrian zone. This could be used for safety or security. | From a safety perspective here, you're going to see this area right here where the rollers are, and they don't want anyone in the roller area. | Think about your loading docks, your back of buildings, some of those areas where you could potentially have loitering as an issue. You could have some shrink, et cetera.",True,False,No-Pedestrian Zone Enforcement,False,False,5,5,,False,5.0
2fb0bc4b-0c18-4eae-8ff8-988e11af0d41.json,Quarry Span Solutions VOXEL AI PARTNERSHIP,2024-07-15T16:00:00Z,safety_use_cases,Employee vs. customer distinction via uniform for safety accountability,"Differentiate employees from customers using apron/uniform to target safety rules and accountability (e.g., ensure employees address spills and follow ergonomic practices).",3,"How would you distinguish between employees and customers? | All employees working on the sales floor would be wearing the same art apron, right? Would that be enough to distinguish? | Let's say there was a spill on the floor and employees walking by it, right, not doing anything about it, right? We would like to know that, right?",True,False,Employee vs Customer Distinction,False,False,5,5,,False,5.0
2fb0bc4b-0c18-4eae-8ff8-988e11af0d41.json,Quarry Span Solutions VOXEL AI PARTNERSHIP,2024-07-15T16:00:00Z,nonsafety_use_cases,No‑pedestrian zone and after‑hours presence monitoring for LP/security,"Use no‑pedestrian zones and time‑based rules to detect unauthorized presence, loitering, and potential shrink in areas like registers, docks, back rooms, and after hours.",3,"No pedestrian zone. This could be used for safety or security. | From a safety perspective here, you're going to see this area right here where the rollers are, and they don't want anyone in the roller area. | Think about your loading docks, your back of buildings, some of those areas where you could potentially have loitering as an issue. You could have some shrink, et cetera.",True,False,Restricted Area and Access Control,False,False,5,3,"Label is long and combines multiple distinct use cases (no-pedestrian zones, after-hours monitoring, shrink detection) that could be separated for clarity.",False,4.0
2fb0bc4b-0c18-4eae-8ff8-988e11af0d41.json,Quarry Span Solutions VOXEL AI PARTNERSHIP,2024-07-15T16:00:00Z,nonsafety_use_cases,Restricted access behind registers and counters using rules/uniforms,"Detect non‑employees in restricted zones (e.g., registers, behind counters) using area/time rules and uniform detection to reduce internal theft.",3,"registers? Nobody should be in the registers if you're not an employee, that kind of thing. Behind the counters. Would that be part of this, where you can set up just places and times maybe? | So the rule that I would think about is like, if someone's not wearing an apron, this is a no-pedestrian zone. | We've got a lot of employee theft for just, you know, you're sweeping the broom and the cash is laid out, right?",True,False,Restricted Area and Access Control,False,False,5,4,,False,4.5
2fb0bc4b-0c18-4eae-8ff8-988e11af0d41.json,Quarry Span Solutions VOXEL AI PARTNERSHIP,2024-07-15T16:00:00Z,nonsafety_use_cases,Open cooler/freezer door monitoring for energy/product protection,Detect walk‑in cooler/freezer doors left open to reduce energy waste and protect product quality.,2,"And lastly, can do things around, like, open doors. We've launched this in Brian's facility at AmeriCold in Modesto way back when to help with, like, making sure freezer doors weren't being left open. | say this was a walk-in cooler and the doors were left open, that would be something you guys would also do, right? For energy or those types of things, right?",True,False,Door Duration Monitoring,False,False,5,4,,False,4.5
2fb0bc4b-0c18-4eae-8ff8-988e11af0d41.json,Quarry Span Solutions VOXEL AI PARTNERSHIP,2024-07-15T16:00:00Z,nonsafety_use_cases,Customer service area staffing monitoring,Ensure the customer service area is attended by flagging durations where it is left unattended beyond a set threshold.,1,"you can also make sure that people are where you want them to be. Like, for instance, if you always wanted to make sure that the customer service area always had somebody there, you know, but no more than a few minutes where maybe it's unattended",True,False,Customer Service Monitoring,False,False,5,5,,False,5.0
2fb0bc4b-0c18-4eae-8ff8-988e11af0d41.json,Quarry Span Solutions VOXEL AI PARTNERSHIP,2024-07-15T16:00:00Z,nonsafety_use_cases,Use Voxel videos in training and explore LMS (Cornerstone) integration,Leverage detected clips for new‑employee training and explore integration with Cornerstone to track training assignments and completion.,3,"We use a learning management system called Cornerstone. Can this be tied into Cornerstone so we can keep track of training whenever we assign training? Is that a possibility? | New decks or presentations, they have like videos from Voxel, they use that for new employee training. | So you can use our videos for training, but the main purpose is like real-time risk detection and prevention.",True,False,Training and LMS Integration,False,False,5,5,,False,5.0
2fb0bc4b-0c18-4eae-8ff8-988e11af0d41.json,Quarry Span Solutions VOXEL AI PARTNERSHIP,2024-07-15T16:00:00Z,nonsafety_use_cases,"Safety performance analytics, gamification, and automated reporting","Use dashboards and weekly CSV exports to track trends, support store‑to‑store competition, and report improvements to leadership.",4,"What do you guys see as a ROI as far as getting better, right? So do we use this as a store competition or a warehouse competition? Like, hey, guys, the store down the road is kicking your butt. | Gamification definitely works. Make it fun. | we just set that up with you on like a pushable CSV file. So you say like, hey, I want that every Tuesday morning and it just gets pushed out to you. | That way we would see our weekly stats and have to not go in there. And if we needed them for, you know, the CEO or something, we could export it and say, hey, here's all your accidents in the beginning. Here's what we've done and here's how it's decreased.",True,False,Safety Analytics and Reporting,False,False,5,3,"Label should be categorized as 'safety_use_cases' since tracking accidents, safety improvements, and safety performance metrics are core safety functions, not non-safety use cases.",False,4.0
4a8eec15-4283-4c69-aac7-42e507b8c061.json,Ridge Stack Industrial/Voxel pilot deliverables,2022-07-03T14:00:00Z,safety_use_cases,Forklift–pedestrian proximity and walkway compliance monitoring,"Detect and prioritize interactions between powered industrial trucks and pedestrians, including near misses and pedestrians not using designated walkways.",3,"Our big data points are anything to do around forklift operation and pedestrians, right? | You know, just pedestrian and forklift near misses, you know, pedestrians not using walkways if we do have them in the building, so there's a little bit there. | you know, a lot of times if somebody walked in front of a forklift and there was no sort of safety risk to it because the forklift wasn't operating, it would still show as a potential at-risk behavior just because of the proximity of the individual to the forklifts.",True,False,PIT-Pedestrian Proximity Monitoring,False,False,5,5,,False,5.0
4a8eec15-4283-4c69-aac7-42e507b8c061.json,Ridge Stack Industrial/Voxel pilot deliverables,2022-07-03T14:00:00Z,safety_use_cases,Working at heights on ULDs detection,"Identify workers climbing onto ULDs or cargo stacks and performing tasks at height without ladders or platforms, despite variable pallet locations.",4,"One of our big concerns is a lot of times these guys don't want to use ladders, right? | So they just climb on top of these ULD, these unit load devices with all this cargo, and they throw cargo from the top down to the guys and eventually gets low enough and everybody operates from the ground. | So because we couldn't always put the ULDs in the same place, we just never could pick up people standing at, working at heights inappropriately. | and working at heights, big one for us just because of falls leading to pretty catastrophic events.",True,False,Working at Heights Detection,False,False,5,5,,False,5.0
4a8eec15-4283-4c69-aac7-42e507b8c061.json,Ridge Stack Industrial/Voxel pilot deliverables,2022-07-03T14:00:00Z,safety_use_cases,Forklift seatbelt compliance,"Monitor forklift operators for seatbelt usage, which prior systems struggled to detect.",2,"like seatbelt compliance. I know that was a difficult one for them to be able to do, so we kind of just put it in a side bucket until a later time. | like seat belts, driving with obstructive views, those are a few that are super prominent use cases we hear from customers, but aren't bespoke models that we have today.",True,False,Forklift Seatbelt Compliance,False,False,5,5,,False,5.0
4a8eec15-4283-4c69-aac7-42e507b8c061.json,Ridge Stack Industrial/Voxel pilot deliverables,2022-07-03T14:00:00Z,safety_use_cases,PPE vest compliance monitoring,"Use cameras to flag non-compliant PPE, especially missing high-visibility vests.",1,"any time you can pick up any non-compliant PPE, and mainly with the cameras, that involves vests. We would like that, although most of the time when people don't have vests in the facility, they're usually some sort of federal agency, right, that doesn't have to follow the rules.",True,False,PPE Compliance Monitoring,False,True,5,4,,False,4.5
4a8eec15-4283-4c69-aac7-42e507b8c061.json,Ridge Stack Industrial/Voxel pilot deliverables,2022-07-03T14:00:00Z,safety_use_cases,Obstructed-view driving detection,Detect forklifts driving forward with obstructed views to prevent severe incidents.,4,"And then a lot of times, you know, driving forward with an obstructed view, that was another one ProTex struggled with. | we have a recent incident that involved someone driving forward with an obstructed view. | To your point, obstructed view. | Like, pallet blocking the view.",True,False,Unsafe Forklift Load Handling,False,False,5,5,,False,5.0
4a8eec15-4283-4c69-aac7-42e507b8c061.json,Ridge Stack Industrial/Voxel pilot deliverables,2022-07-03T14:00:00Z,safety_use_cases,Operator not looking in direction of travel detection,Identify when operators are not looking in the direction of travel.,1,"Not looking in the direction of travel. I know that's a tough one, especially if the cameras aren't close, but that's another one we keep trying to pick up as well.",True,False,Unsafe Forklift Load Handling,False,False,5,5,,False,5.0
4a8eec15-4283-4c69-aac7-42e507b8c061.json,Ridge Stack Industrial/Voxel pilot deliverables,2022-07-03T14:00:00Z,safety_use_cases,Loading dock driver confinement monitoring,Alert when truck drivers at loading docks leave the designated waiting area or wander off.,1,we're trying really hard to get the drivers of these trucks to cooperate and stand in one area and not venture off or wander off. And it's been an issue. So if we could kind of almost pick up those alerts.,True,False,Dock Safety Monitoring,False,False,5,5,,False,5.0
4a8eec15-4283-4c69-aac7-42e507b8c061.json,Ridge Stack Industrial/Voxel pilot deliverables,2022-07-03T14:00:00Z,safety_use_cases,ULD handling pinch point risk detection,Detect pinch point risks during ULD handling if feasible with cameras.,1,"ULD handling as far as, you know, pitch points and stuff like that is not something typically we can pick up with a camera.",True,False,Pinch Point and Caught-In Hazards,False,False,2,3,"Evidence actually states this is NOT something they can pick up with cameras, contradicting the use case as a feasible detection scenario",False,2.5
4a8eec15-4283-4c69-aac7-42e507b8c061.json,Ridge Stack Industrial/Voxel pilot deliverables,2022-07-03T14:00:00Z,safety_use_cases,Dolly brake/tongue position compliance,Monitor that dolly tongues are raised and brakes are set to prevent runaway units.,1,"Dollies have to be up. Dolly tongues have to be up for brakes to be set. So, we don't have runaway units, different things like that.",True,False,Dolly and Equipment Safety,False,False,5,5,,False,5.0
4a8eec15-4283-4c69-aac7-42e507b8c061.json,Ridge Stack Industrial/Voxel pilot deliverables,2022-07-03T14:00:00Z,safety_use_cases,Intersection stop compliance and PIT-to-PIT near-miss detection,Flag forklift failures to stop at doors/intersections and detect near misses between forklifts.,3,"no-stop-at-intersection video. | So he doesn't stop at the door, which caused him to hit the door. | And forklift to forklift near-miss.",True,False,Intersection stop compliance and PIT-to-PIT near-miss detection,False,False,5,5,,False,5.0
4a8eec15-4283-4c69-aac7-42e507b8c061.json,Ridge Stack Industrial/Voxel pilot deliverables,2022-07-03T14:00:00Z,nonsafety_use_cases,Integration with incident-management and reporting systems,Integrate with an incident-management system to create events from selected alerts and feed data into a reporting system so leaders can review without logging into Voxel.,8,"We use an external system to manage incident workflows. | And then that system feeds our reporting layer. | Can you work with that external system to manage this automatically? | So alert, it then automatically create an event in our incident management system in which we then will reconcile with a corrective action and documented response. | And if you have data that could feed directly into our reporting layer to give us heat maps and similar outputs, that would be helpful too, because then leadership would not need to log into Voxel directly. | can I click on something in the Voxel system, and then it automatically creates an alert for me, or an event for me in our incident management system. | They have already invested significantly in their existing reporting setup. | So they're going to want us to manage everything through there.",True,False,System Integration and Data Export,False,False,5,4,,False,4.5
4a8eec15-4283-4c69-aac7-42e507b8c061.json,Ridge Stack Industrial/Voxel pilot deliverables,2022-07-03T14:00:00Z,nonsafety_use_cases,Role‑based boards and dashboard customization for MODs,"Provide curated dashboards and boards mapped to manager roles, shifts, and relevant cameras to streamline daily review and coaching.",5,"I'm pretty sure, you know, if we request a certain type of dashboard, you guys could deliver it. | we do that through a functionality within the platform with multiple dashboards, but the one that I think the MODs are going to interface with most is going to be called what we call boards. | map the various MODs and understand not only what shift they cover and then also what camera purviews might be relevant to them and which ones may not be so that we can create boards and subscribe them to those boards | and it's only going to show them a set number of clips, at least that they're at the board level, at that, like when they just log in, they're going to see five things they can work on | the board's concept is nice.",True,False,Dashboard and UI Customization,False,False,5,4,,False,4.5
4a8eec15-4283-4c69-aac7-42e507b8c061.json,Ridge Stack Industrial/Voxel pilot deliverables,2022-07-03T14:00:00Z,nonsafety_use_cases,Responsive customer support and troubleshooting,"Due to lean staffing, Ridge Stack Industrial needs timely access to customer support to answer questions and troubleshoot.",2,"Ridge Stack Industrial, and I'm sure you kind of noticed it from the IT setup, we are as lean as lean can be, right? | So a big help to us is just that customer support and being able to reach somebody to answer our questions and troubleshoot just because we're all trying to do two jobs and it would definitely help us to have that.",True,False,Customer Support and Partnership,True,False,5,5,,False,5.0
4a8eec15-4283-4c69-aac7-42e507b8c061.json,Ridge Stack Industrial/Voxel pilot deliverables,2022-07-03T14:00:00Z,nonsafety_use_cases,High‑accuracy alerting and broad hazard detection coverage,Achieve high accuracy with minimal false positives and detect a wide range of at‑risk behaviors so managers don’t waste time vetting alerts.,6,"His big thing always with these automated systems is just accuracy, right? | Accuracy of reporting, you know, the whole point is to work smarter, not harder. | you know, a lot of times if somebody walked in front of a forklift and there was no sort of safety risk to it because the forklift wasn't operating, it would still show as a potential at-risk behavior just because of the proximity of the individual to the forklifts. | So the two, to get to my original point, the two things is the accuracy of the alerts and the amount of at-risk behaviors you can act, you can, the system can pick up. | we threw a couple of made-up metrics there as far as TPR and FPR, but I mean, we'll figure out the best way to track that. | the less time we have to spend telling you guys this is actually not an issue, you know, the more you will, you know, the more in your favor, right?",True,False,Hazard Detection and Alerting,False,False,5,2,"Label is clearly about safety use cases (reducing false positives in forklift safety alerts, detecting at-risk behaviors) but incorrectly bucketed as 'nonsafety_use_cases'.",False,3.5
4a8eec15-4283-4c69-aac7-42e507b8c061.json,Ridge Stack Industrial/Voxel pilot deliverables,2022-07-03T14:00:00Z,nonsafety_use_cases,Action workflow and accountability tracking,"Establish a workflow to assign alerts to MOD/AGM/GM, conduct coaching vs. HR interventions, and report on ownership and timeliness of resolutions.",6,"my goal here is to have them have equal amounts of time blocked off in order to address alerts, right? | have the employees who are involved in the alerts at a controlled setting in order to review the video that Voxel provides. | at certain severities, it's going to need to be documented and HR needs to get involved. At other ones, it's more coaching opportunities and mentoring opportunities | we have the ability to not only assign an action or an event or resolution of that event to an individual, but then also add subscribers to it. | I'm going to want that because I'm assuming that'll create some sort of report of who's dealing with what through Voxel, right? | what's the timeliness of a resolution?",True,False,Action Tracking and Accountability,False,False,5,4,,False,4.5
20a3a151-a51a-48ed-b23d-203409be2306.json,West Drive Fabrication / Voxel:  West Drive Fabrication kickoff,2022-01-31T15:00:00Z,safety_use_cases,PIT–pedestrian interaction monitoring,"Detect and quantify close interactions between forklifts/tuggers and pedestrians across the facility, starting with high-severity areas like shipping/receiving and congested aisles.",3,"looking at something specifically like pedestrian PIV interaction, which has a higher severity, would allow us to become familiar with the system while, you know, learning the data coming through and what we do with it and how we can manage it, right? | there's lots of low-hanging fruit out there in terms of speed and pedestrian interaction and vehicles in places they shouldn't be and how we control some things like that that are relatively straightforward that will keep us pretty busy in the near term, I think. | Those shipping and receiving staging areas tend to be a high traffic area for pit-to-ped interaction.",False,False,PIT-Pedestrian Proximity Monitoring,False,False,5,4,"Label uses 'PIT' acronym without definition, though context makes meaning clear; 'pedestrian interaction monitoring' slightly redundant phrasing",False,4.5
20a3a151-a51a-48ed-b23d-203409be2306.json,West Drive Fabrication / Voxel:  West Drive Fabrication kickoff,2022-01-31T15:00:00Z,safety_use_cases,"No-pedestrian zone enforcement (ramps, robot cells)",Monitor and alert on pedestrians entering designated no-walk zones such as the shipping ramp and around robot cells.,3,"right here, so this right here, just so you know, would be a no pedestrian. We have signs up and such that there's no pedestrian traffic to be going up and down this ramp. | We'll put no pet in by the robots just to see how often people have to go in there, fix it. | coming out of the onsite, PIT to pit, ergonomics, no-ped zone, as Jules just indicated, obstructions.",False,False,No-Pedestrian Zone Enforcement,False,False,5,5,,False,5.0
20a3a151-a51a-48ed-b23d-203409be2306.json,West Drive Fabrication / Voxel:  West Drive Fabrication kickoff,2022-01-31T15:00:00Z,safety_use_cases,PIT–PIT interaction monitoring,"Identify and flag risky interactions between forklifts, such as unsafe passing or close approaches, to reduce collision risk.",2,"coming out of the onsite, PIT to pit, ergonomics, no-ped zone, as Jules just indicated, obstructions. | you had a very good example of pit-to-pit where the guy wanted to pass the other guy when he had a full load going in reverse. That would have been an incident that flagged, right?",False,False,PIT-to-PIT Proximity Monitoring,False,False,5,5,,False,5.0
20a3a151-a51a-48ed-b23d-203409be2306.json,West Drive Fabrication / Voxel:  West Drive Fabrication kickoff,2022-01-31T15:00:00Z,safety_use_cases,Intersection and end-of-aisle stop compliance,"Configure zones at crossings and aisle ends to monitor complete stops, horn use, and general right-of-way compliance.",2,"Let's draw the zones for no stop and end of aisle. | They should be stopping, slowing, honking their horns.",False,False,Intersection and end-of-aisle stop compliance,False,False,5,5,,False,5.0
20a3a151-a51a-48ed-b23d-203409be2306.json,West Drive Fabrication / Voxel:  West Drive Fabrication kickoff,2022-01-31T15:00:00Z,safety_use_cases,PPE compliance (high-visibility apparel),"Detect whether pedestrians in high-risk areas are wearing required high-visibility PPE (e.g., safety yellow vests).",2,"There could be a rare reason where they're back there, and if they are back there, they should have safety yellow on, but... | Let's make sure that we understand where PPE should be highlighted.",False,False,PPE Compliance Monitoring,False,True,5,5,,False,5.0
20a3a151-a51a-48ed-b23d-203409be2306.json,West Drive Fabrication / Voxel:  West Drive Fabrication kickoff,2022-01-31T15:00:00Z,safety_use_cases,"Unsafe forklift load handling (split forking, bulldozing, high loads)","Monitor for and surface unsafe forklift load-handling behaviors such as split forking, pushing/bulldozing loads, and carrying excessively high stacks.",3,"the PIVs and the amount of containers that they're moving at any given time, whether they're split forking or, you know, excessively high may be another angle to look at. | you're going to see bulldozing, and the reason that's why I want to use the dock, and maybe your maintenance team, do they get a little ticked off when people park on your dock levelers? | Should he be pushing it like that, though?",False,False,Unsafe Forklift Load Handling,False,False,5,5,,False,5.0
20a3a151-a51a-48ed-b23d-203409be2306.json,West Drive Fabrication / Voxel:  West Drive Fabrication kickoff,2022-01-31T15:00:00Z,safety_use_cases,"Obstructions, blocked walking paths, and unauthorized parking","Detect blocked walkways forcing pedestrians into drive aisles, forklifts parked in drive aisles, and housekeeping issues that elevate risk.",3,"we'd want to know if it's a blocked walking path forcing users into the pedestrian lane. | do you have pits that park there that cause, you know, pit parked in a dry vial, those type of things? | There's an OSA violation right there in the middle of the screen. You got that leaning pallet.",False,False,Obstruction and Egress Monitoring,False,False,5,4,,False,4.5
20a3a151-a51a-48ed-b23d-203409be2306.json,West Drive Fabrication / Voxel:  West Drive Fabrication kickoff,2022-01-31T15:00:00Z,safety_use_cases,Ergonomics risk detection at presses/workstations,Use available camera views (with full-body blurring as needed) to observe ergonomic risks for associates at presses and other workstations.,3,"from an ergonomic standpoint, I don't think we're going to get much in that way because the union wouldn't allow us to put cameras that show anyone working. | We do have the option to do full-body blurring. | This would be one exception... one of our press machines that would show the two individuals here and here actually working where we might be able to get some ergonomics.",False,False,Ergonomic Risk Detection,False,False,5,5,,False,5.0
20a3a151-a51a-48ed-b23d-203409be2306.json,West Drive Fabrication / Voxel:  West Drive Fabrication kickoff,2022-01-31T15:00:00Z,safety_use_cases,Working at heights on trailers (flatbed unloading),Detect personnel working at elevation on trailer beds during steel receiving/unloading to address fall hazards.,1,"the guy on the trailer bed right there, I mean, it's an easy, you know, we could put working at heights.",False,False,Working at Heights Detection,False,False,4,5,,False,4.5
20a3a151-a51a-48ed-b23d-203409be2306.json,West Drive Fabrication / Voxel:  West Drive Fabrication kickoff,2022-01-31T15:00:00Z,safety_use_cases,Suspended load/overhead crane safety (indoor future scope),Monitor proximity to moving suspended loads from overhead cranes; noted as currently supported outdoors and requiring indoor training for future enablement.,2,"Do you have the capability, at least, you know, out of the gate to look at, like, proximity to objects, like dyes specifically, when they're in motion, like a dye on a crane? | overhead and suspended load right now, from a use case standpoint, is outdoor only. It's raw material usage. It would have to be trained from an indoor standpoint.",False,False,Suspended Load Hazard Detection,False,False,5,5,,False,5.0
20a3a151-a51a-48ed-b23d-203409be2306.json,West Drive Fabrication / Voxel:  West Drive Fabrication kickoff,2022-01-31T15:00:00Z,safety_use_cases,Risk heat maps and safety analytics,"Generate AI-driven heat maps to visualize where incidents cluster, identify concentrated risk areas, and inform layout and operational changes for mitigation.",1,"It's an AI-driven heat map. So these are the types of visuals that we're going to help teams understand where your incidents are clustering, what are those concentrated areas of risk, and really be able to enable that data-informed decision about layout, about operations, and ultimately risk mitigation.",False,False,Safety Heatmaps and Hotspot Analysis,False,False,5,5,,False,5.0
20a3a151-a51a-48ed-b23d-203409be2306.json,West Drive Fabrication / Voxel:  West Drive Fabrication kickoff,2022-01-31T15:00:00Z,safety_use_cases,Forklift driving behavior compliance (speed and restricted areas),Track forklift driving behaviors such as speed and entry into areas where vehicles should not be present.,1,there's lots of low-hanging fruit out there in terms of speed and pedestrian interaction and vehicles in places they shouldn't be and how we control some things like that,False,False,Forklift Speed Monitoring,False,False,4,4,,False,4.0
fc07344d-07f9-44b8-9cd2-5df1719a946d.json,"Voxel Training- Summit Span Solutions, Northpoint Site",2024-06-10T17:00:00Z,safety_use_cases,PIT stop compliance at door intersections,Detect and review no-stop-at-the-door intersection events and use suggested actions to train or retrain operators on stopping requirements.,3,"It looks like this incident's a no-stop-at-the-door intersection. | train slash retrain team on stopping requirements. | we're going to capture things like ergonomic risk, pit-related safety, pedestrian prohibited zones to make sure that people are out of areas that they shouldn't be in,",True,False,Intersection Stop Compliance,False,False,5,4,,False,4.5
fc07344d-07f9-44b8-9cd2-5df1719a946d.json,"Voxel Training- Summit Span Solutions, Northpoint Site",2024-06-10T17:00:00Z,safety_use_cases,No-pedestrian zone enforcement,Monitor and reduce pedestrians entering prohibited zones and use trends and peak times to focus interventions.,3,"Like if you look at a no-ped zone, no-pedestrian zone, for example, folks are not supposed to be in these designated areas. | You have a high volume of events over the past month, but you're down 60-70% over the past about a month compared to the previous month. | So for you guys, for no-ped zones over the last month, that's been Tuesdays around 10 a.m.. East.",True,False,No-pedestrian zone enforcement,False,False,5,5,,False,5.0
fc07344d-07f9-44b8-9cd2-5df1719a946d.json,"Voxel Training- Summit Span Solutions, Northpoint Site",2024-06-10T17:00:00Z,safety_use_cases,Ergonomic risk and overreaching detection,Identify ergonomic hazards like overreaching captured by Voxel to mitigate strain and injury risks.,2,"we're going to capture things like ergonomic risk, pit-related safety, pedestrian prohibited zones | overreaching, ergonomic risks, obstruction for certain areas, open door duration, parking duration.",True,False,Ergonomic Risk Detection,False,False,5,5,,False,5.0
fc07344d-07f9-44b8-9cd2-5df1719a946d.json,"Voxel Training- Summit Span Solutions, Northpoint Site",2024-06-10T17:00:00Z,safety_use_cases,Obstruction hazard detection in critical areas,Detect obstructions in specific areas to prevent safety hazards and maintain safe operations.,1,"overreaching, ergonomic risks, obstruction for certain areas, open door duration, parking duration.",True,False,Obstruction and Egress Monitoring,False,False,3,3,Evidence mentions obstruction only as one item in a broader list including unrelated ergonomic and timing concerns; label narrows focus to obstructions while ignoring other mentioned use cases.,False,3.0
fc07344d-07f9-44b8-9cd2-5df1719a946d.json,"Voxel Training- Summit Span Solutions, Northpoint Site",2024-06-10T17:00:00Z,safety_use_cases,Safety coaching via Actions workflow,"Create, assign, and track actions with due dates to coach employees on safety incidents through to completion.",3,"go into our Create Actions workflow, and this is the more in-depth coaching platform that I told you we released about a month ago. | We can also associate due dates with actions. So you can essentially make this a time-bound requirement. | Or they can drag and drop it to the completed column if it's, you know, finished and they don't need to do anything further.",True,False,Actions Workflow and Coaching,False,False,5,5,,False,5.0
fc07344d-07f9-44b8-9cd2-5df1719a946d.json,"Voxel Training- Summit Span Solutions, Northpoint Site",2024-06-10T17:00:00Z,safety_use_cases,Safety incident reporting and trend analysis,"Use reports to analyze incident trends by type, camera, and time, track team engagement, and evaluate whether actions reduced incidents.",4,"And the time range defaults to the last full month, so in this case, November 1st to the 22nd. | Who's creating these actions? How many did they create? You know, how quickly do they complete them? The average completion time will be listed. | Incidence by camera, and then a little bit further at the bottom, incidence by time period. | based off of that action, afterwards, you can gauge how effective was my coaching effort on this particular event, basically saying, after I did this, did this reduce the incidents that came in?",True,False,Safety Analytics and Reporting,False,False,5,5,,False,5.0
fc07344d-07f9-44b8-9cd2-5df1719a946d.json,"Voxel Training- Summit Span Solutions, Northpoint Site",2024-06-10T17:00:00Z,safety_use_cases,Safety performance benchmarking and goal tracking,Set safety performance goals and compare ongoing trends against those goals as benchmarking capabilities mature.,1,we are working toward more formal benchmarking capabilities so you can set goals and compare your trends against them over time.,True,False,Safety Analytics and Reporting,False,False,5,5,,False,5.0
fc07344d-07f9-44b8-9cd2-5df1719a946d.json,"Voxel Training- Summit Span Solutions, Northpoint Site",2024-06-10T17:00:00Z,nonsafety_use_cases,Open door duration monitoring,Track open door duration events for operational awareness and process control.,1,"overreaching, ergonomic risks, obstruction for certain areas, open door duration, parking duration.",True,False,Door Duration Monitoring,False,False,5,5,,False,5.0
fc07344d-07f9-44b8-9cd2-5df1719a946d.json,"Voxel Training- Summit Span Solutions, Northpoint Site",2024-06-10T17:00:00Z,nonsafety_use_cases,Parking duration monitoring,Monitor parking duration to support site operations and dwell-time management.,1,"overreaching, ergonomic risks, obstruction for certain areas, open door duration, parking duration.",True,False,PIT Parking Duration Monitoring,False,True,5,5,,False,5.0
fc07344d-07f9-44b8-9cd2-5df1719a946d.json,"Voxel Training- Summit Span Solutions, Northpoint Site",2024-06-10T17:00:00Z,nonsafety_use_cases,Safety incident reporting and trend analysis,"Use reports to analyze incident trends by type, camera, and time, track team engagement, and evaluate whether actions reduced incidents.",4,"And the time range defaults to the last full month, so in this case, November 1st to the 22nd. | Who's creating these actions? How many did they create? You know, how quickly do they complete them? The average completion time will be listed. | Incidence by camera, and then a little bit further at the bottom, incidence by time period. | based off of that action, afterwards, you can gauge how effective was my coaching effort on this particular event, basically saying, after I did this, did this reduce the incidents that came in?",True,False,Safety Analytics and Reporting,False,False,5,2,"This is clearly a safety use case (analyzing safety incidents, coaching on incidents, tracking incident reduction) but is bucketed as 'nonsafety_use_cases'.",False,3.5
fc07344d-07f9-44b8-9cd2-5df1719a946d.json,"Voxel Training- Summit Span Solutions, Northpoint Site",2024-06-10T17:00:00Z,nonsafety_use_cases,Safety performance benchmarking and goal tracking,Set performance goals and compare ongoing trends against those goals as benchmarking capabilities mature.,1,we are working toward more formal benchmarking capabilities so you can set goals and compare your trends against them over time.,True,False,Safety Analytics and Reporting,False,False,5,2,"Label is miscategorized - performance benchmarking and goal tracking for safety trends should be in safety use cases, not nonsafety_use_cases",False,3.5
09b3303f-0b38-49f8-8f9c-4d4f74337e9d.json,Mason Line Supply + Voxel,2023-12-04T18:30:00Z,safety_use_cases,Ergonomic risk detection (improper bending and overreaching),"Detect and score improper bending and overreaching ergonomics to surface risky motions for coaching, using a defined thresholding method.",4,"So I've been looking through it and I've seen the flames. | And first of all, it shows you like improper bend. | You know, it picks out the person who's going to bend improperly or the person who's going to overreach to get a piece of freight. | Okay, so the way that we categorize or determine threshold level on improper bend and overreaching, so our ergonomic use cases, is going to be with the Posture Risk Index scoring method, certain severity levels assigned to that.",False,False,Ergonomic Risk Detection,False,False,5,5,,False,5.0
09b3303f-0b38-49f8-8f9c-4d4f74337e9d.json,Mason Line Supply + Voxel,2023-12-04T18:30:00Z,safety_use_cases,PIT–pedestrian proximity monitoring,"Monitor and flag close interactions between forklifts and pedestrians, including when a stationary person is near a moving PIT and during scanning at dock plates.",6,"When we work, like sometimes we have two people working on a similar trailer. | While the machine is in, uh, is in motion. | so that thing is a little bit, you know, um, I think it's, it must have showing red flags on that for sure. | Now does it flag it if the pit is in motion but the person is standing still? | But in the case of a person, a stationary person in a mobile pit will flag. | What should be happening is the forklift stops on the dock plate and comes with a complete stop, the guy scans it, and then he backs up, and then the forklift goes in.",False,False,PIT-Pedestrian Proximity Monitoring,False,False,5,5,,False,5.0
09b3303f-0b38-49f8-8f9c-4d4f74337e9d.json,Mason Line Supply + Voxel,2023-12-04T18:30:00Z,safety_use_cases,PIT–PIT proximity monitoring,Detect and report close interactions between moving forklifts; identify and reduce PIT-to-PIT proximity incidents.,3,So both pits have to be moving to flag. | So a pit going by a stationary pit will not flag. | pit-to-pit procs down 40-80%.,False,False,PIT-to-PIT Proximity Monitoring,False,False,3,3,"Label says 'moving forklifts' but evidence states both PITs must be moving to flag, which contradicts the broader 'close interactions' claim; description is imprecise about actual detection logic.",False,3.0
09b3303f-0b38-49f8-8f9c-4d4f74337e9d.json,Mason Line Supply + Voxel,2023-12-04T18:30:00Z,safety_use_cases,PIT speeding monitoring,Track and reduce forklift speeding incidents as a safety KPI.,1,"To see a 15-20% reduction across the board is significant, and then you're knocking it out of the park at almost every single category, 40-80% speeding.",False,False,Forklift Speed Monitoring,False,False,3,4,Evidence mentions speeding reduction percentages but lacks explicit confirmation of forklift/PIT context or that this is being tracked as a safety KPI,False,3.5
09b3303f-0b38-49f8-8f9c-4d4f74337e9d.json,Mason Line Supply + Voxel,2023-12-04T18:30:00Z,safety_use_cases,Safety risk hotspot and time-of-day analytics,"Use analytics to uncover systemic patterns of risk by location and time (e.g., hotspots and peak risk windows) to target floor interventions.",4,"It's less about the one-off instance and really more about being able to uncover those systemic patterns of risk. | And so once you're into the platform, being able to dig into that, this is the location, the roll-up doors that has the highest area or location of frequency. | And Saturdays at 12 p.m.. | is going to be that peak risk window.",False,False,Shift and Time-of-Day Analysis,False,False,5,5,,False,5.0
09b3303f-0b38-49f8-8f9c-4d4f74337e9d.json,Mason Line Supply + Voxel,2023-12-04T18:30:00Z,safety_use_cases,Monthly safety meeting content using Voxel clips,Receive a brief deck with example clips highlighting good and bad behaviors to use in monthly safety meetings.,4,"If there, if it was possible to shoot us some, like you did last time, we had a PowerPoint presentation with a couple examples kind of built into it, just something very brief, you know, four or several instances, but just things, you know, a couple that call out of good, like kudos to us. | then another one few that called out like, Hey, this is, this is, this is bad. | Um, and then we can show that we can use that in our monthly safety meeting. | I'm happy to provide it.",False,False,Safety Video Coaching and Training,False,False,5,5,,False,5.0
09b3303f-0b38-49f8-8f9c-4d4f74337e9d.json,Mason Line Supply + Voxel,2023-12-04T18:30:00Z,safety_use_cases,Daily safety incident digest and assignment workflow,Use daily email breakdowns from Voxel to review and assign issues to the appropriate supervisors for follow-up.,2,"So what I've started doing is going through every morning because I get an email that gives me like a breakdown, I go through it and I assign some. | So like if I see it's an issue, then I assign it.",False,False,Actions Workflow and Coaching,False,False,5,5,,False,5.0
09b3303f-0b38-49f8-8f9c-4d4f74337e9d.json,Mason Line Supply + Voxel,2023-12-04T18:30:00Z,nonsafety_use_cases,Open dock door duration monitoring and threshold tuning,"Monitor doors left open and adjust alert duration thresholds to reflect operational realities (e.g., ongoing loading with dock plate up); note current inability to detect dock plate status.",8,"I have a question regarding the doors open. | example, we are working on door number four, and it's now we are going continuously into that door because we have some freight which comes in and it takes maybe 15, tens of minutes or half an hour, but we still have to keep that door open with a plate up. | So that still shows as, you know, it's an alarming sign for us. | And so we we do set up each of the use cases, including open door duration specifically. | I think, currently, your open-door monitoring is set to a longer duration, meaning you would not receive a notice for shorter openings. | We're able to adjust that if you want it to be set differently. | Would it be able to recognize when a dog plate is on the trailer? | It wouldn't be able to make the distinction with that at this time.",False,False,Door Duration Monitoring,False,False,5,5,,False,5.0
09b3303f-0b38-49f8-8f9c-4d4f74337e9d.json,Mason Line Supply + Voxel,2023-12-04T18:30:00Z,nonsafety_use_cases,PIT parking duration monitoring and camera zone tuning,"Track extended PIT parking durations that may reflect normal work (e.g., lunch, labeling) and refine camera zones to exclude expected parking areas.",4,"I think that that has to do with most of the time because they park their vehicle and they go for lunch or they park their vehicle. | So the vehicle will be parked for a while before it's actually moved. | So that I think will always be going up instead of going down. | Yeah, and I think there's also, Harper, there's some fine-tuning we can do on the camera views for where we expect PIT to be parked, because I know that's changed recently, and where we expect freight to sit and where not to sit, because I know today, I painted the brush quite broad to try and capture everything, and then now we're just going to narrow it down a bit to not focus on some of those areas.",False,False,PIT Parking Duration Monitoring,False,True,5,5,,False,5.0
09b3303f-0b38-49f8-8f9c-4d4f74337e9d.json,Mason Line Supply + Voxel,2023-12-04T18:30:00Z,nonsafety_use_cases,Security monitoring use cases (yard/internal),Explore and define new security-focused use cases for yard and internal areas; schedule a session to capture requirements.,2,"Their special project, enhancing and building out some use cases that are slanted more to the security side of the house, safety, and so I would love to get kind of your take on what would be important from a security perspective, whether it's yard, internal, whatever, but I got to get one of our new product marketing folks online for that. | So just a heads up, I'd love to grab a half hour of your time and just do a deep dive on what would be important to you all from the security standpoint for some new use cases.",False,False,Perimeter and Yard Security,False,False,5,4,,False,4.5
ed7d25b7-2ff1-415d-b27e-fbc76f5084ca.json,Oak Motive Solutions / Voxel Bi-Weekly Sync,2023-01-10T14:30:00Z,safety_use_cases,Lockout/Tagout and machine guarding hazard-zone monitoring (no-pedestrian zones),"Use cameras to create no-pedestrian/work-hazard zones around machinery to detect entry, support LOTO compliance, and coach workers to prevent bypassing guards or entering energized areas.",5,"Yeah, but it's a matter of lockout, tagout procedures, that's right, that's right. | Violated machine guarding, went behind a guard, with part of the machine still running. | Those are areas of opportunity for our company to develop in terms of lockout, tagout, machine guard. | You know, what we can do today from a no pedestrian zone, know, work hazard zone use case is extremely applicable here. | We put a no-ped zone there to capture anybody going in and out just to kind of have those trainings towards, you know, is this locked out, tagged out procedure been followed?",False,False,No-Pedestrian Zone Enforcement,False,False,5,5,,False,5.0
ed7d25b7-2ff1-415d-b27e-fbc76f5084ca.json,Oak Motive Solutions / Voxel Bi-Weekly Sync,2023-01-10T14:30:00Z,safety_use_cases,PIT proximity monitoring (person-to-PIT and PIT-to-PIT),Monitor forklifts for pedestrian proximity and PIT-to-PIT spacing to reduce collision and near-miss risk in busy areas.,4,"So, I just put on improper band, overreaching, person to pit, and pit to pit. | So like I said, whenever we added this camera, this is one that captured the forklift versus forklift incident. | So it's, I was thinking like a pit to pit proximity thing, like the fork was falling too close to the other. | So, yeah, I'll be really interested in that area to see pit to pit and person to pit is a big thing I'm looking for in that area.",False,False,PIT proximity monitoring (person-to-PIT and PIT-to-PIT),False,False,5,5,,False,5.0
ed7d25b7-2ff1-415d-b27e-fbc76f5084ca.json,Oak Motive Solutions / Voxel Bi-Weekly Sync,2023-01-10T14:30:00Z,safety_use_cases,Ergonomic risk detection (overreaching/improper bend),Detect overreaching and improper bending postures across the view to reduce ergonomic injuries.,3,"So, I just put on improper band, overreaching, person to pit, and pit to pit. | So right now, improper bend and overreaching are for the entire view. | Let's get overreaching in there.",False,False,Ergonomic Risk Detection,False,False,5,5,,False,5.0
ed7d25b7-2ff1-415d-b27e-fbc76f5084ca.json,Oak Motive Solutions / Voxel Bi-Weekly Sync,2023-01-10T14:30:00Z,safety_use_cases,Hard hat PPE compliance at Maintenance Propane Station,"Monitor the propane station area to detect ‘no hard hat’ events, especially among vendors and delivery drivers.",2,"Actually, that will be another good place for a no hard hat because we have a lot of vendors and delivery drivers come through there and if they're not wearing their hard hat, I need to know that as well. | So I will add hard hat to that one whenever I pre-scope it.",False,False,PPE Compliance Monitoring,False,True,5,5,,False,5.0
ed7d25b7-2ff1-415d-b27e-fbc76f5084ca.json,Oak Motive Solutions / Voxel Bi-Weekly Sync,2023-01-10T14:30:00Z,safety_use_cases,Forklift speeding detection,Detect and flag PIT speeding; the team is considering enabling a speeding use case pending additional data.,3,"As we're going through this, Trey, has Sam mentioned to you putting speeding? | He's asked me about five times. Eden and I have discussed it. | I'm not quite ready yet. I've got to do some more data.",False,False,Forklift Speed Monitoring,False,False,4,3,Label mentions 'PIT speeding' (powered industrial truck) but then says 'Forklift speeding' - should be consistent; also 'Bucket' may be too generic given this is under consideration rather than active.,False,3.5
ed7d25b7-2ff1-415d-b27e-fbc76f5084ca.json,Oak Motive Solutions / Voxel Bi-Weekly Sync,2023-01-10T14:30:00Z,nonsafety_use_cases,Automated reminders for overdue actions,Send automatic email reminders or nudges to assignees when actions are pending or past due to improve follow-through.,3,"Is there a way to send them like a reminder or anything like that, that they've got actions pending or like they get an email like, hey, your actions past due or your about a week past due or whatever it is. | Not today, but it is something we expect to support later. | I'll follow up on that and just kind of give you just kind of a time frame of when that will be out.",False,False,Action Tracking and Accountability,False,False,5,5,,False,5.0
ed7d25b7-2ff1-415d-b27e-fbc76f5084ca.json,Oak Motive Solutions / Voxel Bi-Weekly Sync,2023-01-10T14:30:00Z,nonsafety_use_cases,Maintenance window suppression (no incident capture during scheduled work),Configure the platform to suppress incident capturing during Sunday maintenance windows to reduce noise and false positives.,4,"So their normal maintenance day is on Sundays. | So we need to add that in to the, no incident capturing Sundays from. | 6A to 6P. | All right. I'll get that added in there.",False,False,Maintenance Window Management,False,False,5,5,,False,5.0
ed7d25b7-2ff1-415d-b27e-fbc76f5084ca.json,Oak Motive Solutions / Voxel Bi-Weekly Sync,2023-01-10T14:30:00Z,nonsafety_use_cases,Increase camera coverage for monitoring and business case,Expand camera coverage so critical areas (including seldom-accessed zones) are visible for monitoring and to support the business case for broader deployment.,4,"We don't have a closer camera right there, and that's what I was thinking about because, actually, the event's not even on camera. | These cameras aggravate me sometimes with this motion detection because it only records whenever it detects motion. | making sure that all of the routinely accessed areas and all the areas that are, you know, not necessarily routinely accessed, but, you know, seldomly accessed, have have coverage that you can leverage, you know, our type of technology for that. | Rich Mills is wanting to increase camera coverage. And this helps, like, feed into that entire business case conversation as to why we need more coverage in the plant besides the several cameras.",False,False,Camera Coverage Expansion,False,False,5,3,"Label should be in 'safety_use_cases' bucket - expanding camera coverage to monitor critical and seldom-accessed areas is a safety monitoring use case, not nonsafety",False,4.0
2c2374a8-3a6b-43c3-8ad7-944c79f440a1.json,FW: Voxel: Camera Scoping ,2024-07-17T23:00:00Z,safety_use_cases,Pedestrian entry monitoring in restricted area,Monitor for any pedestrians entering a no-pedestrian-access zone inside the barriers.,2,"Inside these barriers here. | As an area where, like, there's no pedestrian access there, so that would be the only thing you monitor, plus, I mean, maybe that fence that, that's Australian Border Force over that fence, so it's very unlikely somebody's going to come over that fence, if they're coming over that fence, they've probably got Border Force people chasing them, but I'd have to go back over there.",False,False,No-Pedestrian Zone Enforcement,False,False,5,5,,False,5.0
2c2374a8-3a6b-43c3-8ad7-944c79f440a1.json,FW: Voxel: Camera Scoping ,2024-07-17T23:00:00Z,nonsafety_use_cases,Perimeter fence intrusion/security monitoring,Potentially monitor the fence line adjacent to the Australian Border Force area for any breaches or unauthorized access.,1,"plus, I mean, maybe that fence that, that's Australian Border Force over that fence, so it's very unlikely somebody's going to come over that fence, if they're coming over that fence, they've probably got Border Force people chasing them, but I'd have to go back over there.",False,False,Perimeter and Yard Security,False,False,3,3,"Evidence shows speculative discussion ('maybe', 'I'd have to go back') rather than clear use case; label overstates as 'monitoring' when actual need is uncertain",False,3.0
5e295dd9-85e3-4dea-930e-545e8e8eba60.json,Prairie Bridge Systems / Voxel Monthly Sync,2022-04-07T17:00:00Z,safety_use_cases,Ergonomics monitoring at Glenville dock,Monitor ergonomic risks on the Glenville dock using the adjusted camera view.,1,"Maybe some ergo back there for the, yeah, the Glenville dock, I believe that got adjusted.",True,False,Ergonomics monitoring at Glenville dock,False,False,3,3,Evidence is vague and fragmentary; label makes assumptions about 'monitoring' and 'risks' not clearly stated in the quote,False,3.0
5e295dd9-85e3-4dea-930e-545e8e8eba60.json,Prairie Bridge Systems / Voxel Monthly Sync,2022-04-07T17:00:00Z,safety_use_cases,Detect equipment set on dock plates,Use the camera to detect when a machine/equipment is set on the dock plates and ensure it is captured.,1,"And then, like, if they're setting a machine on the dock plates itself, I would like that covered.",True,False,Dock Equipment Monitoring,False,False,5,5,,False,5.0
5e295dd9-85e3-4dea-930e-545e8e8eba60.json,Prairie Bridge Systems / Voxel Monthly Sync,2022-04-07T17:00:00Z,safety_use_cases,Actions coaching to impact safety event counts,Leverage Voxel’s Actions coaching platform to record coaching and see its effect on overall event counts.,2,So what I'd like to do is get folks on a call because we have an entirely new coaching platform embedded within Voxel called Actions. | It also puts markers in your data when you complete coaching actions to show what the after effect is on your overall event count.,True,False,Actions Workflow and Coaching,False,False,5,5,,False,5.0
5e295dd9-85e3-4dea-930e-545e8e8eba60.json,Prairie Bridge Systems / Voxel Monthly Sync,2022-04-07T17:00:00Z,safety_use_cases,Timely alerting for safety issues,Expand use of alerting to improve visibility and response to events.,1,We're expanding our alerting capabilities.,True,False,Real-Time Safety Alerts,False,False,2,3,"Evidence is too vague - mentions expanding alerting but doesn't specify safety issues, timely response, or improved visibility; label overly specific given limited evidence.",False,2.5
5e295dd9-85e3-4dea-930e-545e8e8eba60.json,Prairie Bridge Systems / Voxel Monthly Sync,2022-04-07T17:00:00Z,nonsafety_use_cases,Dock door open-duration tracking,Track how long dock doors remain open at the Glenville dock.,1,"I know, I think we have open door duration might be one.",True,False,Door Duration Monitoring,False,False,4,3,"Label adds specificity ('Glenville dock') not present in evidence, and 'nonsafety_use_cases' bucket may be incorrect as door open-duration could relate to security or environmental control",False,3.5
5e295dd9-85e3-4dea-930e-545e8e8eba60.json,Prairie Bridge Systems / Voxel Monthly Sync,2022-04-07T17:00:00Z,nonsafety_use_cases,Detect equipment set on dock plates,Use the camera to detect when a machine/equipment is set on the dock plates and ensure it is captured.,1,"And then, like, if they're setting a machine on the dock plates itself, I would like that covered.",True,False,Dock Equipment Monitoring,False,False,5,3,"Bucket classification may be incorrect - detecting equipment placement on dock plates could have safety implications (preventing falls, ensuring stability)",False,4.0
5e295dd9-85e3-4dea-930e-545e8e8eba60.json,Prairie Bridge Systems / Voxel Monthly Sync,2022-04-07T17:00:00Z,nonsafety_use_cases,Quarterly shareholder reporting,Provide an end-of-year (Q4) report for shareholders and set up ongoing quarterly reporting cadence.,3,"I to say thank you for getting me that report for my shareholders. | Could I get it to you the week of the 15th? | March 15th, get that Q4 report to you.",True,False,Report Export and Subscriptions,False,False,4,3,"Label overstates scope - evidence only confirms Q4 report delivery, not ongoing quarterly cadence setup",False,3.5
5e295dd9-85e3-4dea-930e-545e8e8eba60.json,Prairie Bridge Systems / Voxel Monthly Sync,2022-04-07T17:00:00Z,nonsafety_use_cases,Automated weekly snapshots and data delivery,Receive weekly snapshots and in-depth data delivered automatically for ongoing visibility.,1,"We're updating, you know, in terms of snapshots, like weekly snapshots and in-depth data that you can get delivered right to you.",True,False,Report Export and Subscriptions,False,False,4,3,Label and bucket assume non-safety use when the evidence doesn't specify what data is being delivered - could be safety-related snapshots,False,3.5
5e295dd9-85e3-4dea-930e-545e8e8eba60.json,Prairie Bridge Systems / Voxel Monthly Sync,2022-04-07T17:00:00Z,nonsafety_use_cases,API feed updates/integration,Leverage updated API feeds for improved data integration and reporting.,1,"In addition to that, we're updating some other API feeds.",True,False,System Integration and Data Export,False,False,2,2,Evidence is too vague to support the specific label claims about 'improved data integration and reporting'; label overstates what the evidence shows,False,2.0
f3432b37-3049-414d-a90b-1df41934a165.json,Voxel Grit Stack Operations sync,2024-02-23T15:30:00Z,safety_use_cases,Powered equipment and vehicle safety monitoring in HDCs,Monitor areas with powered equipment and vehicle movement to reduce incidents at HDCs.,2,"And probably prioritize the ones that do have powered equipment, which is about half of them at this time. | from a safety perspective, as you know, like ergonomics, vehicle safety, PPE, area controls",False,False,Powered Equipment Safety (Generic),True,False,4,4,,False,4.0
f3432b37-3049-414d-a90b-1df41934a165.json,Voxel Grit Stack Operations sync,2024-02-23T15:30:00Z,safety_use_cases,PPE compliance monitoring,Detect and alert on PPE non-compliance to improve worker safety.,1,"from a safety perspective, as you know, like ergonomics, vehicle safety, PPE, area controls",False,False,PPE Compliance Monitoring,False,True,2,4,"Evidence only mentions PPE in a list without context about detection, alerting, or compliance monitoring",False,3.0
f3432b37-3049-414d-a90b-1df41934a165.json,Voxel Grit Stack Operations sync,2024-02-23T15:30:00Z,safety_use_cases,Area controls for no-pedestrian zones,Alert when people enter restricted/no-pedestrian zones or walk in the wrong areas.,1,"area controls could be like, and you can use this for security. So like no pedestrian zones could be, to your point, also like after hours or when people shouldn't be somewhere from a time perspective, not necessarily a location, but it could also be from a location, people not walking in the right area.",False,False,No-Pedestrian Zone Enforcement,False,False,5,5,,False,5.0
f3432b37-3049-414d-a90b-1df41934a165.json,Voxel Grit Stack Operations sync,2024-02-23T15:30:00Z,safety_use_cases,Working at heights hazard detection,Detect unsafe working at heights conditions to prevent falls and related incidents.,1,"Now, working at heights, obstructions, obstruction would be like blocked fire exits, things of that nature, anywhere where there shouldn't be an object",False,False,Working at Heights Detection,False,False,2,3,"Evidence mentions 'working at heights' only in passing within a list of topics, without clear quotes demonstrating detection of unsafe working at heights conditions; label is somewhat accurate but evidence is weak",False,2.5
f3432b37-3049-414d-a90b-1df41934a165.json,Voxel Grit Stack Operations sync,2024-02-23T15:30:00Z,safety_use_cases,Obstruction and blocked fire exit detection,Identify obstructions such as blocked fire exits to maintain safe egress routes.,1,"obstructions, obstruction would be like blocked fire exits, things of that nature, anywhere where there shouldn't be an object",False,False,Obstruction and blocked fire exit detection,False,False,5,5,,False,5.0
f3432b37-3049-414d-a90b-1df41934a165.json,Voxel Grit Stack Operations sync,2024-02-23T15:30:00Z,safety_use_cases,Ergonomics risk monitoring,Flag ergonomic risks on the floor to reduce strain and injury.,1,"from a safety perspective, as you know, like ergonomics, vehicle safety, PPE, area controls",False,False,Ergonomic Risk Detection,False,False,3,4,Evidence mentions ergonomics but doesn't explicitly confirm the specific use case of 'flagging risks on the floor' or 'reducing strain and injury',False,3.5
f3432b37-3049-414d-a90b-1df41934a165.json,Voxel Grit Stack Operations sync,2024-02-23T15:30:00Z,nonsafety_use_cases,After-hours dock door open alert (lights off),Trigger an alert if building lights are off and a dock door remains open after hours.,2,"we want to fire an automatic alert if all lights go out in a building and a dock door is still open | So we can do open doors today. But we can add a separate rule that if the lights are turned off, for example, we can flag that.",False,False,Door Duration Monitoring,False,False,5,3,"Bucketed as 'nonsafety_use_cases' but open dock doors after hours could be a security/safety concern (theft prevention, unauthorized access)",False,4.0
f3432b37-3049-414d-a90b-1df41934a165.json,Voxel Grit Stack Operations sync,2024-02-23T15:30:00Z,nonsafety_use_cases,After-hours presence/time-based access monitoring,Alert when people are present in facilities after hours or at unauthorized times.,1,"area controls could be like, and you can use this for security. So like no pedestrian zones could be, to your point, also like after hours or when people shouldn't be somewhere from a time perspective",False,False,Restricted Area and Access Control,False,False,5,4,,False,4.5
f3432b37-3049-414d-a90b-1df41934a165.json,Voxel Grit Stack Operations sync,2024-02-23T15:30:00Z,nonsafety_use_cases,Trash/returns processing late-status alert,"Send alerts or dashboard summaries if trash or returns processing is still pending past a set time (e.g., 5 a.m..).",1,"for our trash or returns processing, we want to send an alert or some sort of a summary, or have it show up on a dashboard if something still shows at 12 a.m..",False,False,Task Status Alerts,False,False,4,3,"Evidence mentions 12 a.m. but label states 5 a.m., and label should clarify this is about visual detection status rather than just processing alerts",False,3.5
f3432b37-3049-414d-a90b-1df41934a165.json,Voxel Grit Stack Operations sync,2024-02-23T15:30:00Z,nonsafety_use_cases,Trailer detention and turnaround time tracking,Track trailer detention and turnaround time from inbound arrival to completion to improve operational efficiency.,2,"For us, our trailer detention time and turnaround time from the time that we get an inbound load to the time that our labor force is able to move on to the next task is kind of a critical method. | in terms of that trailer time and, like, that turnaround time, definitely something that we're interested in.",False,False,Driver and Vehicle Compliance,False,False,5,5,,False,5.0
03a609d7-bd48-48aa-a708-650afb1d3a58.json,Orion Forge Industrial // Voxel,2022-06-30T13:00:00Z,safety_use_cases,Forklift collision and intersection compliance monitoring,Detect and alert on PIT-to-PIT and PIT-to-pedestrian proximity and failures to stop at intersections to prevent warehouse collisions.,2,"And typically these are more high risk, like pit to pit, which is power industrial trucks or pit to pit into civilians. | This is tracking two things, pit to pit and no stop at intersection.",True,False,Intersection Stop Compliance,False,False,5,5,,False,5.0
03a609d7-bd48-48aa-a708-650afb1d3a58.json,Orion Forge Industrial // Voxel,2022-06-30T13:00:00Z,safety_use_cases,Suspended load hazard detection,Monitor and alert when people are under or near suspended loads to prevent severe or fatal injuries.,2,"Like we have a suspended load that's coming out. Actually, think it might have just been released, and that's like, you need that split second, because if that thing falls, or whatever falls on that person, that person might be dead or memed, right? | No speeding, no idling, suspended load when they're moving those, you know, those large boxes. Like you don't want anyone standing under those.",True,False,Suspended Load Hazard Detection,False,False,5,5,,False,5.0
03a609d7-bd48-48aa-a708-650afb1d3a58.json,Orion Forge Industrial // Voxel,2022-06-30T13:00:00Z,safety_use_cases,PPE compliance monitoring (hard hats/vests),Ensure workers wear required PPE such as hard hats and high-visibility vests at industrial sites like ports.,1,"PPE, right? That's, you know, you've got to have the hard hats and vests and stuff like that.",True,False,PPE Compliance Monitoring,False,True,4,5,,False,4.5
03a609d7-bd48-48aa-a708-650afb1d3a58.json,Orion Forge Industrial // Voxel,2022-06-30T13:00:00Z,safety_use_cases,Retail floor hazard detection,Detect floor hazards and notify staff to reduce customer-facing risk in stores and other high-risk zones.,3,"We point to examples like this and say you probably want to watch this area more closely because it is higher risk. | They had something on the floor that led to a costly customer incident. | With our camera, we are going to see those floor hazards and notify them quickly so someone can address them sooner.",True,False,Retail-Specific Safety Monitoring,False,False,5,5,,False,5.0
03a609d7-bd48-48aa-a708-650afb1d3a58.json,Orion Forge Industrial // Voxel,2022-06-30T13:00:00Z,safety_use_cases,Ergonomic risk detection (improper bending/overreaching),Identify ergonomic violations like improper bending and overreaching to drive coaching and reduce strains and sprains.,3,"Is there a way to, you know, improper bend, also bad, but not really bad, and overreaching, same thing. | So again, like ergo, it's probably gonna happen a thousand times a day, and it's not something that's like an imminent danger. | oh, actually, ergo is your biggest issue or overreaching is your biggest issue.",True,False,Ergonomic Risk Detection,False,False,5,5,,False,5.0
03a609d7-bd48-48aa-a708-650afb1d3a58.json,Orion Forge Industrial // Voxel,2022-06-30T13:00:00Z,safety_use_cases,Cell phone distraction monitoring,Detect and report workers using cell phones on the floor to reduce distraction-related safety risks.,1,"like we add like cell phones are coming out where we want to track people having, using their cell phones.",True,False,Cellphone Distraction Detection,False,False,4,3,Label overly specific about 'reporting' and 'on the floor' - evidence only confirms cell phone tracking desire without those details,False,3.5
03a609d7-bd48-48aa-a708-650afb1d3a58.json,Orion Forge Industrial // Voxel,2022-06-30T13:00:00Z,safety_use_cases,Timely notifications and corrective action workflows,Send prompt notifications on safety incidents and enable assignment of corrective actions with owners and due dates.,2,"From here, you get notified through the available channels. | So if I want to sign this to someone, right? ... Like, want this done by today.",True,False,Real-Time Safety Alerts,False,False,4,5,,False,4.5
03a609d7-bd48-48aa-a708-650afb1d3a58.json,Orion Forge Industrial // Voxel,2022-06-30T13:00:00Z,safety_use_cases,Robot cell intrusion and safety interlock compliance monitoring,Watch robot workcells to detect people entering or bypassing fences/safety locks and prevent serious injuries.,2,"I install one camera to cover four robots so that anybody who goes near the robot when it's trying to do something can also, there's great videos of, you know, people getting killed as they approach a robot, which just swung around. | having something that's kind of like a big brother, then I'll come back to that big brother watching over to make sure nobody. It's jerry-rigging the fence and the security safety systems, the safety locks.",True,False,Robot Cell Safety Monitoring,False,False,5,5,,False,5.0
03a609d7-bd48-48aa-a708-650afb1d3a58.json,Orion Forge Industrial // Voxel,2022-06-30T13:00:00Z,safety_use_cases,Vehicle speed monitoring (ports),Monitor vehicle speeding in port operations to enforce safe driving behaviors and site rules.,1,"No speeding, no idling, suspended load when they're moving those, you know, those large boxes.",True,False,Forklift Speed Monitoring,False,False,5,5,,False,5.0
03a609d7-bd48-48aa-a708-650afb1d3a58.json,Orion Forge Industrial // Voxel,2022-06-30T13:00:00Z,safety_use_cases,Racking/structure impact detection and driver violation analysis,Detect forklift impacts on racking/structures and analyze preceding violations like speeding or failure to stop.,3,"every upright in his warehouse is destroyed. so I'm to the point where I walk through and I'm like, you need to shut down this entire aisle, like you can't put product in this aisle because all of it is so damaged | You can do no PEDSA, no speeding, stopping, like, so we can track that, like, okay, he hit this, he went too fast, he didn't stop. And you can see that indicator. | on Wednesday, Jimmy decided back into the corner of this structure, caused this much damage, yada, yada, yada, right?",True,False,Impact and Collision Detection,False,False,5,5,,False,5.0
03a609d7-bd48-48aa-a708-650afb1d3a58.json,Orion Forge Industrial // Voxel,2022-06-30T13:00:00Z,safety_use_cases,Incident severity scoring and prioritization,Classify detected events by severity so teams focus response on the most dangerous issues first.,2,"Is there a way to kind of assign numbers to this, or is there, is that fraught with danger, severity? | There's stuff that we want to classify the severity that might, you know, distinguish, you know, your reaction or what needs to be taken in a course of action.",True,False,Incident Severity Scoring and Prioritization,False,False,5,5,,False,5.0
03a609d7-bd48-48aa-a708-650afb1d3a58.json,Orion Forge Industrial // Voxel,2022-06-30T13:00:00Z,safety_use_cases,Safety hotspot heat mapping,Use heat maps to locate where most incidents occur and prioritize monitoring and interventions.,1,"What we do is heat mapping. If we want to do an analyzation of where the most instances are, we'll show you.",True,False,Safety Heatmaps and Hotspot Analysis,False,False,4,4,,False,4.0
03a609d7-bd48-48aa-a708-650afb1d3a58.json,Orion Forge Industrial // Voxel,2022-06-30T13:00:00Z,safety_use_cases,Reduce injury and liability costs via targeted safety interventions,Review historical incident patterns to identify top injury and liability drivers and target them with monitoring and coaching.,3,One of the lower-hanging opportunities is reducing injury and liability costs. | we look at their historical incident data to understand the main drivers. | we create a summary presentation showing the main opportunity areas and the kinds of improvements customers often look for.,True,False,Reduce Injuries and Costs,False,False,5,5,,False,5.0
03a609d7-bd48-48aa-a708-650afb1d3a58.json,Orion Forge Industrial // Voxel,2022-06-30T13:00:00Z,nonsafety_use_cases,Food safety and controlled-environment compliance monitoring,Track hairnets/beard nets and monitor door open durations in controlled environments to support food safety and product integrity.,1,"They want to track food safety items like beard nets, hair nets, PPE, and door-open durations in sensitive areas.",True,False,PPE Compliance Monitoring,False,True,5,2,"Use case is correctly supported by evidence but miscategorized as nonsafety—food safety compliance and PPE monitoring are safety-related functions, not non-safety.",False,3.5
03a609d7-bd48-48aa-a708-650afb1d3a58.json,Orion Forge Industrial // Voxel,2022-06-30T13:00:00Z,nonsafety_use_cases,Retail floor hazard detection to reduce liability exposure,Detect floor hazards and notify staff to reduce customer incident risk and associated liability exposure.,2,"They had something on the floor that led to a costly customer incident. | With our camera, we are going to see those floor hazards and notify them quickly.",True,False,Customer Incident Evidence,False,False,5,2,"Label is miscategorized - detecting floor hazards to prevent customer injuries is a safety use case, not nonsafety",False,3.5
03a609d7-bd48-48aa-a708-650afb1d3a58.json,Orion Forge Industrial // Voxel,2022-06-30T13:00:00Z,nonsafety_use_cases,Vehicle idling monitoring (ports),Monitor idling to enforce operational policies and reduce fuel/emissions alongside speeding enforcement.,1,"No speeding, no idling, suspended load when they're moving those, you know, those large boxes.",True,False,No-Idling Zone Enforcement,False,False,5,4,,False,4.5
03a609d7-bd48-48aa-a708-650afb1d3a58.json,Orion Forge Industrial // Voxel,2022-06-30T13:00:00Z,nonsafety_use_cases,Conveyor jam/no-obstruction detection and root-cause review,Use no-obstruction zones and captured video clips to detect conveyor jams and review pre-event footage for diagnosis.,4,"No obstruction zones, no blocking, like fire exits. You can do that on conveyor belts. | Whatever the duration you want to track, and then when it violates it for like 15, 30 seconds, you get flagged. | once we have a jam eye, we have this trigger event that says, hey, you've got a jam, but I would wonder if there's an ability to go back in time and say, look, this is the five seconds before that jam that happened, right? | wonder if there is a, when we collect that information, if how long the video clip is",True,False,Traffic Flow and Congestion,False,False,5,2,"Use case appears safety-related (conveyor jam detection, fire exit obstruction monitoring) but is bucketed as nonsafety_use_cases",False,3.5
03a609d7-bd48-48aa-a708-650afb1d3a58.json,Orion Forge Industrial // Voxel,2022-06-30T13:00:00Z,nonsafety_use_cases,Shrink/loss prevention from mishandling impacts,"Identify mishandling or collision events that could lead to product damage and shrink, enabling corrective action.",2,"That could have been shrink right there. So that product could have fell off and that could have been, you know, a loss for that. | From a efficiency standpoint, we can help be more efficient, reduce shrink.",True,False,Product Damage and Shrink Reduction,False,False,4,3,Label mentions 'mishandling impacts' specifically but evidence only vaguely references product falling and shrink reduction without clear connection to collision/impact detection,False,3.5
03a609d7-bd48-48aa-a708-650afb1d3a58.json,Orion Forge Industrial // Voxel,2022-06-30T13:00:00Z,nonsafety_use_cases,Reduce injury and liability costs via targeted interventions,Leverage incident data to cut injury and liability costs by focusing on the main drivers.,3,One of the lower-hanging opportunities is reducing injury and liability costs. | we look at their historical incident data to understand the main drivers. | we create a summary presentation that focuses on the main opportunity areas and the kinds of improvements teams are looking for.,True,False,Workers' Comp and Insurance,False,False,5,2,"Label is miscategorized - reducing injury and liability costs is a core safety outcome, not a nonsafety use case",False,3.5
ec843722-94c8-4abb-8e5f-c14662084ddb.json,Voxel AI Platform Demo,2023-04-27T14:00:00Z,safety_use_cases,Ergonomic risk detection (improper bends and overreach),"Use computer vision to detect improper bending, overreaching, and other body mechanics issues in the warehouse to reduce sprains and strains.",6,"We've had several injuries this year resulting from, you know, body mechanics and things like that. | We've had, in the last month, we've had two shoulders. | Their injuries from employees kind of overreaching, filling an order, pulling material off of a pallet rack or whatever. | We had a back strain, individual moving material, putting it away into a location or whatever, felt discomfort in its back. | From an injury prevention standpoint, looking at ergonomics, body mechanics, all of that. | So I think that's what really drew us to this particular product was, hey, is this a way kind of real time that we can look at what's going on, help us analyze, you know, are we doing things correctly?",False,False,Ergonomic Risk Detection,False,False,5,5,,False,5.0
ec843722-94c8-4abb-8e5f-c14662084ddb.json,Voxel AI Platform Demo,2023-04-27T14:00:00Z,safety_use_cases,Forklift/PIT and pedestrian safety monitoring,"Monitor powered industrial trucks for safe operation and interactions with pedestrians, including stopping at intersections and detecting unsafe forklift behavior.",2,"whether it was behavior-based or whether it was, you know, utilizing a forklift incorrectly. | Is it forklift and pedestrian interaction, and maybe a struck by?",False,False,PIT-Pedestrian Proximity Monitoring,False,False,4,4,,False,4.0
ec843722-94c8-4abb-8e5f-c14662084ddb.json,Voxel AI Platform Demo,2023-04-27T14:00:00Z,safety_use_cases,"Slip, trip, and fall prevention with area controls","Detect unsafe pedestrian presence in restricted areas and behaviors that create slip, trip, and fall risks (e.g., standing on rollers) to prevent injuries.",2,"We've had falls in different situations like that, but, you know, but right now that's what we're really dealing with. | Here an individual stepping up on rollers, always a concern when you're standing on rollers for slip, trip, fall, sprained ankles.",False,False,"Slip, Trip, and Fall Prevention",False,False,5,5,,False,5.0
ec843722-94c8-4abb-8e5f-c14662084ddb.json,Voxel AI Platform Demo,2023-04-27T14:00:00Z,safety_use_cases,PPE compliance monitoring,"Monitor and measure use of required PPE (e.g., gloves, high-visibility vests) to support initiatives like laceration reduction.",2,"We've had, you know, the past, laceration reduction initiatives, getting the, utilizing proper gloves, things like that. | we also give you the ability to manage and measure are the employees wearing the appropriate PPE at the appropriate time in the appropriate space.",False,False,PPE Compliance Monitoring,False,True,5,5,,False,5.0
ec843722-94c8-4abb-8e5f-c14662084ddb.json,Voxel AI Platform Demo,2023-04-27T14:00:00Z,safety_use_cases,Safety analytics dashboards and heatmaps for leading indicators,"Use dashboards and heatmaps to identify where, when, and how often unsafe conditions occur, enabling targeted actions and measuring compliance impact.",3,"What we do at Voxel, we flip that on here, we turn safety and safety management into a proactive effort. | I really liked some of the hot spots and some of the stuff you can go back and analyze when it when it happened, how it happened, | I really like that hotspot aspect of it, you know, where you're not seeing it. It's going to show you, hey, here's where we've had incidents, potential incidents repeatedly. That and the dashboard where you can drill down and get into that information.",False,False,Safety Heatmaps and Hotspot Analysis,False,False,5,5,,False,5.0
ec843722-94c8-4abb-8e5f-c14662084ddb.json,Voxel AI Platform Demo,2023-04-27T14:00:00Z,safety_use_cases,Near-miss capture to support pre-shift coaching and daily safety huddles,Capture unreported near misses and surface them for use in daily daily safety huddles and targeted coaching.,5,we've really ramped up doing them on a daily basis with our warehouse group where each morning we do a daily safety huddle. | nobody's going to report anything here because nobody saw anything. | So we almost had a broken ankle or potential worse than that in amputation as this near-miss occurred. | What's that pre-shift coaching session going to be about? | we could use these as learning tools for everyone.,False,False,Near-Miss Detection and Reporting,False,False,5,5,,False,5.0
6a626eda-a54b-4bbc-a81d-8e11fd41428e.json,Riley/Cleo Check In,2024-07-19T15:00:00Z,safety_use_cases,Build workplace safety culture with AI,"Use AI to help develop and reinforce a workplace safety culture, as previously presented to this audience.",1,"So, you know, last year we did a piece on, you know, building a workplace safety culture through AI.",True,False,AI Safety Vision Platform Deployment,False,False,5,5,,False,5.0
6a626eda-a54b-4bbc-a81d-8e11fd41428e.json,Riley/Cleo Check In,2024-07-19T15:00:00Z,safety_use_cases,Working at Heights detection/monitoring in supply chain,Detect and address Working at Heights risks in supply chain environments using Voxel’s capabilities.,4,"So now we've launched Working at Heights. | So I could do a whole piece around Working at Heights. | We've had some success within the supply chain there. | Not necessarily retail supply chain, but supply chain around Working at Heights.",True,False,Working at Heights Detection,False,False,5,5,,False,5.0
6a626eda-a54b-4bbc-a81d-8e11fd41428e.json,Riley/Cleo Check In,2024-07-19T15:00:00Z,safety_use_cases,Enterprise-scale rollout across DCs and storefronts,Expand from pilot to full enterprise deployment of the safety solution across all distribution centers and storefronts.,3,we've seen customers that have moved beyond their initial pilot site or sites and have actually blown Voxel out across their entire organization. | One recent example was a customer that expanded from an initial pilot to a broader multi-site rollout. | And that now also includes a storefront component as well.,True,False,Multi-Site Rollout Planning,True,False,5,5,,False,5.0
6a626eda-a54b-4bbc-a81d-8e11fd41428e.json,Riley/Cleo Check In,2024-07-19T15:00:00Z,safety_use_cases,Address Federal Safety Bureau/regulatory compliance in safety programs,"Align safety technology and programs with Federal Safety Bureau and regulatory expectations amid enforcement ambiguities, aiming to meet or exceed compliance levels.",5,"And if you're able to layer in anything from a Federal Safety Bureau compliance, Federal Safety Bureau compliance standpoint, you know, regulatory compliance, like, there's so many ambiguities right now, know, with, you | So are the feds going to enforce that? | Are local OSHAs going to enforce that? | until somebody tells us how they're going to enforce this, we're going to run the safest programs possible, and we're going to invest in the safety of our people, and we're going to do these things. | this is at the level or exceeds the level of what regulatory compliance folks will be looking for.",True,False,Regulatory and Compliance Support,False,False,5,4,,False,4.5
6a626eda-a54b-4bbc-a81d-8e11fd41428e.json,Riley/Cleo Check In,2024-07-19T15:00:00Z,nonsafety_use_cases,Food safety PPE compliance (hair nets and beard nets),Monitor compliance with hair nets and beard nets for food safety and hygiene requirements.,2,"We also do hair nets and beard nets. | Those are obviously more food safety focused, though potentially relevant.",True,False,PPE Compliance Monitoring,False,True,5,4,,False,4.5
6a626eda-a54b-4bbc-a81d-8e11fd41428e.json,Riley/Cleo Check In,2024-07-19T15:00:00Z,nonsafety_use_cases,Enterprise-scale rollout across DCs and storefronts,Expand from pilot to full enterprise deployment of the solution across all distribution centers and storefronts.,3,we've seen customers that have moved beyond their initial pilot site or sites and have actually blown Voxel out across their entire organization. | One recent example was a customer that expanded from an initial pilot to a broader multi-site rollout. | And that now also includes a storefront component as well.,True,False,Multi-Site Rollout Planning,True,False,5,3,Label bucketed as 'nonsafety_use_cases' but no evidence confirms this is non-safety; expansion could include safety applications,False,4.0
6a626eda-a54b-4bbc-a81d-8e11fd41428e.json,Riley/Cleo Check In,2024-07-19T15:00:00Z,nonsafety_use_cases,"Select scalable, multi-domain solutions within budget constraints","Prioritize solutions that are not one‑trick ponies, can scale, and apply across storefront and supply chain while meeting budget limitations.",3,"they're challenged on their budgetary spends, they're challenged on the solutions, the scalability of solutions that they're going after. | is this a one-trick pony? Like, does Voxel just do X versus doing Y? | Are the solutions you're looking at, are you now being more considerate of solutions that can be applied storefront to supply chain, front of house, back of house?",True,False,Vendor Evaluation,True,False,5,4,,False,4.5
6a626eda-a54b-4bbc-a81d-8e11fd41428e.json,Riley/Cleo Check In,2024-07-19T15:00:00Z,nonsafety_use_cases,Cross-functional IT vetting and stakeholder alignment for adoption,Navigate internal processes by engaging IT and other stakeholders to evaluate and approve new technology deployments.,3,"for them to potentially utilize Voxel, they had to make sure that, you know, their IT team was involved and what kind of questions their IT team asked and what does that process look like? | as you guys are thinking about bringing in new solutions, who is in that room in that conversation? | Is it IT? Is it this partner? Is it that partner? Who are those key individuals that are in that room?",True,False,IT Vetting and Compliance,True,False,5,5,,False,5.0
982938ec-9d24-4ef2-bb60-371bad4fc8f5.json,Mesa Span Solutions + Voxel Demo,2023-01-11T15:00:00Z,safety_use_cases,Forklift intersection compliance and PIT–pedestrian near-miss detection,Detect forklifts not stopping at intersections and identify PIT-to-pedestrian near misses to drive coaching and prevent incidents.,4,"Obviously, no-stop-in-intersection is trending 3-4% in the wrong direction. | They also had a pit-to-pedestrian incident. | so a forklift hitting a pedestrian. | Our computer vision AI sits on top of the existing cameras, and then we'll monitor and capture for near misses and unsafe behaviors, and save that clip, notify you, and curate data reports of when, where, and how often those incidents are occurring within the facilities.",True,False,Intersection Stop Compliance,False,False,5,5,,False,5.0
982938ec-9d24-4ef2-bb60-371bad4fc8f5.json,Mesa Span Solutions + Voxel Demo,2023-01-11T15:00:00Z,safety_use_cases,PPE compliance monitoring (safety vests),"Monitor PPE usage, such as safety vests, and track trends to reinforce compliance.",2,"if you look at safety vests, there's 111 and it's trending 80-90% in the right direction. | We have PPE compliance.",True,False,PPE Compliance Monitoring,False,True,5,5,,False,5.0
982938ec-9d24-4ef2-bb60-371bad4fc8f5.json,Mesa Span Solutions + Voxel Demo,2023-01-11T15:00:00Z,safety_use_cases,Ergonomics risk detection with heat maps,Identify improper bends and other ergonomic risks and use heat maps to pinpoint where they occur for targeted interventions.,3,They probably turned ergonomics on for the whole scene. | So an improper bend is an improper bend across all of our customer base. | we can even pinpoint exactly where your ergonomics are taking place that are flowing into Voxel.,True,False,Ergonomic Risk Detection,False,False,4,4,,False,4.0
982938ec-9d24-4ef2-bb60-371bad4fc8f5.json,Mesa Span Solutions + Voxel Demo,2023-01-11T15:00:00Z,safety_use_cases,PIT-to-PIT collision/proximity monitoring,Monitor forklift-to-forklift interactions to reduce pit-to-pit collision risks.,2,"They probably turned on pit-to-pit and pit-to-ped for the whole scene, so on and so forth. | We have vehicle movements.",True,False,PIT-to-PIT Proximity Monitoring,False,False,4,5,,False,4.5
982938ec-9d24-4ef2-bb60-371bad4fc8f5.json,Mesa Span Solutions + Voxel Demo,2023-01-11T15:00:00Z,safety_use_cases,Timely alerts for critical safety events,Configure proactive notifications for high-severity events so supervisors are notified promptly.,3,"We set up proactive notifications so that if something hits Voxel, it goes out to the appropriate individual based on how you configure it. | like a pit to pedestrian near miss. | You might want to set that up as an automatic notification to whoever you designate.",True,False,Real-Time Safety Alerts,False,False,5,4,,False,4.5
982938ec-9d24-4ef2-bb60-371bad4fc8f5.json,Mesa Span Solutions + Voxel Demo,2023-01-11T15:00:00Z,safety_use_cases,Fill room safety monitoring in new production facility,Apply AI camera monitoring to the new production facility’s fill room (and possibly the warehouse) to identify unsafe behaviors and mitigate risks.,2,"would this be something worth looking into in our new production facility, specifically around our, what we call the fill room, where they basically, the operations around the packaging and known for the | The warehouse is more restricted and maybe a little less risky, but still could be in scope.",True,False,Fill room safety monitoring in new production facility,False,False,4,4,,False,4.0
982938ec-9d24-4ef2-bb60-371bad4fc8f5.json,Mesa Span Solutions + Voxel Demo,2023-01-11T15:00:00Z,safety_use_cases,Protect laser-guided vehicles (AGVs) from forklift interactions,Use video analytics to detect and mitigate risks of forklift operators crashing into or interfering with expensive laser-guided vehicles.,1,"the new laser-guided vehicles that were obviously expensive, but forklift drivers and operators potentially crashing into those or causing havoc with those or risk around those.",True,False,Impact and Collision Detection,False,False,5,4,,False,4.5
982938ec-9d24-4ef2-bb60-371bad4fc8f5.json,Mesa Span Solutions + Voxel Demo,2023-01-11T15:00:00Z,safety_use_cases,Enterprise safety analytics and site benchmarking,"Use the all-sites and single-site dashboards to spot trends, identify hotspots by rule and location, and share best practices across sites to guide coaching and process changes.",3,"All Sites Dashboard, this is going to see how you're going to see all of your sites trending across the corporation. | And then from there, we break it down even further by rule set or use case. | maybe we jump into no-stop-in-intersection and see across the org and which location needs coaching or where we can pull best practices from Market Street, because they seem to be doing well with that and incorporate that over at Harrison Street.",True,False,Enterprise Safety Analytics and Benchmarking,False,False,5,5,,False,5.0
982938ec-9d24-4ef2-bb60-371bad4fc8f5.json,Mesa Span Solutions + Voxel Demo,2023-01-11T15:00:00Z,safety_use_cases,Training and toolbox talks using bookmarked clips,Bookmark illustrative incident clips to use in toolbox talks and trainings for coaching on safe behaviors.,2,A lot of our customers will use this in their toolbox talks or even trainings. | They'll bookmark specific clips that will allow them to just pull them up quickly and coach them through trainings.,True,False,Safety Video Coaching and Training,False,False,5,5,,False,5.0
982938ec-9d24-4ef2-bb60-371bad4fc8f5.json,Mesa Span Solutions + Voxel Demo,2023-01-11T15:00:00Z,nonsafety_use_cases,Door/asset damage prevention via intersection monitoring,"Reduce costly property damage, such as roll-up door impacts, by monitoring for no-stop-at-intersection behaviors at specific doors.",2,"They had to replace the door three different times, cost them up to REDACTED. | they wanted to have a... No Stop at Intersection at this door.",True,False,Door and Asset Damage Prevention,False,False,5,4,,False,4.5
982938ec-9d24-4ef2-bb60-371bad4fc8f5.json,Mesa Span Solutions + Voxel Demo,2023-01-11T15:00:00Z,nonsafety_use_cases,Enterprise analytics and benchmarking across sites,"Provide executives and regional managers with cross-site dashboards to compare trends by site and rule, and propagate best practices.",3,"All Sites Dashboard, this is going to see how you're going to see all of your sites trending across the corporation. | And then from there, we break it down even further by rule set or use case. | where we can pull best practices from Market Street, because they seem to be doing well with that and incorporate that over at Harrison Street.",True,False,Cross-Facility Benchmarking,False,False,5,3,"Label should be in 'analytics' or similar bucket rather than 'nonsafety_use_cases' since enterprise dashboards and benchmarking are core analytics features, not explicitly non-safety",False,4.0
982938ec-9d24-4ef2-bb60-371bad4fc8f5.json,Mesa Span Solutions + Voxel Demo,2023-01-11T15:00:00Z,nonsafety_use_cases,Training content efficiency using bookmarked clips,Use bookmarked video clips to streamline creating and delivering training/toolbox talks.,2,A lot of our customers will use this in their toolbox talks or even trainings. | They'll bookmark specific clips that will allow them to just pull them up quickly and coach them through trainings.,True,False,Training and LMS Integration,False,False,5,3,"Label should be in 'safety_use_cases' bucket since toolbox talks and safety training are core safety activities, not non-safety use cases",False,4.0
982938ec-9d24-4ef2-bb60-371bad4fc8f5.json,Mesa Span Solutions + Voxel Demo,2023-01-11T15:00:00Z,nonsafety_use_cases,Staff efficiency and mobile guidance,Guide field staff to hotspots and minimize review time with mobile-friendly workflows and concise daily usage.,2,"Voxel's mobile-friendly as well. So, you guys, a lot of our customers, Voxel kind of tells them where to go. | our end users probably at most spending 15 to tens of minutes per day within the platform.",True,False,Warehouse Productivity Optimization,False,False,4,3,Label is vague - 'staff efficiency' and 'minimize review time' are somewhat generic; bucket should likely be 'operations' or 'workflow_optimization' rather than 'nonsafety_use_cases',False,3.5
982938ec-9d24-4ef2-bb60-371bad4fc8f5.json,Mesa Span Solutions + Voxel Demo,2023-01-11T15:00:00Z,nonsafety_use_cases,Protect laser-guided vehicles (AGVs) from damage,Safeguard expensive laser-guided vehicles from damage caused by forklift operators to avoid costly downtime and repairs.,1,"the new laser-guided vehicles that were obviously expensive, but forklift drivers and operators potentially crashing into those or causing havoc with those or risk around those.",True,False,AGV Protection,False,False,5,3,"Label should specify 'safety' use case - preventing vehicle collisions is a safety concern, not just equipment protection; bucketed incorrectly as 'nonsafety_use_cases'",False,4.0
75cbe671-bdc3-42d6-8d8d-c41a165e77d0.json,Voxel <> Drift Grid Works Intro ,2023-05-26T14:30:00Z,safety_use_cases,Forklift safety and vehicle movement in confined areas,"Monitor forklift operations and intersections in confined spaces, inside and outside the buildings, to reduce collision and near-miss risk.",3,"So in the facilities, what we're calling severe incident factors type incidents, we're looking at moving vehicles. | So it's forklifts. | But the big ones are the forklifts moving around inside the buildings and outside when we're hauling some of the stuff, the cut in between, and the conveyors.",False,False,Forklift safety and vehicle movement in confined areas,False,False,4,4,Label mentions 'intersections' and 'confined spaces' but evidence only partially supports these specific details,False,4.0
75cbe671-bdc3-42d6-8d8d-c41a165e77d0.json,Voxel <> Drift Grid Works Intro ,2023-05-26T14:30:00Z,safety_use_cases,Caught-in hazards at presses and conveyors,"Detect and mitigate caught-between risks at presses and conveyors, including unsafe behavior around or on conveyors.",3,"And typically in fairly confined areas with the manufacturing plants, we're looking at a lot of presses and conveyors and things that we're concerned with getting caught between and getting hands in or body parts in. | We have an additional going over the conveyors. | So traveling up the conveyors.",False,False,Pinch Point and Caught-In Hazards,False,False,5,5,,False,5.0
75cbe671-bdc3-42d6-8d8d-c41a165e77d0.json,Voxel <> Drift Grid Works Intro ,2023-05-26T14:30:00Z,safety_use_cases,Confined space risk during oven cleaning,"Address increased confined space hazards associated with oven cleaning, especially if done in-house.",3,"Possibly an increased risk of confined spaces. | In the other plants, we are not, and we do that with cleaning our ovens. | If we go in-house, then we definitely have an increased risk of a hazard of confined space entry.",False,False,Confined Space and Lone Worker Safety,False,False,5,5,,False,5.0
75cbe671-bdc3-42d6-8d8d-c41a165e77d0.json,Voxel <> Drift Grid Works Intro ,2023-05-26T14:30:00Z,safety_use_cases,Respirator PPE compliance in paint areas,Remind and verify respirator use when entering paint areas.,1,"We have some areas like what we call our paint pensions where we go in and out, where we want to start reminding folks to use the respirators when they should going in.",False,False,PPE Compliance Monitoring,False,True,5,5,,False,5.0
75cbe671-bdc3-42d6-8d8d-c41a165e77d0.json,Voxel <> Drift Grid Works Intro ,2023-05-26T14:30:00Z,safety_use_cases,Camera-based red zone to replace light curtains,Use camera analytics to create exclusion zones around equipment as a replacement for light curtains.,1,"We're even looking at what they call red zone type application, which doesn't, it would be replacing light curtains, but that's not something we're going to, hang on.",False,False,Robot Cell Safety Monitoring,False,False,4,4,,False,4.0
75cbe671-bdc3-42d6-8d8d-c41a165e77d0.json,Voxel <> Drift Grid Works Intro ,2023-05-26T14:30:00Z,safety_use_cases,around the clock monitoring with real-time alerts for near misses,Have an always-on eye in the sky to detect near misses and send real-time notifications to designated staff for quick response.,4,"What we're not doing and what we see the benefit for this is that I... | The whole time we're working. | So the other software, I'm sure you guys are the same, it sends pings to cell phones or PCs and to the people we identify that needs them to react quickly. | So what we want to track are those near misses in real time so we can mitigate those before they turn into a, you know, a major injury or major catastrophe.",False,False,Shift and Time-of-Day Analysis,False,False,5,5,,False,5.0
75cbe671-bdc3-42d6-8d8d-c41a165e77d0.json,Voxel <> Drift Grid Works Intro ,2023-05-26T14:30:00Z,safety_use_cases,Hotspot identification to target high-risk areas,"Identify areas with the most violations or potential violations across cameras to focus interventions, including via heat map views.",2,"It definitely had the capability to pick out the hotspots or when the most, the areas that had the most violations or potential violations, but not, not being where it was actually mapping it out in this situation. | That's very helpful.",False,False,Safety Heatmaps and Hotspot Analysis,False,False,4,4,,False,4.0
75cbe671-bdc3-42d6-8d8d-c41a165e77d0.json,Voxel <> Drift Grid Works Intro ,2023-05-26T14:30:00Z,nonsafety_use_cases,Quality control visual inspection with cameras,Explore using cameras for QC/visual inspection tasks and understand Voxel’s capabilities for such applications.,2,"Now, this other group has been, and we haven't explored it too much, has been saying that they're working with some, particularly paper mills, QC type, quality control, visual inspection type stuff with the cameras. | We haven't gone down that, but is that something you're familiar with as well?",False,False,Quality Inspection,False,False,5,3,Bucket 'nonsafety_use_cases' may be incorrect - quality control/visual inspection in industrial settings (paper mills) often relates to safety and defect detection which could be within Voxel's safety-focused scope,False,4.0
950341d3-199c-40ca-a07d-f7771066f208.json,Pioneer Market Group Internal Sync - Deployment Phase,2023-04-05T16:30:00Z,safety_use_cases,Obstruction detection standardization across sites,Standardize the obstruction hazard use case with consistent definitions/thresholds across all DCs.,2,"So consistency from use case deployment, right? | If we do an obstruction, obstructions are going to be across the board this long, right?",True,False,Obstruction Detection and Compliance,False,False,5,5,,False,5.0
950341d3-199c-40ca-a07d-f7771066f208.json,Pioneer Market Group Internal Sync - Deployment Phase,2023-04-05T16:30:00Z,safety_use_cases,Injury reduction and value target,Use Voxel to reduce recordable injuries across higher-incident facilities and monitor whether the program is delivering measurable value.,7,"North Hub had hundreds of injuries last year. | Federal Safety Bureau came and sat at their site for several months. | Their average injury was REDACTED. | But if we say it's REDACTED per injury, if we slash North Hub by 30-45%, that pays for the whole first year of Voxel, just at one location. | So, I think across the board, guys, if we reduce across the network, 30-45%. | So we're talking about measurable value after the cost of Voxel. | Their goal is to get to 42, which is almost triple the industry average.",True,False,Reduce Injuries and Costs,False,False,5,5,,False,5.0
950341d3-199c-40ca-a07d-f7771066f208.json,Pioneer Market Group Internal Sync - Deployment Phase,2023-04-05T16:30:00Z,nonsafety_use_cases,Obstruction detection standardization across sites,"Standardize the obstruction use case with consistent definitions/thresholds across all DCs as part of a broader, consistent playbook.",2,"So consistency from use case deployment, right? | If we do an obstruction, obstructions are going to be across the board this long, right?",True,False,Obstruction Detection and Compliance,False,False,4,4,,False,4.0
950341d3-199c-40ca-a07d-f7771066f208.json,Pioneer Market Group Internal Sync - Deployment Phase,2023-04-05T16:30:00Z,nonsafety_use_cases,Enterprise program governance and reporting,"Establish program governance, standardized reporting, usage expectations, and a playbook to manage a multi-site enterprise rollout consistently.",8,"I think the next about a month, just the clear priority is going to be, you know, program management establishment, and then technical validation and technical go-live, essentially. | But I think what's going to be imperative doing something at this size and scale is putting together some level of reporting as we go along and some sort of defined goals so we can keep a pulse on this. | But, you know, what are the expectations around usage? | What are the expectations around, you know, sort of data collection to validate the success of this across all organizations? | How do we playbook this, right? | It's project governance and program governance. | That's probably something we could help create, and then ask the corporate team to distribute it, rather than it coming from Voxel, coming from their leadership. | I've done this with Harbor Span Group, Granite Flow Systems, and we've also got a use case standardization template I put together for Harbor Span Group as well.",True,False,Enterprise program governance and reporting,False,False,5,5,,False,5.0
950341d3-199c-40ca-a07d-f7771066f208.json,Pioneer Market Group Internal Sync - Deployment Phase,2023-04-05T16:30:00Z,nonsafety_use_cases,Improve data accuracy via precise region configuration,Leverage deeper camera coverage to draw more precise regions of interest so analytics output is accurate despite overlapping views.,3,"I think it's also, and I think I mentioned this within Slack, too, because we're going to have deeper camera coverage than we're used to at some of these sites. | There's a really awesome opportunity for us to be really specific in how we draw regions just to make sure that the data that we're providing... | Adding them is really accurate, because there's going to be overlap.",True,False,Detection Accuracy Validation,False,False,5,3,Label correctly identifies the use case but categorization as 'nonsafety_use_cases' may be incorrect since accurate analytics could support safety outcomes,False,4.0
1ffac178-0eee-4534-8fac-8babb3831770.json,Voxel Ai + Iron Harbor Fleet Harbor Manufacturing,2023-04-25T21:30:00Z,nonsafety_use_cases,Hot desk booking and seat allocation,"Set up hotel/hot desk booking to manage limited space, prevent desk conflicts on peak days, accommodate new hires and travelers, and keep shared desks clear of personal items.",9,"So we just kind of want to have that as an option as doing a hotel desk for all our new employees that are starting here at the company. | Oh, it's that, so yes, we don't have a lot of people coming in and out, but there are days where, you know, it's like, oh, everybody all at once comes in and then, or like people are traveling. | So it's like, they take some desk and then, you know, that person comes into the office this one time and it's, their desk is no longer available. | So it's more of just, you know, wanting to be better and structured about this. | So it's like, okay, we have, we know which employees don't come in as often. | So we just kind of want to make their desk as optional. | And in the morning, if they're coming into the office, they could be aware of like, oh, so-and-so is going to sit that day. | Like, because, you know, so if we have some hotel desk, at least we can keep those desks clear, so then others are not feeling like, oh, there's just, you know, random so-and-so sitting on my desk, and then taking my stuff, or moving my stuff around. | I think it was always just like, oh, wait, let's just make sure we have enough seats for people who are coming in and out, especially for new employees.",False,True,Hot Desk and Office Usage,False,False,5,5,,True,5.0
1ffac178-0eee-4534-8fac-8babb3831770.json,Voxel Ai + Iron Harbor Fleet Harbor Manufacturing,2023-04-25T21:30:00Z,nonsafety_use_cases,Attendance visibility and office usage analytics,Provide attendance tracking and analytics so managers/leadership can see who comes in and when; acknowledged as useful but not a current requirement.,9,"Like for attendance purposes, do you think leadership needs to have a better understanding of how people are coming into the office? | I don't think so, but that is nice. | So I'm assuming, I'm assuming a lot of the hiring, I'm sorry, the managers would actually like to know when their employees are coming in and out. | And with that, we track attendance and provide analytics. | Do you think leadership would | Want to have those numbers? | No, I don't think they're keeping track of it right now. | And to be transparent, it's included in Workplace. | So you would be able to see those numbers if they were looking.",False,True,Hot Desk and Office Usage,False,False,5,5,,False,5.0
b5715671-0f5a-4f2a-9584-43420ff6ebc4.json,Cedar Field Materials // Voxel (Camera Assessment),2022-02-03T17:00:00Z,safety_use_cases,PPE compliance monitoring in production areas,"Monitor required PPE usage (bump caps, vests, hearing protection, safety glasses, hair/beard nets, safety shoes) in packaging and similar areas.",4,"What about like PPE? | So that would be our bump caps, our safety vests, hearing protection, safety glasses, hair nets, beard nets, all of those. | And the safety shoes. | Yeah, so PPE would do just fine here.",False,False,PPE Compliance Monitoring,False,True,5,4,,False,4.5
b5715671-0f5a-4f2a-9584-43420ff6ebc4.json,Cedar Field Materials // Voxel (Camera Assessment),2022-02-03T17:00:00Z,safety_use_cases,Ergonomic risk detection in packaging/seasoning and bagger film changes,"Identify ergonomic risks such as overreaching and manual handling that can cause strains, including back strain from changing bagger film rolls.",5,"These are some of the new equipment you haven't seen yet. So some cool ergo stuff we'll talk about later. | Yeah, probably a heavy Ergo scene. | Yeah, so there may be some ergonomic risk here in this area. Maybe overreaching. | We had someone get a backstrain first aid, but still notable. | So even though this is a limited view, it might be a learning.",False,False,Ergonomic Risk Detection,False,False,4,3,Label is overly specific about 'packaging/seasoning' and 'bagger film' when evidence only mentions film roll change as one example; ergonomic risk detection is the core use case.,False,3.5
b5715671-0f5a-4f2a-9584-43420ff6ebc4.json,Cedar Field Materials // Voxel (Camera Assessment),2022-02-03T17:00:00Z,safety_use_cases,PIT–pedestrian interaction and near-miss detection (staging/warehouse/tote dumping),"Monitor forklift and pedestrian interactions in staging, warehouse, and tote dumping areas to detect and reduce near misses.",5,"So this is a drive aisle for pit. | So to Cory's point, this is the area where a lot of near misses have been happening, | I would assume you're using powered industrial trucks to move the totes around. | Yeah, so forklift will load the bins of veggies into the dumper to then go down via processing. | Courtney, though, I think this one might be of interest, palletizing 7, so it's where all your forklift pickup occurs.",False,False,PIT-Pedestrian Proximity Monitoring,False,False,5,5,,False,5.0
b5715671-0f5a-4f2a-9584-43420ff6ebc4.json,Cedar Field Materials // Voxel (Camera Assessment),2022-02-03T17:00:00Z,safety_use_cases,Spill detection and liquid hazard monitoring (processing/oil room; note outdoor limitations),Detect and respond to spills in processing and the oil room to reduce slip and contamination hazards; outdoor spill detection at tanker unloading is limited due to rain.,7,"Do we want to track spills as well? Is that something we want to keep an eye on them for? | Definitely in processing. | the oil room would be lifting spills for sure. | right here for the team is where all the bulk oil unloading occurs. | So spill potential is high. | problem with spills is when it rains, it's going to cause a problem. | Yeah, spills outside are tough.",False,False,Spill Detection and Monitoring,False,False,5,5,,False,5.0
b5715671-0f5a-4f2a-9584-43420ff6ebc4.json,Cedar Field Materials // Voxel (Camera Assessment),2022-02-03T17:00:00Z,safety_use_cases,Conveyor misuse/working at heights monitoring,"Detect unsafe behavior such as stepping on or crossing conveyors improperly and working at heights on conveyors, while excluding designated crossovers.",4,"if you like wanted to do something, I don't know, like working at heights where people getting up on top of conveyors, you'd be better, it'd be better soon. | You'd be shocked how people cross conveyors, even when there's a pretty obvious, safe, and rather convenient path. | If no one steps on a conveyor here, you get to do and dash me lunch. So if someone goes over conveyors, I got you. | When we do final scoping, we just got to know where the crossovers are, and we'll make sure to not scope in that area.",False,False,Working at Heights Detection,False,False,5,5,,False,5.0
b5715671-0f5a-4f2a-9584-43420ff6ebc4.json,Cedar Field Materials // Voxel (Camera Assessment),2022-02-03T17:00:00Z,safety_use_cases,Lockout/Tagout (LOTO) compliance in robotic palletizing cells,"Verify that energy isolation protocols are followed when entering robotic palletizing cells, especially during jam clearance.",3,"That area, mean, that robotic palletizing area is of interest to me. | You know, if people are taking the right energy isolation protocols when they're entering into that space. | So the nice piece, all of this, you won't have to do lotto, it's just the robotic cells. So where the actual heads are.",False,False,Lockout/Tagout Compliance Monitoring,False,False,5,5,,False,5.0
b5715671-0f5a-4f2a-9584-43420ff6ebc4.json,Cedar Field Materials // Voxel (Camera Assessment),2022-02-03T17:00:00Z,safety_use_cases,Uncover unknown safety risks across shifts (around the clock),"Use continuous monitoring to identify safety issues that occur on off-shifts (e.g., overnight) that leadership may not see.",2,"So our goal is to know what we don't know today. | what is happening at 4 a.m.. at the plants when Courtney is asleep, right?",False,False,Shift and Time-of-Day Analysis,False,False,5,5,,False,5.0
b5715671-0f5a-4f2a-9584-43420ff6ebc4.json,Cedar Field Materials // Voxel (Camera Assessment),2022-02-03T17:00:00Z,safety_use_cases,Yard/Outside vehicle behavior (idling/speeding),Track outside vehicle behaviors such as idling and speeding to reduce risk in exterior areas.,2,"Is there anything outside that we want to track as well? | Like, and we have great area controls, like, I mean, idling, you know, speeding, you know, stuff.",False,False,Yard and Outdoor Vehicle Monitoring,False,False,5,5,,False,5.0
b5715671-0f5a-4f2a-9584-43420ff6ebc4.json,Cedar Field Materials // Voxel (Camera Assessment),2022-02-03T17:00:00Z,safety_use_cases,Distraction detection (cellphone use),Detect employees using cellphones on the floor as a potential distraction and safety risk.,2,"this guy's on his phone, which is, you know, maybe fine, maybe not, I don't know. Is that something that the cameras could pick up and flag as unsafe if people had something like a phone in their hand, or is that too small or innocuous for it to delineate a phone versus a tool of some sort? | Yeah, it's not something we're natively capturing at the moment,",False,False,Cellphone Distraction Detection,False,False,5,5,,False,5.0
b5715671-0f5a-4f2a-9584-43420ff6ebc4.json,Cedar Field Materials // Voxel (Camera Assessment),2022-02-03T17:00:00Z,nonsafety_use_cases,Pilot KPI tracking and weekly reviews,"Define measures of success for the trial, set KPIs, and hold regular (weekly/bi-weekly) reviews to track trends, compare to other organizations, and surface wins in the data.",4,"what are the measures of success? I would love for you to help me build that. How do we track that on a certain frequency? | How does this compare to other organizations? And helping me find the wins in the data would be helpful. | And typically, probably a weekly meeting is probably the best, right?... But we can set those parameters and KPIs, right? | And then we'll put together, you know, a project plan for you that hits on those milestones and has things and deliverables and measurables that we're targeting and working towards together.",False,False,Pilot and Trial Programs,True,False,5,4,,False,4.5
b5715671-0f5a-4f2a-9584-43420ff6ebc4.json,Cedar Field Materials // Voxel (Camera Assessment),2022-02-03T17:00:00Z,nonsafety_use_cases,Trial validation of detection and workflow integration,"During the trial, validate that Voxel detects the targeted events, that the platform and data workflows fit Cedar Field Materials’s processes, and establish an action plan based on identified opportunities.",3,"It does, Voxel actually pick up the things that we say we're going to, so detection capabilities. | the trends and just getting the data in there, the interoperability with the platform, right? Making sure you like the way it works and that it fits with your workflow. | starting to put a plan in place for taking action on those opportunities for improvement.",False,False,Pilot and Trial Programs,True,False,5,3,"Label is vague - 'trial validation' could be more specific, and bucketing as 'nonsafety_use_cases' seems incorrect since detection capabilities and workflow integration during a trial are standard commercial use, not a use case category.",False,4.0
dd077f4c-3e4b-46aa-9945-d8fd10877195.json,Voxel / Vale Bridge Systems Training,2022-08-29T20:00:00Z,safety_use_cases,PPE: Safety gloves compliance and training,"Create and assign actions around safety glove use, with prescriptive steps such as providing gloves, ensuring accessibility, and training/retraining team members.",3,"Federal Safety Bureau standards and our common interventions that customers take for this use case type, so safety gloves. | could be as simple as provide team members with gloves, train and retrain team, ensure gloves are accessible, whatever the case is. | All right, safety gloves.",True,False,PPE Compliance Monitoring,False,True,5,5,,False,5.0
dd077f4c-3e4b-46aa-9945-d8fd10877195.json,Voxel / Vale Bridge Systems Training,2022-08-29T20:00:00Z,safety_use_cases,No PED zone training and compliance,Use actions to train/retrain teams on no pedestrian zone requirements and track completion to understand impact.,1,"For this example, that action was been, that action was completed and it's a train, retrain team on no PED zone requirements.",True,False,No-Pedestrian Zone Enforcement,False,False,3,4,Evidence mentions training/retraining action and completion but doesn't clearly support the tracking completion or understanding impact aspects of the label,False,3.5
dd077f4c-3e4b-46aa-9945-d8fd10877195.json,Voxel / Vale Bridge Systems Training,2022-08-29T20:00:00Z,safety_use_cases,Action tracking and accountability for safety interventions,"Use the Actions workflow to assign responsible owners, add subscribers, set due dates, notify via email, track status through assigned/in progress/completed, and report on completion and impact on event volumes.",11,"So that's really where actions comes into play, and it's a different way of assigning different video clips to folks to focus on specific coaching efforts, but it also gives you more prescriptive next steps with different suggested titles that we offer. | And then in addition, we do have due dates associated with those particular events. | So what this allows you to do if you're assigning something out to somebody is select yourself or a group of other people. | They'll get email notifications when the status gets changed, when it gets assigned. | Is there a way to run a report to see what's open, what's completed? | So what's been assigned, what's in progress is in the middle. | What's completed is on the right. | And there's a couple of things that I could note as well here on this page because it does give you user-by-user information about how many have been generated, who's completed what, what the average completion time is. | Because I think it'll be key for us to track things and moving forward. | there's a marker in your dashboard that goes over the data so you could see thereafter, like, what impact is this having? | Based on what you guys are doing, based on the platform insights, is that actually having an effect? the events going down in volume over time?",True,False,Action Tracking and Accountability,False,False,5,5,,False,5.0
dd077f4c-3e4b-46aa-9945-d8fd10877195.json,Voxel / Vale Bridge Systems Training,2022-08-29T20:00:00Z,nonsafety_use_cases,Action tracking and accountability for safety interventions,"Use the Actions workflow to assign responsible owners, add subscribers, set due dates, notify via email, track status through assigned/in progress/completed, and report on completion and impact on event volumes.",11,"So that's really where actions comes into play, and it's a different way of assigning different video clips to folks to focus on specific coaching efforts, but it also gives you more prescriptive next steps with different suggested titles that we offer. | And then in addition, we do have due dates associated with those particular events. | So what this allows you to do if you're assigning something out to somebody is select yourself or a group of other people. | They'll get email notifications when the status gets changed, when it gets assigned. | Is there a way to run a report to see what's open, what's completed? | So what's been assigned, what's in progress is in the middle. | What's completed is on the right. | And there's a couple of things that I could note as well here on this page because it does give you user-by-user information about how many have been generated, who's completed what, what the average completion time is. | Because I think it'll be key for us to track things and moving forward. | there's a marker in your dashboard that goes over the data so you could see thereafter, like, what impact is this having? | Based on what you guys are doing, based on the platform insights, is that actually having an effect? the events going down in volume over time?",True,False,Action Tracking and Accountability,False,False,5,2,Label describes a core safety workflow feature but is incorrectly bucketed as 'nonsafety_use_cases' when it directly enables safety interventions and coaching,False,3.5
765f10aa-97d9-45e4-a35d-6773e525bc2e.json,Forge Axis Solutions / Voxel Monthly Sync,2022-06-24T17:00:00Z,safety_use_cases,Tune no-pedestrian zone detection to focus on real pedestrian/forklift risks,Resize and relocate no-ped regions so shipping prep doesn’t generate excessive alerts while still flagging pedestrians walking in forklift aisles.,6,"But Parker, I'll start by kicking things over to you just to talk about some things you wanted to raise about no-ped zone. | But if I hit the three dots and then I go to the active regions, I'm specifically looking at no-ped and this is where you're getting dinged is right here when you prep that pallet and when you prep the pallet down here. | Yeah, I would say if we move that area and kind of cut it in half. | because they really shouldn't be walking in the forklift aisle all the way to the right against that barrier. | So I will save and submit this and it'll go live this afternoon. | I just figured we get that no pedestrian fixed, and now you can start focusing on the real risk.",True,False,No-Pedestrian Zone Enforcement,False,False,5,5,,False,5.0
765f10aa-97d9-45e4-a35d-6773e525bc2e.json,Forge Axis Solutions / Voxel Monthly Sync,2022-06-24T17:00:00Z,safety_use_cases,Reduce aisle obstacles/obstructions based on Voxel alerts,"Use alerts to identify and remove racks/obstructions from aisleways, replicating improvements from East Prime to West Prime.",3,"we kept saying, hey, we're getting dinged for obstacles and obstructions. | We stopped putting racks there. | I'm like, yes, but now we've to do it on West Prime as well.",True,False,Obstruction and Egress Monitoring,False,False,5,5,,False,5.0
765f10aa-97d9-45e4-a35d-6773e525bc2e.json,Forge Axis Solutions / Voxel Monthly Sync,2022-06-24T17:00:00Z,safety_use_cases,Monitor and mitigate ergonomic risks (overreaching/improper bend),"Track overreaching and improper bending, identify parts/processes that cause spikes, and target interventions accordingly.",4,"So overreaching down 5-10%, improper bend 10-15%, obstruction 5-10%, safety vest 5-10%, a slight dip up in parking duration, though that's nothing that would concern me. | It's all more of a constant effort, especially with overreaching. | But if we just jump up and use this one part for a few days, and that's all of our overreaching incidents, we're like, oh, crap. | And so we have used that quite a bit.",True,False,Ergonomic Risk Detection,False,False,5,5,,False,5.0
765f10aa-97d9-45e4-a35d-6773e525bc2e.json,Forge Axis Solutions / Voxel Monthly Sync,2022-06-24T17:00:00Z,safety_use_cases,Encourage pop-up conveyor use at 497 unload to reduce manual handling,Promote the installed pop-up conveyor at the 497 unload area to cut overreaching/manual handling despite worker resistance to changing long-standing habits.,2,"But the 497 unload, we're still trying to get them to use the pop-up conveyor that we installed. | But they're like, well, I haven't, I've done this for several years this way. Why would I change it?",True,False,Conveyor Safety Monitoring,False,False,5,4,,False,4.5
765f10aa-97d9-45e4-a35d-6773e525bc2e.json,Forge Axis Solutions / Voxel Monthly Sync,2022-06-24T17:00:00Z,safety_use_cases,Monitor safety vest PPE compliance and manage seasonal impacts,Track safety vest usage and prepare for potential compliance/detection issues as temperatures drop and jackets are worn.,4,"safety vest 5-10% | Safety vests, I mean, that's just, I'm hoping it stays on a downward trend, but I just sent something out today because the temperatures are actually dropping. | So it'll be interesting to see if people start to wear jackets again and do all that stuff. | So I'm hoping it stays pretty neutral, but I'm scared that one might spike going a little bit forward.",True,False,PPE Compliance Monitoring,False,True,5,5,,False,5.0
765f10aa-97d9-45e4-a35d-6773e525bc2e.json,Forge Axis Solutions / Voxel Monthly Sync,2022-06-24T17:00:00Z,safety_use_cases,Plan for new thin hi-viz PPE and adjust detection accordingly,Evaluate moving to a PPE garment with a thin hi-viz stripe that may not be reliably detected and coordinate disabling or retraining detection as needed.,4,"I think Pat was involved about a possible new PPE garment with kind of a thinner stripe of HiViz. | And so if we did end up going to that, we would probably remove HiViz off of some of it because I don't believe Voxel can fully capture it. | And mean, it is maybe like a three inch stripe, so that wouldn't, it's not anything on you guys. | I could always see also with our perception team if there is a possibility of like training the AI to maybe pick up that small of a surface.",True,False,PPE Compliance Monitoring,False,True,5,5,,False,5.0
765f10aa-97d9-45e4-a35d-6773e525bc2e.json,Forge Axis Solutions / Voxel Monthly Sync,2022-06-24T17:00:00Z,safety_use_cases,Use Actions workflow to assign and track safety interventions,Leverage the Actions workflow to assign follow-ups and measure the impact of interventions via automatic markers in reports.,4,"Now, since we spoke last, that has been rolled out fully to all of our customers. | I have not been able to assign as many actions because I've been like, okay, what's the high risk today? | once you guys actually complete an action, the good part about this process is it actually automatically inserts a marker in your data in the platform. | what did I do? When did I do it? And what effect is it having?",True,False,Actions Workflow and Coaching,False,False,5,5,,False,5.0
765f10aa-97d9-45e4-a35d-6773e525bc2e.json,Forge Axis Solutions / Voxel Monthly Sync,2022-06-24T17:00:00Z,nonsafety_use_cases,Tune no-pedestrian zone detection to reduce alert noise,Adjust camera regions to remove noise from routine shipping prep so users can more efficiently review incidents and prioritize meaningful events.,4,"But if I hit the three dots and then I go to the active regions, I'm specifically looking at no-ped and this is where you're getting dinged is right here when you prep that pallet and when you prep the pallet down here. | Would you like to keep it? Or do you want us to remove the noise and narrow that scope? | So I will save and submit this and it'll go live this afternoon. | I just figured we get that no pedestrian fixed, and now you can start focusing on the real risk.",True,False,Restricted Area and Access Control,False,False,5,3,"Label categorized as 'nonsafety_use_cases' but tuning no-pedestrian zone detection is inherently safety-related (preventing pedestrians in dangerous areas), even if goal is noise reduction",False,4.0
765f10aa-97d9-45e4-a35d-6773e525bc2e.json,Forge Axis Solutions / Voxel Monthly Sync,2022-06-24T17:00:00Z,nonsafety_use_cases,Exclude planned events from analytics to avoid skewed metrics,Hide or remove timeframes for fire drills or family days so unusual pedestrian traffic and PPE exceptions don’t inflate incident counts.,5,"And I will say if we do get a spike right now, which we shouldn't, but we're doing our fire drills this week. | That's something we can hide. | Like if you want to select a particular time frame, we can actually remove that information because it's not contributing to your overall efforts for safety. | It's definitely for those instances where some customers come to me and are like, hey, we have families on site today. | You know, there's not going to be safety vests.",True,False,Maintenance Window Management,False,False,5,4,,False,4.5
765f10aa-97d9-45e4-a35d-6773e525bc2e.json,Forge Axis Solutions / Voxel Monthly Sync,2022-06-24T17:00:00Z,nonsafety_use_cases,Use Actions workflow to manage corrective actions and track impact,Adopt the Actions workflow to assign actions and visualize their impact via report markers that show changes in incident trends.,4,"Now, since we spoke last, that has been rolled out fully to all of our customers. | I have not been able to assign as many actions because I've been like, okay, what's the high risk today? | once you guys actually complete an action, the good part about this process is it actually automatically inserts a marker in your data in the platform. | So are we trending down? Are we staying the same? Are we going up?",True,False,Action Tracking and Accountability,False,False,4,2,"Bucketed as 'nonsafety_use_cases' but the use case describes managing corrective actions for incidents and tracking their impact on trends, which is core to safety workflows.",False,3.0
e1348b58-5121-4bba-8f64-a352b6e11086.json,Riley Winslow - Atlas Signal Materials,2023-07-24T16:00:00Z,safety_use_cases,Housekeeping and egress obstruction monitoring,"Detect and alert on goods placed in the wrong area, pallets left in drive aisles, and blocked fire extinguishers/electrical panels/emergency exits, with configurable time thresholds.",4,"Like maybe you have goods that are placed in the wrong area, like you don't want to choke off a pedestrian pathway or a powered industrial truck pathway, or maybe somebody leaves a pallet in the middle of one of your drive aisles, and that's all time adjustable, you know. | So you don't care if it's there for a minute or two because they're working off that pallet. | But if it gets left there for a couple hours or tens of minutes, you want to know. | Same thing for like blocking your fire extinguishers, your electrical panels, you know, your emergency exits or egress areas.",False,False,Obstruction and Egress Monitoring,False,False,5,5,,False,5.0
e1348b58-5121-4bba-8f64-a352b6e11086.json,Riley Winslow - Atlas Signal Materials,2023-07-24T16:00:00Z,safety_use_cases,Working under suspended loads detection,"Identify and alert when people are working under suspended loads (e.g., under grapplers) to mitigate critical risks.",2,So one of them being like working under suspended loads. | So big concern for them anytime somebody gets under one of those grapplers.,False,False,Suspended Load Hazard Detection,False,False,5,5,,False,5.0
e1348b58-5121-4bba-8f64-a352b6e11086.json,Riley Winslow - Atlas Signal Materials,2023-07-24T16:00:00Z,safety_use_cases,Working at heights/climbing racks detection,Detect individuals climbing into storage racks to prevent falls and enforce safe work-at-heights practices.,2,Another one that we did that you would be able to take advantage of out of the gate would be working at heights. | So people climbing up and into those racks,False,False,Working at Heights Detection,False,False,5,5,,False,5.0
e1348b58-5121-4bba-8f64-a352b6e11086.json,Riley Winslow - Atlas Signal Materials,2023-07-24T16:00:00Z,safety_use_cases,Ergonomic risk assessment via cameras,Use appropriately angled camera views to analyze worker ergonomics and flag risky postures or motions.,3,"So like, if you think about like directly overhead, and if I was looking down on somebody and you wanted to look at them from an ergonomic perspective, it's a little bit more difficult. | It's not impossible, it's a little more difficult because it's truly a 2D view. | But if you add any angulation to that whatsoever, the ergonomic models pick right up",False,False,Ergonomic Risk Detection,False,False,5,5,,False,5.0
e1348b58-5121-4bba-8f64-a352b6e11086.json,Riley Winslow - Atlas Signal Materials,2023-07-24T16:00:00Z,safety_use_cases,Unwrapped pallet/shrink-wrap tails (“kigtails”) detection in racks,Atlas Signal Materials asked about detecting unwrapped pallets or torn shrink wrap in reserves/top stock and receiving alerts when these conditions are present.,7,"Just as an example, in our racks, the equipment operators that leave circumstances in those racks that are less than ideal, unwrapped pallets of rotors, things like that. | Does this technology identify circumstance as well as behavior? | here's an area of our reserves, a.k.a. top stock, that is what we refer to as kigtails, right? | It's the torn shrink wrap blowing in the wind. | Is that something that if we said, hey, take the next several months to develop it so that it captures this and send us an alert that this is an unwrapped pallet? | The example that you identified there isn't necessarily something that we're currently supporting, but really when it comes to computer vision, mean, the sky's the limit in terms of what you want to be able to identify. | You just have to be able to train the model on.",False,False,Unwrapped pallet/shrink-wrap tails (“kigtails”) detection in racks,False,False,5,5,,False,5.0
e1348b58-5121-4bba-8f64-a352b6e11086.json,Riley Winslow - Atlas Signal Materials,2023-07-24T16:00:00Z,nonsafety_use_cases,Operational anomaly detection,Identify operational anomalies using camera-based monitoring as an operationally focused use case that can scale broadly across sites.,3,"because it's more of an operationally focused use case and something that's less safety focused, we think that we. | We can expand this more broadly across sites rather than doing it only in a few places at a time. | And that example for them was doing something a bit outside our usual scope, which was identifying operational anomalies with camera-based monitoring.",False,False,Equipment Condition Monitoring,False,False,5,4,,False,4.5
1ceceac2-19cc-44fe-98b7-0d94a06160d6.json,Harbor Harbor Supply // Voxel,2023-05-06T17:00:00Z,safety_use_cases,Slip and fall prevention via spill detection and timely notifications,"Detect liquid spills across sales floor aisles and back-of-house, then notify and auto-assign cleanup to reduce employee and customer slip-and-fall incidents. Can support platform notifications, with additional delivery options discussed.",5,"Oh man, what keeps me up at night is our slips and falls. | I want to say a large share of our incident costs and claims come from slips and falls. | So liquid spills, it will pull into, and this is going right into the platform, and it will notify you. | There are platform notifications available, with other delivery options discussed. | For example, if there is a spill in an aisle, I can auto-assign it so the right people are made aware quickly and can go address it.",False,False,Spill Detection and Monitoring,False,False,5,5,,False,5.0
1ceceac2-19cc-44fe-98b7-0d94a06160d6.json,Harbor Harbor Supply // Voxel,2023-05-06T17:00:00Z,safety_use_cases,Ergonomics monitoring for strains and sprains (Posture Risk Index) with corrective actions,"Monitor ergonomic risks like overreaching and bending using Posture Risk Index scoring to identify high-risk tasks and times, then drive training or engineering controls (e.g., raising work height) to reduce strains and sprains, including heavy box handling in fresh/meat departments.",3,"So we use Posture Risk Index, rapid body assessment. | So what you can do from that is behavioral or procedural, right? ... Or procedural is engineer it out, right? This is too low. Maybe we put it on a pallet or put it on something that's a little bit higher. | An aging workforce, especially in like the fresh departments where, I mean our meat department especially, you can have some of those boxes that go up to like 80, a heavy load, and these guys are expected to see, you know, take them off pallets and slim limits.",False,False,Ergonomic Risk Detection,False,False,5,5,,False,5.0
1ceceac2-19cc-44fe-98b7-0d94a06160d6.json,Harbor Harbor Supply // Voxel,2023-05-06T17:00:00Z,safety_use_cases,Forklift/PIT safety: proximity and collision monitoring to prevent struck-by incidents,Track PIT-to-PIT and PIT-to-pedestrian proximity and detect unsafe forklift behaviors and collisions to prevent struck-by incidents and property damage in back-of-store areas.,3,"Then like forklifts. I don't know if you guys use forklift. That's another thing like pit to pit or pit to pet. Like how close are they coming into each other? The machinery, how close are they getting close to your workers? | the forklift incidents, when we do have them, they're usually, like, you know, forklift ran into a stack, which then, you know, caused a box to fall and struck by incidents would probably be the third highest, um, reportable. | They're like dinging. They don't wait for the door to go up or down, right? They're not stopping.",False,False,PIT-Pedestrian Proximity Monitoring,False,False,5,5,,False,5.0
1ceceac2-19cc-44fe-98b7-0d94a06160d6.json,Harbor Harbor Supply // Voxel,2023-05-06T17:00:00Z,safety_use_cases,PPE compliance monitoring in parking lots (safety vests and other PPE),"Detect associates in parking lots without required high-visibility safety vests by distinguishing employees (e.g., red uniform shirts) from customers, and monitor other PPE like hard hats, bump caps, and gloves as needed.",3,"I see safety vests there. So the one place that would be applicable for us is on the parking lot. If we have associates out there, we require them to wear a safety vest when they're out there. | But how would the camera or the AI distinguish a customer from an associate? | That's probably the easiest way is to identify, hey, this person's wearing red. A person's wearing red with a vest. A person's wearing red without a vest, right? And then flag that, right? And it's all PPE, hard hats, bump caps, gloves.",False,False,PPE Compliance Monitoring,False,True,5,5,,False,5.0
1ceceac2-19cc-44fe-98b7-0d94a06160d6.json,Harbor Harbor Supply // Voxel,2023-05-06T17:00:00Z,safety_use_cases,"Back-of-store obstruction, fire-exit clearance, and no-idling/no-parking monitoring","Monitor exterior and back-of-store areas to flag vehicles dwelling or parked where prohibited, detect obstructions, and ensure fire safety exits and pathways remain clear.",1,"This is like outside. So this is actually at a port. But just like you talked about, cameras facing at parking lots, we can do this at the back of the stores as well. People do like no pad or no idling. So to make sure like no cars are standing there, no trucks are standing there for too long of a time, no obstructions, right? So to make sure no fire safety exits are being blocked, you know, boxes are not just just randomly a strew all over the place.",False,False,Obstruction and Egress Monitoring,False,False,5,5,,False,5.0
1ceceac2-19cc-44fe-98b7-0d94a06160d6.json,Harbor Harbor Supply // Voxel,2023-05-06T17:00:00Z,safety_use_cases,Detect prohibited e-bikes/e-scooters indoors to mitigate lithium battery fire risk,"Identify e-bikes or e-scooters stored inside back rooms or sales areas against policy, using zone/object rules to flag and remove them due to lithium-ion spontaneous combustion risk.",3,"One of the things that we just put in the place that I'm sorry is a policy against e-bikes and e-scooters in the building. So that's something the platform can pick up like, hey, there's an e-bike in the back room or this person storing an e-bike in the store. | Well, I wonder if we can put that under like a no-ped zone. So if we want to analyze something that can't be stored, or is it typically people put bikes in a place? ... we could probably use notepad for that, and that will analyze, you know, an item, right, that's not supposed to be, there are no obstruction, and it'd be like, okay, someone brought their e-bike or their scooter... | there's a concern about, you know, those lithium-ion batteries, spontaneous combustion.",False,False,E-Bike and Battery Fire Risk,False,False,5,5,,False,5.0
1ceceac2-19cc-44fe-98b7-0d94a06160d6.json,Harbor Harbor Supply // Voxel,2023-05-06T17:00:00Z,nonsafety_use_cases,Reduce shrink by detecting product damage from PIT impacts,Identify forklift collisions and near-misses that nick or damage product to address causes of shrink and product loss.,1,"Or they nick like a product, and that can also impact shrink. So that could be something that we can track as well.",False,False,Product Damage and Shrink Reduction,False,False,3,3,Evidence mentions 'nick a product' impacting shrink but doesn't explicitly mention PIT (powered industrial truck) or specify forklifts; label extrapolates collision/near-miss detection beyond what's directly stated,False,3.0
